"FCmean","FCH4mean","Date","Down_SW_Rad_Grid","Mean_temp_Grid","Precip_Grid","WL","WT","Salinity","VPD_Grid","FCH4_filled","FC_filled"
NA,22.1089017857143,2020-01-01,94.7,15.55,0.864,0.330714285714286,15.1153846153846,14.9,0.71,22.1089017857143,-0.450491987797249
NA,NA,2020-01-02,105.7,20.8,9.984,0.952083333333333,18.0016666666667,14.37375,0.59,21.9216272008348,0.0271068587425169
NA,NA,2020-01-03,67.5,15.75,13.152,0.802916666666667,18.32125,12.935,0.16,32.622338407699,0.892580868835371
NA,NA,2020-01-04,167.2,12.4,0,0.436666666666667,16.7588888888889,11.9155555555556,0.5,18.2517268952892,-0.93993399422517
NA,NA,2020-01-05,173.2,12.3,0,0.334444444444444,16.3877777777778,12.6988888888889,0.71,26.7048499282766,-1.0714150311688
NA,NA,2020-01-06,151.3,15,0,0.496153846153846,17.8423076923077,12.4776923076923,0.66,19.7696482721476,-0.960664403283198
NA,NA,2020-01-07,157.6,12.6,0,0.341,16.666,12.074,0.57,24.5434285771601,-0.759151761706738
NA,NA,2020-01-08,176.5,12.65,0,0.609,16.5877777777778,11.2511111111111,0.58,16.3138564771133,-1.03846806698215
NA,NA,2020-01-09,150.7,18.45,0,0.74,16.8816666666667,10.7538888888889,0.63,34.115389268906,-0.840529979090143
NA,NA,2020-01-10,100.2,21.85,4.176,0.95125,18.7958333333333,10.3170833333333,0.86,17.5794271031606,-0.400806400244057
NA,NA,2020-01-11,85.4,17.35,14.304,1.49291666666667,18.1620833333333,11.6541666666667,0.45,17.3335618943235,-0.205840431556062
0.336407888888889,NA,2020-01-12,120.7,14.3,0,0.825238095238095,16.877,11.1175,0.25,30.8049059947155,0.336407888888889
0.874955069767442,NA,2020-01-13,107,19.6,0.672,0.719166666666667,19.3891666666667,11.4820833333333,0.56,17.9345979476256,0.874955069767442
1.22384138297872,NA,2020-01-14,157.9,22.55,0,0.6775,21.811,11.5745,0.88,20.9732848938875,1.22384138297872
-0.911331146341463,NA,2020-01-15,166.7,22.2,0,0.6975,23.795,11.5579166666667,0.85,18.3785369905982,-0.911331146341463
0.767815708333333,NA,2020-01-16,164.5,20.45,0,0.5325,24.0770833333333,11.54875,0.7,18.2588176720011,0.767815708333333
0.361121586956522,NA,2020-01-17,161.2,18.95,0.288,0.492916666666667,19.48375,11.4866666666667,0.63,25.1182852311821,0.361121586956522
0.297902958333333,NA,2020-01-18,112,19.8,0.864,0.972916666666667,20.5591666666667,11.30625,0.61,19.0103527792206,0.297902958333333
-0.135849065217391,NA,2020-01-19,165.2,10.25,0,0.302142857142857,17.3516666666667,11.6291666666667,0.35,31.9059724947331,-0.135849065217391
-1.38610542553191,35.0630764864865,2020-01-20,188.3,7.1,0,0.274285714285714,11.8242857142857,10.8214285714286,0.46,35.0630764864865,-1.38610542553191
-1.37704647916667,NA,2020-01-21,174.7,6.65,0,0.473333333333333,11.6,10.45,0.38,26.6505274146053,-1.37704647916667
-0.918460166666667,NA,2020-01-22,127.6,9.45,0,0.544285714285714,11.1933333333333,9.875,0.34,24.2849468050349,-0.918460166666667
0.184657942105263,NA,2020-01-23,84.1,14.75,6.72,0.771904761904762,11.9966666666667,9.46619047619048,0.36,20.1695603747801,0.184657942105263
-0.802632085106383,NA,2020-01-24,191.5,12.3,0,0.649,14.9076470588235,9.20647058823529,0.6,20.3080044601505,-0.802632085106383
-1.52013972608696,NA,2020-01-25,189.7,11.7,1.584,0.586875,15.456875,9.513125,0.63,21.9362113571764,-1.52013972608696
NA,NA,2020-01-26,74.6,12.25,8.304,0.66125,14.4217391304348,9.49173913043478,0.16,23.6396672340469,-0.342109531727473
0.422105267391304,NA,2020-01-27,185.7,11.75,0,0.627272727272727,13.8571428571429,9.27666666666667,0.18,21.7037678955269,0.422105267391304
-1.33073952173913,NA,2020-01-28,192.2,14.3,2.976,0.739583333333333,15.2516666666667,9.59333333333333,0.5,12.7007843611754,-1.33073952173913
-3.93453283783784,NA,2020-01-29,148.8,14.1,0.144,0.908333333333333,15.8466666666667,10.5075,0.38,21.2679548877007,-3.93453283783784
NA,NA,2020-01-30,159.3,12.85,0.288,0.457083333333333,14.3854166666667,10.70125,0.29,21.6306124245482,-0.396118355134951
NA,11.140765,2020-01-31,84.2,12.2,1.296,0.48,14.7491666666667,10.5575,0.2,11.140765,-0.18441184189567
-1.29165254347826,16.757,2020-02-01,184.8,11.45,0,0.0566666666666667,13.27,9.86,0.48,16.757,-1.29165254347826
-0.62176870212766,10.9140982857143,2020-02-02,198.9,14.85,0,0.44,17.2423076923077,11.13,0.8,10.9140982857143,-0.62176870212766
-0.82988589375,NA,2020-02-03,187.1,17.45,0,0.55875,18.7146666666667,10.5493333333333,0.6,17.6725267388357,-0.82988589375
-0.287642875,NA,2020-02-04,128.9,20.6,1.2,0.7835,18.4695,9.564,0.59,16.4225117061822,-0.287642875
-1.11252923863636,NA,2020-02-05,126.2,18,1.152,0.975,18.1066666666667,8.67375,0.15,20.7091298307681,-1.11252923863636
NA,NA,2020-02-06,95.3,9.55,6.048,0.840833333333333,16.2183333333333,8.01458333333333,0,25.6393443764825,-0.62743705396388
-0.758185674418605,24.8948355581395,2020-02-07,210.4,10.3,0,0.616363636363636,14.6090909090909,8.12272727272727,0.6,24.8948355581395,-0.758185674418605
-0.834520186046512,NA,2020-02-08,177.4,17.15,0,0.461111111111111,17.8792307692308,8.20538461538461,0.77,19.1131368915399,-0.834520186046512
-1.38528241463415,NA,2020-02-09,160.6,18.65,0,0.611904761904762,18.8552941176471,7.61882352941176,0.62,21.6464453093162,-1.38528241463415
-0.887543418604651,NA,2020-02-10,169.1,22.05,0,1.01666666666667,19.2004166666667,7.01958333333333,0.81,17.5985877654242,-0.887543418604651
0.386673853658537,NA,2020-02-11,191.6,23.05,0.24,0.821666666666667,21.3991666666667,7.07666666666667,0.97,23.9683158195046,0.386673853658537
-9.12045152777778,NA,2020-02-12,172,20.3,6.816,0.902083333333333,23.0020833333333,7.19375,0.6,19.9102205625975,-9.12045152777778
-3.12385092857143,NA,2020-02-13,100,12.2,0,0.663125,21.408,6.9,0.18,23.3447507376522,-3.12385092857143
-2.12388641666667,NA,2020-02-14,214.5,11.6,0,0.0495,17.32,6.27,0.57,31.0925772815647,-2.12388641666667
-1.3928534375,NA,2020-02-15,142.1,14.75,5.136,0.489583333333333,15.346875,7.449375,0.55,22.2369878328719,-1.3928534375
NA,NA,2020-02-16,105,16.25,3.264,0.639166666666667,16.86625,7.18791666666667,0.32,31.4775148826183,-1.32544135137491
-0.597542829545455,NA,2020-02-17,178.3,17.35,0,0.861,17.676,6.6245,0.46,18.8510209361614,-0.597542829545455
-0.0912234523809524,NA,2020-02-18,186.3,22.15,0.816,0.820416666666667,19.7504166666667,6.64625,0.83,24.9042660542624,-0.0912234523809524
0.325084609756097,NA,2020-02-19,205.8,19.75,0.864,0.604761904761905,21.1871428571429,6.77238095238095,0.59,23.0693230782659,0.325084609756097
NA,NA,2020-02-20,56.4,12.25,5.136,0.317857142857143,19.3257142857143,6.89785714285714,0.11,28.4969244012668,-1.04515508360516
-3.138964925,NA,2020-02-21,223.6,8.6,0,0.112857142857143,12.9875,6.905,0.42,37.3265398092313,-3.138964925
-2.44539977708333,NA,2020-02-22,227.9,10.6,0,0.29,14.8216666666667,6.7025,0.52,30.7097935112886,-2.44539977708333
-2.89762302222222,NA,2020-02-23,203.8,14.75,0,0.503,17.5542105263158,6.66368421052632,0.61,20.4957218225887,-2.89762302222222
-1.59205531282051,NA,2020-02-24,174.5,18.75,0.768,0.783333333333333,18.04125,6.29041666666667,0.52,28.3897617215993,-1.59205531282051
3.04842882093023,NA,2020-02-25,156,15.55,0,0.803333333333333,18.1933333333333,6.0325,0.31,31.2808761099908,3.04842882093023
-2.32441087234043,NA,2020-02-26,205.4,10.7,0,0.57,16.9584615384615,6.13384615384615,0.41,37.2012946728549,-2.32441087234043
-2.8878369673913,NA,2020-02-27,196.9,7.85,0,0.162222222222222,17.2757142857143,6.90571428571429,0.45,27.6785562945166,-2.8878369673913
-2.18327061702128,NA,2020-02-28,247.3,11.5,0,0.126315789473684,16.52,6.77333333333333,0.71,25.7899696380101,-2.18327061702128
-2.1464485325,NA,2020-02-29,240.3,13.7,0,0.178636363636364,17.7616666666667,6.75583333333333,0.75,22.0911124046568,-2.1464485325
-2.7212100212766,NA,2020-03-01,229.9,15.55,0,0.626521739130435,16.1180952380952,6.56190476190476,0.45,43.3855242095753,-2.7212100212766
-1.701389,NA,2020-03-02,219.3,20.85,0,0.992083333333333,18.255,6.38291666666667,0.7,29.270889049589,-1.701389
-2.16563995744681,NA,2020-03-03,235.7,21.9,0,0.919583333333333,19.8033333333333,6.225,0.74,28.4274844874003,-2.16563995744681
-1.14849558333333,NA,2020-03-04,222.1,20.35,0.528,1.14125,20.7475,6.21625,0.51,32.9852687224994,-1.14849558333333
-1.07079319444444,NA,2020-03-05,207.9,15.45,0,0.560833333333333,18.7891666666667,6.38583333333333,0.31,36.1970845402605,-1.07079319444444
-2.823993375,6.70816739130435,2020-03-06,266.5,15.15,0,0.250952380952381,19.5036363636364,6.99818181818182,0.87,6.70816739130435,-2.823993375
-2.35825346808511,14.4685136136364,2020-03-07,260,13.05,0,0.305909090909091,17.5009090909091,6.49090909090909,0.61,14.4685136136364,-2.35825346808511
-3.27077934782609,13.1171616315789,2020-03-08,225.3,16,0,0.424285714285714,19.9093333333333,6.482,0.6,13.1171616315789,-3.27077934782609
-3.18810276086957,6.22691587878788,2020-03-09,174.1,20.3,0.144,0.818333333333333,20.09375,6.50083333333333,0.69,6.22691587878788,-3.18810276086957
-1.4739141804878,14.3787236,2020-03-10,173.6,20.2,0.288,0.69,20.5733333333333,6.69833333333333,0.58,14.3787236,-1.4739141804878
-1.37733317391304,NA,2020-03-11,223.9,20.75,0,0.64,22.6379166666667,6.82458333333333,0.68,19.3668328023354,-1.37733317391304
-2.00756765416667,15.1540204583333,2020-03-12,264,21.45,0,0.9175,23.2191666666667,6.8175,0.75,15.1540204583333,-2.00756765416667
-2.36722619148936,9.11274296296296,2020-03-13,251.2,22.15,0,0.82875,23.2070833333333,6.95791666666667,0.79,9.11274296296296,-2.36722619148936
-2.04782160465116,NA,2020-03-14,258.1,22.05,0,0.655833333333333,23.4683333333333,7.1275,0.91,19.9772400688962,-2.04782160465116
-1.68053684090909,13.6099143,2020-03-15,261.6,21.55,0,0.532083333333333,23.53,7.28125,0.97,13.6099143,-1.68053684090909
-1.87906082222222,18.2273871944444,2020-03-16,271.7,21.3,0,0.781578947368421,24.0836842105263,7.39578947368421,0.85,18.2273871944444,-1.87906082222222
-1.76568410416667,17.3676650810811,2020-03-17,203.3,22.05,0,0.706086956521739,24.5686956521739,7.58521739130435,0.77,17.3676650810811,-1.76568410416667
-2.223846875,NA,2020-03-18,271,23.05,0,0.887916666666667,24.4958333333333,7.72666666666667,0.81,15.618463282813,-2.223846875
-2.81489835416667,NA,2020-03-19,268.8,23.7,0,1.08958333333333,24.9229166666667,7.73416666666667,0.85,19.0639695813925,-2.81489835416667
-2.0072806875,NA,2020-03-20,259.8,23.45,0.192,0.945,25.6670833333333,7.78416666666667,0.8,22.0455415204051,-2.0072806875
NA,NA,2020-03-21,131.6,21.15,4.08,0.418,23.929,7.755,0.54,23.5937023351101,-1.3163691010823
-1.91154459574468,NA,2020-03-22,253.9,22.2,0,0.517,24.9245,7.835,0.69,17.8887246620926,-1.91154459574468
-1.90260003125,NA,2020-03-23,270.7,24.75,0,0.706666666666667,26.69375,7.95458333333333,1.15,37.3711737214091,-1.90260003125
-2.94027514583333,NA,2020-03-24,268.5,24.8,0,0.938333333333333,26.3791666666667,7.93791666666667,1.08,31.8129615394876,-2.94027514583333
-2.80201446808511,NA,2020-03-25,269.8,24.15,0,0.715,26.8129166666667,8.01,0.94,23.626870142858,-2.80201446808511
-2.20034736170213,NA,2020-03-26,286.7,24,0,0.651666666666667,27.18875,8.11875,0.95,33.3488158798984,-2.20034736170213
-3.07568979166667,NA,2020-03-27,289.4,26.05,0,1.07833333333333,26.1979166666667,7.9675,1.23,43.74212363969,-3.07568979166667
-2.62064497916667,NA,2020-03-28,288,25.9,0,1.32125,26.2041666666667,7.7,1.13,40.7125357411836,-2.62064497916667
-2.11147185106383,NA,2020-03-29,280.9,25,0,0.9125,26.6929166666667,7.67,1.11,43.2572461345393,-2.11147185106383
-2.86017804347826,NA,2020-03-30,283.8,24.85,0,0.870833333333333,25.8375,7.37541666666667,1.06,31.6984034570065,-2.86017804347826
-2.42097021276596,NA,2020-03-31,217.4,21.15,0.192,0.88,24.7504545454545,7.25590909090909,0.75,20.7783395501562,-2.42097021276596
-3.02398784468085,NA,2020-04-01,304.8,17.05,0,0.756666666666667,21.81,7.362,0.84,15.4112577872706,-3.02398784468085
-3.88076954347826,NA,2020-04-02,274.4,19.5,0,0.7975,22.089,7.061,0.92,13.6728675709254,-3.88076954347826
NA,NA,2020-04-03,257.4,21,0,0.768095238095238,22.387619047619,7.10333333333333,0.96,16.5548719052799,-3.18766597192326
NA,NA,2020-04-04,173.6,20.15,7.248,0.674583333333333,21.5316666666667,7.1325,0.59,21.9846465808551,-2.45088021606513
-2.02893268292683,NA,2020-04-05,160.3,20.9,0,0.78375,21.8708333333333,6.96208333333333,0.72,16.7641117984817,-2.02893268292683
-4.49624693181818,NA,2020-04-06,228.7,22.6,0,0.881666666666667,23.9058333333333,7.00833333333333,0.74,15.6803745958006,-4.49624693181818
-3.3609499375,NA,2020-04-07,231.1,24.95,0,1.08666666666667,25.42375,7.03916666666667,0.92,27.3105719779979,-3.3609499375
-1.77506172916667,NA,2020-04-08,294.8,26.35,0,1.05583333333333,26.2670833333333,7.01625,1.1,64.3417760872835,-1.77506172916667
-2.95175197916667,NA,2020-04-09,292,25.45,1.296,0.950833333333333,26.2045833333333,7.07458333333333,1,40.7246912117259,-2.95175197916667
-2.26743604166667,6.82483178571429,2020-04-10,212.6,20.5,0,0.660869565217391,23.2721739130435,7.14739130434783,0.94,6.82483178571429,-2.26743604166667
-2.76457510416667,NA,2020-04-11,298.2,21.3,0,1.08136363636364,21.3131818181818,6.94909090909091,0.89,16.5488161804597,-2.76457510416667
0.428815857142857,NA,2020-04-12,175.8,23.2,0,2.07625,23.0720833333333,7.13458333333333,0.52,16.2965202539893,0.428815857142857
-3.12687239130435,NA,2020-04-13,310.9,21.7,0,1.28083333333333,25.0116666666667,7.34875,0.83,17.8402847218738,-3.12687239130435
-2.98103868888889,NA,2020-04-14,298.2,17.75,0,0.664090909090909,21.6463636363636,7.30409090909091,0.31,22.4663718205224,-2.98103868888889
-4.10439027708333,NA,2020-04-15,292.8,16.45,0,0.663571428571429,21.0069230769231,7.57923076923077,0.76,22.1341152448175,-4.10439027708333
-3.16678357446809,NA,2020-04-16,327.6,18.85,0,0.784166666666667,18.8652173913043,7.51130434782609,1.03,17.8383163549385,-3.16678357446809
-4.31940244444444,NA,2020-04-17,276,23.2,0.432,1.0475,21.2116666666667,7.45708333333333,0.85,22.5273258438774,-4.31940244444444
NA,NA,2020-04-18,212.7,22.95,3.312,0.944583333333333,22.9133333333333,7.4425,0.54,20.1930555831519,-1.26274401312474
-0.836273073170732,NA,2020-04-19,239.5,22.9,2.592,1.60666666666667,22.8875,7.41541666666667,0.47,23.4283811750395,-0.836273073170732
-3.80715217391304,NA,2020-04-20,320.4,21.4,0,0.967083333333333,24.9545833333333,7.45375,0.77,17.4537482935915,-3.80715217391304
-3.80483927659574,NA,2020-04-21,323.3,23.05,0,0.835416666666667,26.6829166666667,7.53541666666667,1.08,29.9019664642338,-3.80483927659574
-4.01725945833333,NA,2020-04-22,304.3,24.1,0,1.31625,25.36875,7.66041666666667,0.93,23.1204150794406,-4.01725945833333
-0.191891958139535,NA,2020-04-23,185.5,22.2,15.6,1.6925,24.10875,7.6425,0.31,25.8973687480767,-0.191891958139535
-2.33181834042553,NA,2020-04-24,332.8,22.75,0,1.22333333333333,24.0883333333333,7.74958333333333,0.94,17.2134625927278,-2.33181834042553
-2.39868812765957,NA,2020-04-25,309.1,24.1,0.336,1.28166666666667,24.5545833333333,8.09083333333333,1.16,31.7795746130354,-2.39868812765957
-4.12671920930233,NA,2020-04-26,329.8,21.75,0,0.638695652173913,23.644347826087,8.26521739130435,1.22,23.4527359450932,-4.12671920930233
-2.95864695652174,NA,2020-04-27,314.8,20.4,0,0.903333333333333,22.5371428571429,8.4347619047619,1.08,15.4779829584712,-2.95864695652174
-4.18424309090909,NA,2020-04-28,321.1,22.4,11.28,1.12958333333333,22.4433333333333,8.09083333333333,0.84,19.8761067511722,-4.18424309090909
NA,NA,2020-04-29,191.2,18.9,5.808,1.07,21.7229166666667,7.34,0.26,20.5246967376251,-1.43235299456289
-3.68218165957447,NA,2020-04-30,340.4,19.75,0,0.625909090909091,22.5127272727273,7.47454545454545,1.05,18.314057608971,-3.68218165957447
-4.09115182222222,9.25632621428571,2020-05-01,374.2,20.35,0,0.754,24.037,7.729,1.1,9.25632621428571,-4.09115182222222
-4.27403386046512,NA,2020-05-02,276.5,22,0,0.642083333333333,24.7179166666667,7.81833333333333,0.99,19.6086591002251,-4.27403386046512
-3.29375259574468,NA,2020-05-03,366.5,22.95,0,0.755,25.8970833333333,7.86708333333333,0.59,20.1344335589392,-3.29375259574468
-3.189865625,10.924301,2020-05-04,373.1,23.6,0,0.702083333333333,26.8533333333333,8.11875,0.62,10.924301,-3.189865625
-2.56719121914894,NA,2020-05-05,354.7,25.6,0,0.7125,27.3641666666667,8.255,1.06,33.176391371247,-2.56719121914894
-2.81732165957447,NA,2020-05-06,360.8,22.5,0,0.439411764705882,25.9952941176471,8.30941176470588,1.12,24.6497095249946,-2.81732165957447
-2.84868014583333,NA,2020-05-07,376.1,20.7,0,0.4185,22.601,7.9085,1.02,17.095963951735,-2.84868014583333
-4.28466963414634,NA,2020-05-08,330.6,22.65,9.168,1.10791666666667,23.13375,7.07,0.7,19.5543637379142,-4.28466963414634
-0.955908416666667,NA,2020-05-09,140.1,18.6,0,0.468125,20.03125,6.596875,0.48,20.1796534411305,-0.955908416666667
-4.4162813,NA,2020-05-10,208.1,20.8,0,0.766666666666667,21.3395238095238,6.75619047619048,0.89,19.7237415494923,-4.4162813
-2.65231395555556,NA,2020-05-11,383.1,21.9,0,0.764444444444444,23.3983333333333,6.87555555555556,1.16,24.5675844242895,-2.65231395555556
-3.91854633333333,NA,2020-05-12,370.8,23.8,0,0.81625,23.5175,6.9725,0.98,14.9873769783279,-3.91854633333333
-3.57448658695652,NA,2020-05-13,308.5,25.5,0,1.03125,24.9929166666667,6.8825,0.81,24.3986021091125,-3.57448658695652
-3.38056785208333,NA,2020-05-14,236.9,24.6,11.328,1.42041666666667,25.1695833333333,6.87166666666667,0.63,31.8774133144565,-3.38056785208333
-9.44177861904762,NA,2020-05-15,298.5,24.5,3.408,1.57166666666667,25.0158333333333,6.80416666666667,0.56,26.8202325244585,-9.44177861904762
-3.22332876170213,NA,2020-05-16,289.2,25.6,1.344,1.5625,25.8329166666667,6.94166666666667,0.71,31.0534929391555,-3.22332876170213
-2.30661342553192,NA,2020-05-17,308.5,26,0,1.54,26.8125,8.12541666666667,0.75,30.9073221379966,-2.30661342553192
-2.19279786956522,NA,2020-05-18,356.1,24.95,0,0.75,26.4166666666667,8.08041666666667,1.03,25.6353732960895,-2.19279786956522
-2.33532813043478,NA,2020-05-19,372.1,26.85,0,0.677916666666667,26.8766666666667,7.99708333333333,1.34,61.6952168728395,-2.33532813043478
-1.92457264791667,NA,2020-05-20,361.5,26.5,0,0.663333333333333,27.4341666666667,8.07,0.93,63.2729407308468,-1.92457264791667
-2.57801285106383,NA,2020-05-21,188.4,27.6,0,0.799583333333333,28.1175,8.01625,1.08,90.8444740036529,-2.57801285106383
-2.29832433333333,NA,2020-05-22,324.8,28,0,1.11125,28.43375,7.50916666666667,1.07,98.0353105460436,-2.29832433333333
-2.400353125,NA,2020-05-23,358.4,26.95,0.384,1.18125,28.40375,7.14666666666667,0.89,92.7782439272028,-2.400353125
-2.18596811363636,NA,2020-05-24,351.6,27.55,2.688,1.16833333333333,28.1291666666667,6.82833333333333,1,84.6953505343839,-2.18596811363636
0.282115170212766,NA,2020-05-25,298.9,26.55,0.384,1.38,27.2391666666667,6.53041666666667,0.87,77.1065141784708,0.282115170212766
NA,NA,2020-05-26,253.5,25.8,0.816,1.40125,26.9979166666667,6.56791666666667,0.88,46.6644960474935,-1.82627868115623
NA,NA,2020-05-27,301.2,26.35,0,1.2925,28.16125,6.61833333333333,0.91,86.0019789657082,-2.82508034979377
NA,NA,2020-05-28,273.1,26.8,0.144,1.16583333333333,27.5395833333333,6.72333333333333,0.9,78.9447114184765,-3.13360198730561
NA,NA,2020-05-29,298.3,26.1,0.288,1.25541666666667,27.0670833333333,6.74791666666667,0.85,51.5878676836758,-2.19299333503374
NA,NA,2020-05-30,307.5,26.85,0,0.934583333333333,28.3304166666667,6.7875,0.94,92.8497389832527,-3.14970012650794
NA,NA,2020-05-31,280.5,27.35,0,0.828333333333333,29.1358333333333,6.90875,1.05,117.817898763064,-3.29877590423518
NA,NA,2020-06-01,342.3,26.85,0,0.747083333333333,28.12,7.02,0.97,89.0324860903108,-3.20666536644057
NA,NA,2020-06-02,195.3,27.25,0,0.884166666666667,27.84125,7.03791666666667,0.64,84.3010630290832,-2.89377661622911
NA,NA,2020-06-03,327.6,25.95,5.04,1.10208333333333,27.015,6.90958333333333,0.67,42.3759032476983,-2.35007037785929
NA,NA,2020-06-04,371.1,26.6,0,1.20875,27.2779166666667,6.78083333333333,0.82,66.5633711960212,-3.21179129197909
NA,NA,2020-06-05,348.3,27.9,0,1.1625,28.1666666666667,6.79375,0.89,86.4757464801024,-3.299682962459
NA,NA,2020-06-06,213.2,26.5,12.144,1.45708333333333,27.7545833333333,6.83458333333333,0.72,65.0533999155759,-1.72047926420776
NA,NA,2020-06-07,199.4,26.15,12.432,2.22791666666667,26.7545833333333,7.57958333333333,0.79,47.2196567221389,-1.9292858891328
NA,NA,2020-06-08,258.9,27.1,1.344,2.65125,27.02875,8.00791666666667,0.62,59.0153387145114,-2.34017711718596
NA,NA,2020-06-09,366.1,28.75,0.576,1.92333333333333,28.3579166666667,8.03708333333333,0.72,84.5906024075758,-3.11423212132282
NA,NA,2020-06-10,326.3,26.7,21.264,1.56208333333333,28.3433333333333,7.67833333333333,0.49,84.1225751778988,-2.25057393882605
NA,NA,2020-06-11,399.4,26,0,0.789583333333333,27.1416666666667,7.32041666666667,1.13,55.1801946331796,-3.37495273298953
NA,NA,2020-06-12,401.3,26.75,0,0.577083333333333,26.7945833333333,7.52708333333333,1.37,77.3993409036578,-3.69348889423296
NA,NA,2020-06-13,388.8,27.45,0,0.915416666666667,28.1366666666667,7.3725,1.09,93.0513922708481,-3.5114367878647
NA,NA,2020-06-14,392.3,27.3,0,1.08791666666667,29.6520833333333,7.35166666666667,0.86,96.3818614142681,-3.34758535574685
NA,NA,2020-06-15,395.9,28.15,0.576,1.04958333333333,30.6483333333333,7.425,1.24,118.452763779551,-3.19357665234991
NA,NA,2020-06-16,386.5,27.1,4.848,0.809583333333333,30.0195833333333,7.39833333333333,0.99,112.019925553571,-3.08402852684645
NA,NA,2020-06-17,389.1,26.7,0,0.862083333333333,29.3733333333333,7.09916666666667,0.83,95.5492091410647,-3.23405040000513
NA,NA,2020-06-18,386.2,27,0,0.967083333333333,28.9383333333333,7.025,0.86,89.9095139425857,-3.22263738084772
NA,NA,2020-06-19,388.4,27.3,0,1.0625,29.19125,6.82583333333333,0.97,94.4829101714523,-3.580168462384
NA,NA,2020-06-20,377,27.9,0,1.0775,29.4045833333333,6.71166666666667,0.98,94.945688172399,-3.54711026758462
NA,NA,2020-06-21,310.5,27.65,19.296,1.13833333333333,28.6229166666667,6.60291666666667,0.78,91.1016483955969,-2.81493623870118
NA,NA,2020-06-22,235.8,25.5,11.52,1.19625,26.6608333333333,5.48375,0.48,46.1449519956472,-1.72257121253854
NA,NA,2020-06-23,292.7,27.9,2.112,1.29083333333333,27.7195833333333,5.68333333333333,1,87.3144788666033,-2.58374979966505
NA,NA,2020-06-24,188.2,26.15,12.288,1.28416666666667,26.9004166666667,5.81166666666667,0.42,50.4633631583396,-1.42391582158347
NA,NA,2020-06-25,307.4,28.2,0.24,1.24916666666667,26.9141666666667,5.785,0.63,72.7812908941242,-2.95508467856937
NA,NA,2020-06-26,254.3,29.15,0,1.10791666666667,28.10375,5.925,0.9,105.808893916736,-3.27951700599063
NA,NA,2020-06-27,294.4,28.75,0,1.18625,29.0854166666667,5.99541666666667,0.79,106.880873050524,-3.10772750753705
NA,NA,2020-06-28,363.2,29.65,0,1.1925,30.2575,6.05083333333333,0.93,116.211803393918,-3.57375267565248
NA,NA,2020-06-29,331.3,29.45,0,1.21833333333333,30.4825,6.02166666666667,0.95,119.587223798769,-3.32216759297202
NA,NA,2020-06-30,350.5,30.05,0,1.05125,31.2545833333333,6.0075,1.14,126.335750441894,-3.36519813360538
NA,NA,2020-07-01,370.4,29.7,5.232,0.982916666666667,31.3633333333333,5.69958333333333,1.12,117.629520657022,-3.13058970722671
NA,NA,2020-07-02,313.6,28.35,12.576,0.80125,29.9770833333333,5.34708333333333,0.82,113.996734485675,-3.05767495635227
NA,NA,2020-07-03,296.7,27.7,8.352,0.931428571428571,27.6457142857143,4.43095238095238,0.67,80.0438101576973,-1.55772567612377
NA,NA,2020-07-04,347.9,27.25,0.192,0.857,27.2155,4.3365,0.64,78.2133588335361,-3.20110776761829
NA,NA,2020-07-05,266.5,26.85,5.712,0.879130434782609,27.5631818181818,4.37227272727273,0.64,77.7152425262395,-1.1693837755207
NA,NA,2020-07-06,290.6,26.3,3.264,0.885,26.9363636363636,4.25090909090909,0.5,59.2264967126051,-1.18815580035714
NA,NA,2020-07-07,307.5,27.8,0.816,0.725217391304348,27.6054545454545,4.24272727272727,0.65,92.1756258270392,-1.65250798112301
NA,NA,2020-07-08,365.9,29.35,0,0.785,29.1254166666667,4.37166666666667,1,110.894224000808,-3.52905531388597
NA,NA,2020-07-09,398.3,29.45,0,0.724583333333333,29.85875,4.52625,0.99,122.21987677815,-3.27986448632511
NA,NA,2020-07-10,381.8,30.2,0,0.4325,31.0808695652174,4.71826086956522,1.14,135.984975772532,-3.16819744729132
NA,NA,2020-07-11,370.3,31.35,0,0.236363636363636,32.6571428571429,4.88809523809524,1.37,133.428022236052,-2.28073987515744
-0.9079003375,NA,2020-07-12,298.5,30.95,0.24,0.225,32.6629166666667,4.99541666666667,1.17,141.243796281675,-0.9079003375
-0.304990909090909,NA,2020-07-13,269.2,29.9,2.976,0.3875,31.06875,4.94208333333333,0.91,126.641617368494,-0.304990909090909
-1.95811395833333,NA,2020-07-14,322.5,30.3,1.152,0.334583333333333,31.2254166666667,4.94541666666667,1.05,124.969916718161,-1.95811395833333
1.78834714285714,NA,2020-07-15,271.3,28.05,10.224,0.457647058823529,29.654375,4.8475,0.66,110.73024758887,1.78834714285714
0.0731084285714285,NA,2020-07-16,231.3,26.1,8.736,0.5925,27.7183333333333,3.99,0.59,71.4993360743249,0.0731084285714285
-1.97309708510638,NA,2020-07-17,378.9,28.85,0.864,0.623157894736842,29.0322222222222,3.48777777777778,1.01,113.012104581481,-1.97309708510638
-0.655922553191489,NA,2020-07-18,378.4,29,2.496,0.676666666666667,29.624,3.8415,0.83,108.825051479714,-0.655922553191489
2.45189445454545,NA,2020-07-19,300.2,27.9,2.4,0.786666666666667,28.0366666666667,4.1425,0.85,100.410720100769,2.45189445454545
-2.4425814893617,NA,2020-07-20,333.7,28.65,0.288,1.05958333333333,28.0983333333333,4.5775,0.89,101.867094070224,-2.4425814893617
-3.11882645833333,NA,2020-07-21,317,29.1,0.288,1.17958333333333,29.44375,5.22333333333333,0.84,112.316145484113,-3.11882645833333
-1.76675436170213,NA,2020-07-22,386,29.25,1.44,1.20375,29.8683333333333,5.83416666666667,1,108.081160009601,-1.76675436170213
NA,NA,2020-07-23,249.7,28.25,7.008,1.53958333333333,28.7775,6.59458333333333,1.02,96.2769756120342,-2.75393000203044
NA,NA,2020-07-24,188.4,27.4,28.512,1.99125,27.7366666666667,7.3775,0.9,80.5458228867571,-1.74000426952431
NA,NA,2020-07-25,236.3,26.05,5.712,1.65791666666667,26.9408333333333,7.20875,0.74,46.9960738299762,-2.45692346678493
NA,NA,2020-07-26,202.6,25.1,15.84,1.26083333333333,26.39625,6.6325,0.47,38.35525438792,-1.29375839167803
NA,NA,2020-07-27,195.2,25.65,13.68,1.23583333333333,26.2233333333333,6.21083333333333,0.6,42.3064275996712,-1.81509190523941
-5.38759236842105,NA,2020-07-28,250,27.8,19.536,1.14625,28.07,5.95208333333333,0.98,94.2896377504878,-5.38759236842105
-2.47749441666667,NA,2020-07-29,308.6,28.85,1.968,0.99875,29.02625,5.6275,0.96,104.016904640789,-2.47749441666667
-3.07671736170213,NA,2020-07-30,331.7,29.15,0,0.992083333333333,29.7416666666667,5.81916666666667,0.87,112.939432266104,-3.07671736170213
-3.26562639583333,NA,2020-07-31,383.6,28.9,0,0.914583333333333,29.82625,5.78208333333333,0.88,107.791774365611,-3.26562639583333
-3.66456397916667,NA,2020-08-01,368.5,28.7,0,0.925,29.5404166666667,5.69375,0.75,103.662443455525,-3.66456397916667
-4.30986795454545,NA,2020-08-02,346.3,28.6,2.16,0.832083333333333,29.6325,5.3575,0.84,109.657587280277,-4.30986795454545
-4.91126116521739,NA,2020-08-03,354.7,28.85,0,0.890869565217391,30.2982608695652,5.14739130434783,0.94,118.244628501533,-4.91126116521739
-3.76621936170213,NA,2020-08-04,354.9,29.2,0,0.684545454545455,30.2880952380952,5.28714285714286,1.1,131.28757223986,-3.76621936170213
-4.06063443181818,NA,2020-08-05,339.1,29,2.784,0.709130434782609,30.1969565217391,5.43304347826087,1.09,119.528973005282,-4.06063443181818
-2.38309460545455,NA,2020-08-06,350.7,28.75,5.328,0.65625,29.975,5.51541666666667,1.2,116.051793421386,-2.38309460545455
NA,NA,2020-08-07,342.5,29,0.192,0.725416666666667,30.8029166666667,5.5675,1.09,131.457150289294,-3.32383953821815
NA,NA,2020-08-08,298.6,28.95,3.408,0.737083333333333,31.2516666666667,5.66333333333333,0.94,128.510736487705,-2.68554576457805
NA,NA,2020-08-09,319.6,28.85,2.64,0.53125,31.16375,5.73541666666667,0.92,126.742768163044,-2.40352813359569
NA,NA,2020-08-10,262.5,29,0.48,0.5625,30.9845833333333,5.77208333333333,0.91,142.08849890408,-2.48593959014718
NA,NA,2020-08-11,296.9,29.4,2.592,0.542083333333333,32.2545833333333,5.80458333333333,0.97,143.429915503227,-2.3169603814724
NA,NA,2020-08-12,244.6,28.85,0,0.5925,31.8191666666667,5.75333333333333,1.06,156.563476323302,-3.07412678455887
NA,NA,2020-08-13,236.9,28.05,10.656,0.707619047619048,30.4619047619048,5.40428571428571,0.94,123.468491462979,-2.39154199361861
NA,NA,2020-08-14,231.7,28.65,2.832,0.768636363636364,30.3885714285714,5.24238095238095,1,124.729329993657,-2.79643722204532
NA,NA,2020-08-15,242.4,28.75,8.064,0.745,30.1052631578947,4.98894736842105,0.93,125.012455239983,-2.34192133093649
NA,NA,2020-08-16,344.9,28.8,3.936,0.758823529411765,30.4305882352941,4.35941176470588,0.7,111.280325342173,-2.38463642109715
NA,NA,2020-08-17,299.7,28.9,0,0.685263157894737,30.1684210526316,4.70421052631579,0.8,127.296654512133,-2.34374935043504
NA,NA,2020-08-18,322.5,29.1,2.736,0.7225,30.0066666666667,5.11708333333333,0.9,123.265312162528,-2.87013279014754
NA,NA,2020-08-19,247.7,28.4,0.192,0.8975,29.9220833333333,5.35625,0.97,124.494887659149,-3.44345396291264
NA,NA,2020-08-20,229.5,25.9,2.832,1.00541666666667,28.5325,5.71458333333333,0.79,75.3972053588831,-1.89076815942646
NA,NA,2020-08-21,299.3,27.55,1.632,1.02,28.16875,5.75291666666667,1.06,95.2279719627364,-2.48671217985124
NA,NA,2020-08-22,354.3,28.25,0,1.00083333333333,28.6908333333333,5.29666666666667,0.91,94.0205074357616,-3.5572985746142
NA,NA,2020-08-23,235.4,26.85,4.992,1.01875,28.38625,5.5,0.65,83.1739717090791,-1.42707240724166
NA,NA,2020-08-24,290.9,27.9,3.12,0.84,27.8854166666667,5.90208333333333,0.9,97.8770494881208,-2.42251460064286
NA,NA,2020-08-25,262.6,29.35,2.592,1.68416666666667,29.28625,7.93333333333333,0.89,114.768238253971,-2.9035654647586
NA,NA,2020-08-26,246.7,28.8,4.944,2.68875,28.81,13.295,0.68,50.3666172218551,-1.90597380991841
NA,NA,2020-08-27,213.7,27.8,19.44,2.98166666666667,27.5754166666667,13.5070833333333,0.6,34.5021879647622,-1.3188203700245
NA,NA,2020-08-28,243.7,28.85,0.144,1.76083333333333,28.5158333333333,12.7708333333333,0.73,51.1270073273094,-2.13405190695912
NA,NA,2020-08-29,280.6,29.3,3.312,1.49583333333333,29.2795833333333,12.1966666666667,0.99,52.9625884248265,-2.86578353404028
NA,NA,2020-08-30,257.9,26,30.624,1.42625,28.0529166666667,10.7045833333333,0.34,39.989561193527,-1.43499726908779
NA,NA,2020-08-31,279.3,29.25,0,1.24791666666667,28.7125,9.90291666666667,0.84,89.9947692572408,-3.05946682522515
NA,NA,2020-09-01,294.5,28.85,0,1.28208333333333,29.7191666666667,9.48958333333333,0.83,92.4252965126063,-2.56190403960328
NA,NA,2020-09-02,321.6,28.15,0,1.14458333333333,29.57375,9.37833333333333,0.83,67.0401087166755,-2.60347658963754
NA,NA,2020-09-03,316.9,28.4,0,1.04416666666667,29.9075,9.36083333333333,0.87,82.1389929143992,-2.64927406260928
NA,NA,2020-09-04,266.5,28.15,0,0.9725,30.4208333333333,9.365,0.78,90.6392810725721,-2.38923321208084
NA,NA,2020-09-05,298.1,29.45,0,0.815833333333333,31.41125,9.45625,1.14,108.816649540837,-3.01504597453897
NA,NA,2020-09-06,308.1,27.75,0,0.748333333333333,31.3870833333333,9.29458333333333,1.03,81.5917490259167,-2.9034985884854
NA,NA,2020-09-07,312.1,27.95,0,0.939166666666667,31.6,8.96625,1,99.1384725892137,-2.79133512069068
NA,NA,2020-09-08,273.3,28.25,0.912,1.17833333333333,30.60375,8.87,0.92,104.958723184572,-2.98066461041758
NA,NA,2020-09-09,249.7,28.2,0,1.18125,30.4229166666667,8.93458333333333,1.08,102.855432704736,-3.21862084369436
NA,NA,2020-09-10,303.9,28.7,0,1.10041666666667,30.5395833333333,8.93583333333333,1.04,103.387723262328,-2.88241612811508
NA,NA,2020-09-11,230.8,27.65,3.6,0.948333333333333,29.2191666666667,8.90208333333333,0.98,87.9019101278796,-2.65631177552406
NA,NA,2020-09-12,184.1,26.5,15.408,1.22625,27.5566666666667,7.96125,0.78,62.5464096509802,-1.51113696690322
NA,NA,2020-09-13,264.3,28.3,2.352,1.30625,28.2670833333333,8.03041666666667,0.94,95.8543076830238,-2.20398576749701
NA,NA,2020-09-14,246.9,27.75,0,1.20166666666667,27.5104166666667,8.10083333333333,0.75,65.0729379020526,-2.59647040110592
NA,NA,2020-09-15,238.1,26.4,0,1.53833333333333,25.9866666666667,8.24416666666667,0.65,46.5790724037093,-2.29251478754442
NA,NA,2020-09-16,183.3,25.45,0,1.60375,25.65375,8.3625,0.64,25.2190610316872,-2.18582190369279
NA,NA,2020-09-17,229.9,26.3,0,1.35333333333333,25.8966666666667,8.71083333333333,0.91,23.817426845193,-2.83763084577502
NA,NA,2020-09-18,157.6,24.65,4.656,1.16,25.8341666666667,8.92583333333333,0.44,18.4906079740971,-1.3109244757115
NA,NA,2020-09-19,95.6,23.15,21.264,1.13916666666667,23.6195833333333,8.52083333333333,0.32,20.0348989938459,-0.559904735737033
NA,NA,2020-09-20,146.1,23.3,8.4,2.21125,23.8691666666667,10.01375,0.19,16.2342338170821,-1.14428806399197
NA,NA,2020-09-21,145.5,23.55,4.56,2.56416666666667,23.97,15.9870833333333,0.29,20.6631164195785,-0.158251916062525
NA,NA,2020-09-22,180.9,24.9,0.768,2.35083333333333,24.1433333333333,16.385,0.53,22.3006047261286,-1.02667761041268
NA,NA,2020-09-23,216.2,25.8,0.24,2.29125,25.2108333333333,16.3825,0.6,24.4174112413359,-1.28049643777144
NA,NA,2020-09-24,268.4,24.5,0,1.8875,26.6579166666667,16.21125,0.51,23.0039938386822,-2.03662174689842
NA,NA,2020-09-25,165.1,24.2,0.48,1.645,26.84375,15.1545833333333,0.51,20.3501139596683,-1.19154956050167
NA,NA,2020-09-26,115.4,25.4,0,1.62,27.5354166666667,14.35125,0.56,24.1024200273396,-1.14975308894422
NA,NA,2020-09-27,280.2,26.2,0.144,1.66083333333333,27.8133333333333,13.93,0.69,31.391198602697,-2.26592243056482
NA,NA,2020-09-28,208.5,25.15,0.72,1.59958333333333,27.8983333333333,13.62875,0.52,34.6191649477797,-1.54663900473654
NA,NA,2020-09-29,257,19.45,0,0.685,22.41125,13.79875,0.82,16.510738291167,-1.92211706728114
NA,NA,2020-09-30,285.2,19.7,0,1.13208333333333,22.4495833333333,13.02,1.16,21.7180040599418,-2.28799253884896
NA,NA,2020-10-01,280.7,22.85,0,0.872916666666667,23.6433333333333,12.8975,1.35,30.0853521062899,-2.36995103376528
NA,NA,2020-10-02,280.4,20.8,0,0.739166666666667,22.8858333333333,12.6141666666667,1.16,19.9161062259622,-2.25828834842606
NA,NA,2020-10-03,279.1,19.2,0,0.975,22.2966666666667,12.6445833333333,0.96,15.3985619638563,-2.17860369976112
NA,NA,2020-10-04,273.4,21.65,0,0.82,21.81,12.8316666666667,1.03,25.0475832094912,-2.32654291215912
NA,NA,2020-10-05,271.5,23.1,0,0.939583333333333,22.65,12.8983333333333,1.11,21.375547570909,-2.268980179387
NA,NA,2020-10-06,86.4,24.5,0.672,0.996666666666667,22.3254166666667,12.8433333333333,0.93,27.4619573281188,0.189693727362426
NA,NA,2020-10-07,254.2,26.95,0,1.18375,24.7904166666667,12.6833333333333,1.03,18.7289165316429,-2.33531088021671
NA,NA,2020-10-08,194.6,27.25,0.432,1.22083333333333,25.84375,12.95,0.87,21.704854866817,-1.35977959598753
NA,NA,2020-10-09,218,26.3,5.04,2.35791666666667,26.0429166666667,15.5833333333333,0.69,22.704589815605,-1.32050032711978
NA,NA,2020-10-10,174,25.9,0,2.06791666666667,26.025,20.1675,0.84,15.2606733626559,-1.29274988446213
NA,NA,2020-10-11,254.2,26.4,0,1.33666666666667,26.3958333333333,18.925,0.95,17.154369143421,-1.77718769317782
NA,NA,2020-10-12,257.2,26.9,0,1.145,27.21875,17.8670833333333,1.1,16.860401976223,-2.10539889246523
NA,NA,2020-10-13,240.5,24.45,0,0.767083333333333,27.0970833333333,16.8804166666667,0.78,24.4904710066579,-1.81840640207773
NA,NA,2020-10-14,258,23.65,0,0.8475,25.2658333333333,16.07625,0.82,22.6364957912185,-1.71566223411924
NA,NA,2020-10-15,244.5,24.55,0,1.0625,25.75625,15.5508333333333,0.8,20.0711546816627,-1.67207100470486
NA,NA,2020-10-16,210.5,21.25,0,0.48625,24.0775,15.6108333333333,0.63,36.5494433766324,-1.27623491166394
NA,NA,2020-10-17,248.4,20.8,0,0.92125,20.9420833333333,15.3020833333333,0.82,21.7968426165802,-1.84626726083273
NA,NA,2020-10-18,220.3,24.05,0,1.06458333333333,23.5416666666667,15.3304166666667,0.8,29.4203443154056,-1.32305243099173
NA,NA,2020-10-19,231.6,25.4,0,1.14125,25.2620833333333,15.4579166666667,0.83,19.9071848223503,-1.61853000157503
NA,NA,2020-10-20,234,26.35,0,1.19458333333333,26.05125,15.7466666666667,0.99,18.9836659632294,-1.84285035005766
NA,NA,2020-10-21,234.2,26.6,0,1.37833333333333,26.1691666666667,16.15125,1,18.1082509945552,-1.90222318266252
NA,NA,2020-10-22,180.2,26.9,0,1.58375,26.2554166666667,16.8654166666667,1.05,22.6409079229964,-1.7842492261989
NA,NA,2020-10-23,146,25.1,26.496,1.57583333333333,26.0695833333333,16.27,0.82,19.5119367257825,-0.495337758479468
NA,NA,2020-10-24,157.4,22.15,0,1.37916666666667,25.4808333333333,14.31125,0.45,21.8260705834387,-0.578344319764807
NA,NA,2020-10-25,228.2,20.45,0,1.12166666666667,23.3991666666667,14.2720833333333,0.49,24.2042695063991,-1.35836447990588
NA,NA,2020-10-26,225.7,23.3,0,1.13791666666667,23.7154166666667,15.1258333333333,0.71,22.520604095651,-1.37492223196472
NA,NA,2020-10-27,152.9,25.45,1.584,1.18958333333333,25.2383333333333,15.53,0.65,25.1032168383261,-0.507015035113004
NA,NA,2020-10-28,114.4,22.6,33.696,2.87125,25.3195833333333,16.59375,0.13,20.8234714785368,-0.0592077323378324
NA,NA,2020-10-29,232.5,16.55,0,1.66583333333333,22.3533333333333,18.4595833333333,0.54,33.9436288913324,-1.6556727728278
NA,NA,2020-10-30,202.7,14.45,0,0.650416666666667,15.6655,17.8855,0.4,35.9245736124124,-1.40450513305223
NA,NA,2020-10-31,202.9,17.95,0,0.765714285714286,18.012380952381,16.347619047619,0.68,23.3691212117848,-1.36557518709795
NA,NA,2020-11-01,174.7,18.25,0,0.5525,20.704,16.43,0.79,23.7572120039371,-0.766729848750627
NA,NA,2020-11-02,214.5,15.05,0,0.57,17.3954545454545,15.9572727272727,0.74,28.6163477071987,-1.34374363186541
NA,NA,2020-11-03,209.8,16,0,0.603181818181818,17.3614285714286,15.36,0.76,34.0544751635829,-1.35154652279429
NA,NA,2020-11-04,206.2,18.05,0,0.6715,18.68,14.82,0.85,21.9956339467428,-1.34194923011172
NA,NA,2020-11-05,188.1,20.3,0,0.832222222222222,19.6938888888889,14.7133333333333,0.81,21.5557412259868,-0.762182034724063
NA,NA,2020-11-06,186,21.35,4.464,0.880416666666667,21.4,14.4195833333333,0.72,19.483740680974,-0.509697826604313
NA,NA,2020-11-07,122.8,21,12.96,1.2225,21.01375,14.2354166666667,0.55,18.7214457694525,-0.240396246656785
NA,NA,2020-11-08,166.4,22.15,0,1.395,21.8354166666667,14.5508333333333,0.51,21.8767370844208,-0.688319860972809
NA,NA,2020-11-09,192.4,23.05,0,1.35166666666667,22.6958333333333,15.6283333333333,0.69,20.3028712025703,-0.966548140801881
NA,NA,2020-11-10,91.8,23.4,0.912,1.37791666666667,23.2391666666667,16.1583333333333,0.59,21.9408967384022,0.0971871441217279
NA,NA,2020-11-11,99.5,23.35,0,1.32375,23.8079166666667,16.29,0.63,29.8858542131399,-0.104417433255319
NA,NA,2020-11-12,183.9,21.05,0,1.16791666666667,23.6975,16.28875,0.67,21.7511743488499,-1.09238383062933
NA,NA,2020-11-13,191,20.65,0,1.08208333333333,22.4525,16.6016666666667,0.94,26.1861429160086,-1.13614762155973
NA,NA,2020-11-14,184,21.65,0,0.999583333333333,22.3708333333333,16.9933333333333,0.84,25.3711434835754,-0.960778550079971
NA,NA,2020-11-15,168,21.4,0,0.945,23.9654166666667,17.2183333333333,0.86,25.2759669626082,-0.884500395459618
NA,NA,2020-11-16,192,16.35,0,0.793529411764706,19.4288235294118,17.4823529411765,0.8,28.0670934247002,-0.991468283458418
NA,NA,2020-11-17,190.9,18.3,0,0.73,17.346875,16.885,1.06,30.8640328854377,-1.15405459187859
NA,NA,2020-11-18,185.5,16.8,0,0.722941176470588,16.6658823529412,16.7305882352941,0.72,31.9536186984175,-1.06199903275834
NA,NA,2020-11-19,172.2,19.45,0,0.746666666666667,18.5858333333333,16.5204166666667,0.66,23.9733361565964,-0.942616752956929
NA,NA,2020-11-20,156.7,20.4,0,0.71375,20.16625,16.6458333333333,0.61,28.0691700251308,-0.474792622283205
NA,NA,2020-11-21,174.5,20.1,0,0.700416666666667,20.7725,16.9045833333333,0.66,25.6798353989568,-0.913130898825084
NA,NA,2020-11-22,171.8,20.35,0,0.8125,21.2841666666667,17.1983333333333,0.7,25.2582269971278,-1.08211256032327
NA,NA,2020-11-23,176.3,16.15,0,0.541666666666667,19.4720833333333,17.28125,0.48,35.2522663509294,-0.980938880097329
NA,NA,2020-11-24,175.8,19.5,0,0.92625,19.4175,17.5425,0.64,32.2095325225127,-0.949985138169023
NA,NA,2020-11-25,130,23.5,7.296,1.18666666666667,21.7166666666667,17.7404166666667,0.76,22.8057068040496,-0.581012572839657
NA,NA,2020-11-26,132.9,21.65,0,1.00291666666667,23.5116666666667,17.7179166666667,0.51,24.4262880691172,-0.647716392695387
NA,NA,2020-11-27,120.2,22.45,3.264,0.897083333333333,23.9879166666667,17.8608333333333,0.62,27.3472026302609,-0.344753103106711
NA,NA,2020-11-28,74.6,18.75,6.672,0.693333333333333,21.8154166666667,17.5266666666667,0.28,26.9499014606353,0.343808974629875
NA,NA,2020-11-29,82.9,15.95,8.592,0.904166666666667,19.8404166666667,17.4366666666667,0.19,34.1879320717813,0.735097252236687
NA,NA,2020-11-30,157.2,8.1,0,0.22,15.7,17.2666666666667,0.33,28.3107996730378,-0.731566637338852
NA,NA,2020-12-01,182.6,8.65,0,0.455,13.298,15.559,0.49,22.619672355331,-1.4452222701758
NA,NA,2020-12-02,152,13.05,0,0.628333333333333,13.7716666666667,15.0483333333333,0.44,24.7210078131261,-0.884362871841026
NA,NA,2020-12-03,103.7,17.2,11.376,0.805,15.2552631578947,14.1568421052632,0.52,26.7130121786706,-0.0464944146078167
NA,NA,2020-12-04,148.1,12.05,0,0.695625,15.032,13.642,0.29,27.5624403037428,-0.504729564442157
NA,NA,2020-12-05,142,11.65,0.768,0.512666666666667,13.514,13.8526666666667,0.48,22.142659181502,-0.628475023060974
NA,NA,2020-12-06,38.6,11.25,0.288,0.511333333333333,13.58,13.8986666666667,0.34,23.5631151807442,-0.0946193074040903
NA,NA,2020-12-07,173.7,11.25,0,0.4275,11.44625,13.905,0.52,20.5735406566742,-1.23757714510852
NA,NA,2020-12-08,172.2,11.85,0,0.11,13.22625,13.9225,0.63,28.3371363550861,-1.25841235225229
NA,NA,2020-12-09,171.4,15.3,0,0.1775,16.3042857142857,13.9971428571429,0.85,27.3681609500926,-1.09939923339047
NA,NA,2020-12-10,150.2,16.65,0,0.376363636363636,19.333,13.922,0.75,23.8833699958133,-0.704398942265983
NA,NA,2020-12-11,163.2,19.3,1.584,0.63125,20.04625,13.755625,0.65,28.6591312741367,-0.221767119569315
NA,NA,2020-12-12,94,19.25,0.576,0.6675,19.49,13.7216666666667,0.69,24.5234942523972,0.113997637152801
NA,NA,2020-12-13,120.3,16.85,0.624,0.836111111111111,20.0361111111111,13.5577777777778,0.32,27.3138838264762,0.473016263983265
NA,NA,2020-12-14,157.2,11.05,0,0.585454545454545,15.05,13.5009090909091,0.32,22.7636090837978,-0.644111067142592
NA,NA,2020-12-15,89.8,12.1,3.264,0.576363636363636,12.7136363636364,13.3363636363636,0.2,20.3074642206973,0.195410678300056
NA,NA,2020-12-16,159.2,8.5,0,0.719166666666667,12.5241666666667,13.0933333333333,0.14,29.5273035663584,0.0141320220148238
NA,NA,2020-12-17,168.2,6.75,0,0.394545454545455,10.213,13.196,0.32,26.7431431176773,-0.901931088339004
NA,NA,2020-12-18,138.1,10.55,0,0.222352941176471,10.0022222222222,13.2544444444444,0.39,26.9968613411464,-0.553846953725274
NA,NA,2020-12-19,118.3,15.9,12.144,0.323809523809524,13.396,12.79,0.58,40.0587547367681,-0.65617602456049
NA,NA,2020-12-20,138.7,13.05,0,0.428125,15.05375,9.32125,0.22,18.9723887074214,-0.827163010425245
NA,NA,2020-12-21,168.3,13.6,0,0.286111111111111,14.6482352941176,10.4664705882353,0.68,18.9497295238788,-1.28333671283422
NA,NA,2020-12-22,165.3,14.45,0.24,0.26375,17.13,12.108,0.72,24.5747927457304,-0.490648066459123
NA,NA,2020-12-23,106.6,16.85,11.424,0.47,16.8708333333333,12.26125,0.46,31.3429679039314,-0.469818473112416
NA,NA,2020-12-24,119,7.45,0.48,0.522,17.34875,11.58625,0.2,27.2773399153572,0.101249671188467
NA,NA,2020-12-25,172.8,7.7,0,0.0355,15.09875,11.618125,0.57,22.1623373124335,-1.2658124779548
NA,NA,2020-12-26,161.3,8.7,0,0.120833333333333,12.84875,11.65,0.53,22.8970396615099,-0.951824154639706
NA,NA,2020-12-27,146.1,13.55,0,0.480833333333333,16.7744444444444,10.6577777777778,0.64,23.3269979468676,-1.15172027498793
NA,NA,2020-12-28,165.1,16.15,0,0.497333333333333,17.4721428571429,10.6692857142857,0.6,28.8248103223472,-1.07643520257474
NA,NA,2020-12-29,164,17.05,0,0.608461538461538,18.1884615384615,10.6338461538462,0.55,18.8955177545205,-1.03822614816505
NA,NA,2020-12-30,100.4,20.75,0,0.764761904761905,18.9028571428571,10.6942857142857,0.8,18.5812601243589,-0.352426040182281
NA,NA,2020-12-31,93.5,18.95,4.368,1.03916666666667,18.7475,12.5975,0.22,18.3906300401844,0.3882262032714
NA,NA,2021-01-01,143.2,14.85,0,0.879166666666667,17.9391666666667,15.1541666666667,0.45,31.006061866479,-0.471023833738055
NA,NA,2021-01-02,113.4,9.9,0,0.525555555555556,15.8005882352941,15.1788235294118,0.31,26.2291161153819,-0.379482183490623
NA,NA,2021-01-03,173.1,9.5,0,0.405833333333333,13.0645454545455,14.5436363636364,0.47,27.3247223207415,-1.29165284697226
NA,NA,2021-01-04,160.5,13.55,0,0.316086956521739,15.334,13.986,0.67,21.0031643397195,-0.996211534198474
NA,NA,2021-01-05,170.1,13.35,0,0.2255,16.7216666666667,13.805,0.62,25.3241518188486,-1.03501314876517
NA,NA,2021-01-06,158.4,14.9,7.488,0.359285714285714,17.5366666666667,13.55,0.67,23.5825202548681,-0.531283597401099
NA,NA,2021-01-07,161.7,10.5,0,0.524761904761905,15.5505,12.3145,0.19,24.4134418775051,-0.163208525909629
NA,NA,2021-01-08,126.9,7.3,0,0.0357894736842105,13.7494166666667,11.7355833333333,0.31,27.8551335779157,-0.713458541131528
NA,NA,2021-01-09,172.8,7,0,0.117368421052632,11.9483333333333,11.1566666666667,0.38,33.1331122311409,-1.35761019598136
NA,NA,2021-01-10,94.3,6.35,5.088,0.063125,8.16,10.7,0.08,29.5810902275103,0.145032805678003
NA,NA,2021-01-11,70.5,5.3,0.192,0.0955,8.42,10.308,0.05,29.3903039020317,-0.477082237079879
NA,NA,2021-01-12,150.6,5.35,0,0.343,7.14428571428571,10.5785714285714,0.18,33.5427319771912,-0.485307441914082
NA,NA,2021-01-13,167.5,7.8,0,0.560909090909091,10.9,10.3218181818182,0.37,25.5542689783015,-1.17363971155816
NA,NA,2021-01-14,166.3,11.75,1.44,0.44,14.4728571428571,10.25,0.37,19.4583783986185,-0.962596930261027
NA,NA,2021-01-15,186.2,11.25,0,0.344545454545455,13.6507142857143,11.0292857142857,0.67,25.0987633634554,-1.33087049800671
NA,NA,2021-01-16,186.2,7.8,0,0.0977272727272727,9.6,11.736,0.56,24.6841549023305,-1.17303359764645
NA,NA,2021-01-17,155.1,9.85,0,0.135,11.959,11.523,0.68,21.9710626675407,-0.905704888983111
NA,NA,2021-01-18,185.9,10.1,0,0.054,11.7,11.61,0.59,23.2587173751563,-1.28643117058805
NA,NA,2021-01-19,182.3,15.7,0,0.118571428571429,18.9466666666667,11.4155555555556,0.72,27.5521077445121,-1.11201900823098
NA,NA,2021-01-20,147.7,16,0,0.12,19.0042857142857,11.3914285714286,0.59,32.4450434872201,-1.01094563748579
NA,NA,2021-01-21,121.9,19.35,1.008,0.434705882352941,19.4126666666667,11.37,0.72,18.5100722934135,-0.259265018853155
NA,NA,2021-01-22,61.5,17.4,5.712,0.4685,18.3883333333333,11.2288888888889,0.54,17.8956752674405,-0.414726106192363
NA,NA,2021-01-23,89,16.3,0.192,0.514,17.1828571428571,11.1492857142857,0.55,27.8805170179271,-0.508582532958431
NA,NA,2021-01-24,176.3,20.75,0,0.526666666666667,20.2705882352941,11.5511764705882,0.84,17.8643073637015,-0.831342968884813
NA,NA,2021-01-25,179.2,22.2,0,0.6495,21.0652631578947,12.2410526315789,0.97,25.2572624930941,-0.801034178512697
NA,NA,2021-01-26,150.6,19.45,2.4,0.582352941176471,19.73,12.5970588235294,0.55,19.1529206349388,-0.272400768586355
NA,NA,2021-01-27,171.6,14.45,0.288,0.523333333333333,19.32,12.5716666666667,0.35,23.497999706245,-0.646937019208004
NA,NA,2021-01-28,199.2,10.1,0,0.381666666666667,16.8271428571429,11.8929761904762,0.51,28.1180913520591,-1.48718547184759
NA,NA,2021-01-29,179.4,11.75,0,0.24,14.3342857142857,11.2142857142857,0.52,20.5741424951551,-1.27371289552043
NA,NA,2021-01-30,160,17.55,0.72,0.454615384615385,16.635,11.1208333333333,0.65,28.7653812640911,-0.662900504478545
NA,NA,2021-01-31,178.3,16.8,0.336,0.491875,17.7757142857143,11.2114285714286,0.72,18.9323711254521,-0.723790169626535
NA,NA,2021-02-01,187.5,9.7,0,0.469263392857143,17.5053571428571,10.8292857142857,0.53,23.1590951422321,-1.14173544289749
NA,NA,2021-02-02,171.5,9.55,0,0.446651785714286,17.235,10.4471428571429,0.58,22.0531214375974,-1.15977913252149
NA,NA,2021-02-03,204.2,11.25,0,0.424040178571429,16.9646428571429,10.065,0.58,31.8665759940288,-1.67756406074149
NA,NA,2021-02-04,167.8,16.05,0.288,0.401428571428571,16.6942857142857,9.68285714285714,0.61,27.070488958543,-1.21132668823951
NA,NA,2021-02-05,69.1,13.05,1.344,0.23625,14.0675,9.7675,0.23,23.168569910392,-0.722022408971803
NA,NA,2021-02-06,124.1,12.9,0,0.732222222222222,14.8272222222222,9.68444444444444,0,21.1159797486779,-0.397539136143176
NA,NA,2021-02-07,193.5,12.05,0,0.612142857142857,15.2076923076923,10.5753846153846,0.34,21.3340821669953,-1.26623678168731
NA,NA,2021-02-08,186,16.4,0.912,0.776,16.4686666666667,11.4353333333333,0.59,23.6303565346047,-0.674247098709855
NA,NA,2021-02-09,152.2,19.25,0,0.593529411764706,19.3633333333333,11.884,0.56,19.1707938441556,-0.637643019745648
NA,NA,2021-02-10,136.9,20.9,0.288,0.59875,21.1693333333333,12.864,0.75,23.7819383371997,0.0704780260002717
NA,NA,2021-02-11,135.6,18.45,10.512,0.525294117647059,22.2417647058824,13.1605882352941,0.5,19.8034049882415,-0.383899337197266
NA,NA,2021-02-12,68,9.3,6,0.4,17.7277777777778,12.1055555555556,0,25.7743961731435,0.562954115173514
NA,NA,2021-02-13,48,7.3,0.192,0.14,11.42,9.53,0.08,29.5935253824658,-0.617855138637609
NA,NA,2021-02-14,56.8,7.25,0,0.09,8.785,11.765,0.11,30.3181225019171,0.183563429775506
NA,NA,2021-02-15,50.6,1.8,3.936,0.0757142857142857,8.02166666666667,11.4233333333333,0,27.9266669697821,0.370684614497327
NA,NA,2021-02-16,184,0.5,0,0.380857142857143,9.3525,10.7288888888889,0.1,31.303096536202,-0.754942396530924
NA,NA,2021-02-17,82.4,8.75,7.44,0.686,10.6833333333333,10.0344444444444,0,24.1196429710337,-0.146398597499919
NA,NA,2021-02-18,52,5.4,0.288,0.568,11.8519444444444,9.59722222222222,0.12,25.3259551707798,-0.258826439665083
NA,NA,2021-02-19,212.2,6.4,0,0.45,13.0205555555556,9.16,0.33,34.0818808178652,-1.48856718464498
NA,NA,2021-02-20,217.4,7.9,0,0.332,14.1891666666667,8.72277777777778,0.34,43.0301030172576,-1.87791486834591
NA,NA,2021-02-21,190.2,14.1,0,0.214,15.3577777777778,8.28555555555556,0.45,25.4100238266575,-1.52972509116188
NA,NA,2021-02-22,201.9,14.8,0,0.349,21.051,8.33,0.48,33.3412248840694,-2.09197947740906
NA,NA,2021-02-23,239.3,13.4,0,0.555,20.069,8.609,0.69,22.2905448239643,-2.87172843972244
NA,NA,2021-02-24,232.3,22.95,0,0.496666666666667,19.0192857142857,9.41714285714286,1.57,57.8326569687262,-2.75406858932199
NA,NA,2021-02-25,229.1,14.5,0,0.508333333333333,22.89,10.8158333333333,0,39.4401203120937,-1.2432850629969
NA,NA,2021-02-26,232,15.6,0.384,0.515,25.1253333333333,11.2,0,45.7477864684913,-1.1092090575609
NA,NA,2021-02-27,223.3,13.55,2.736,0.540526315789474,25.5733333333333,11.4994444444444,0,36.6551608653828,-0.723213878781221
NA,NA,2021-02-28,225.9,13.9,0,0.464583333333333,25.4066666666667,11.9329166666667,0,42.6364380066657,-1.16425596809286
NA,NA,2021-03-01,161.1,14.9,0,0.417647058823529,24.2564705882353,11.7841176470588,0,26.7540847691207,-0.0693795381828119
NA,NA,2021-03-02,94.1,10.4,2.448,0.208,16.7,12.108,0.04,26.8038425526868,0.373768750775173
NA,NA,2021-03-03,240.6,11.6,0,0.265,14.9966666666667,12.0175,0.37,53.2550737663366,-1.86836219629568
NA,NA,2021-03-04,262.7,14.15,0,0.420833333333333,18.0466666666667,11.5275,0.66,27.0341629638946,-1.96087669884964
NA,NA,2021-03-05,194.1,15.75,3.936,0.425,19.1733333333333,11.6791666666667,0.62,26.0212690204271,-0.921788135073742
NA,NA,2021-03-06,223.9,14.65,0,0.366,20.179,11.285,0.53,38.1196361921945,-1.83120753918494
NA,NA,2021-03-07,266.1,12.45,0,0.351818181818182,18.9118181818182,11.1236363636364,0.5,37.2589801076737,-2.008304211043
NA,NA,2021-03-08,267.7,14.3,0,0.321,21.736,11.402,0.64,40.9318469735111,-2.09524996844291
NA,NA,2021-03-09,266.9,17.4,0,0.4375,21.78125,11.47125,0.65,27.2927500083117,-1.956226387717
NA,NA,2021-03-10,204,21.25,0,0.586428571428571,21.795,11.545,0.73,19.3190411283335,-1.5315241452938
NA,NA,2021-03-11,262,21.65,0,0.504117647058824,22.7747058823529,11.6829411764706,0.73,18.0622238515186,-1.9049494554196
NA,NA,2021-03-12,253.1,20.65,0,0.354,24.0815789473684,11.9526315789474,0.55,32.1512073240016,-1.82220903567983
NA,NA,2021-03-13,257.8,20.3,0,0.328947368421053,24.9894444444444,12.2211111111111,0.59,32.1391978251649,-1.82067509997962
NA,NA,2021-03-14,265.1,22.25,0,0.675652173913043,23.1434782608696,12.6721739130435,0.69,21.692187265927,-1.68788347247434
NA,NA,2021-03-15,208.8,23.85,0,0.735833333333333,23.3316666666667,12.73,0.86,25.1135480878185,-1.18892651516906
NA,NA,2021-03-16,243.6,24.65,0,0.847083333333333,23.9645833333333,12.7045833333333,1.03,29.7583758231637,-2.23334145112668
NA,NA,2021-03-17,259.2,21.05,17.232,1.38875,24.06375,14.1716666666667,0.48,21.7976776720784,-1.29748779327969
NA,NA,2021-03-18,259.1,16.35,0,0.653,21.0945,14.091,0.64,43.3631657992048,-1.84428546594278
NA,NA,2021-03-19,218.6,13.05,0,0.103333333333333,16.5533333333333,13.9566666666667,0.47,53.9984863836339,-1.63172567614204
NA,NA,2021-03-20,144.4,14.15,0,0.244285714285714,17.7433333333333,12.945,0.4,29.6110852590739,-0.726212438991822
NA,NA,2021-03-21,267,15.8,0,0.615714285714286,19.8642857142857,12.5635714285714,0.61,36.708690735061,-1.90003833644006
NA,NA,2021-03-22,275.1,19.35,0,0.871875,20.5393333333333,12.0693333333333,0.73,11.7383935671942,-2.04742461509442
NA,NA,2021-03-23,156.6,19.7,112.416,1.00291666666667,18.9778947368421,11.8715789473684,0.34,18.779733448056,-0.322485925061221
NA,NA,2021-03-24,191.9,19.45,5.664,1.25958333333333,18.68125,9.145,0.36,16.9310350164522,-0.708439384539627
NA,NA,2021-03-25,258.4,23.35,0.864,1.34875,20.2458333333333,8.97208333333333,0.7,18.6132362842015,-2.47066414912213
NA,NA,2021-03-26,248.8,24.15,0,0.972083333333333,23.25875,9.17333333333333,0.85,16.3692672949113,-2.93680670102076
NA,NA,2021-03-27,277.9,25.75,0,1.20583333333333,25.1441666666667,9.2775,1.15,24.6665082968191,-3.16260259899503
NA,NA,2021-03-28,184.9,21,0.24,0.728695652173913,24.3336363636364,9.31136363636364,0.69,17.0756600363804,-1.42024768324957
NA,NA,2021-03-29,206.3,18.4,0,0.537368421052632,19.7542105263158,9.17684210526316,0.77,15.7270168890282,-2.0127416341962
NA,NA,2021-03-30,274.5,23.8,0.144,1.0525,21.84125,8.32291666666667,0.88,19.8015493570758,-3.51605007525994
NA,NA,2021-03-31,223.6,21.2,0,0.9805,23.806,8.2355,0.7,18.4612763543911,-2.06466439698541
NA,NA,2021-04-01,310.5,13.95,0,0.796613636363636,20.1825454545455,7.54638636363636,0.77,18.0670273337355,-3.46532687664448
NA,NA,2021-04-02,306.5,11.8,0,0.612727272727273,16.5590909090909,6.85727272727273,0.56,25.7000163127853,-3.74167801920791
NA,NA,2021-04-03,208.6,16.25,0,0.584166666666667,18.1663636363636,6.06454545454545,0.88,33.1077933886155,-2.58015882601657
NA,NA,2021-04-04,294.4,16.85,0,0.688,20.9078571428571,6.12785714285714,0.63,30.9053324872646,-3.3646819873835
NA,NA,2021-04-05,303.8,18.1,0,0.807777777777778,22.1775,6.215625,0.58,24.9071630733242,-4.08435437586441
NA,NA,2021-04-06,264.6,22.55,0,0.822272727272727,23.2704761904762,6.49047619047619,0.82,20.5537443036329,-2.82240127259243
NA,NA,2021-04-07,268.9,22.95,18.96,0.872083333333333,23.4758333333333,6.62416666666667,0.85,25.3605402356748,-2.68808705428993
NA,NA,2021-04-08,284.9,22.5,2.064,1.01833333333333,24.0033333333333,5.93125,0.62,31.2646575275641,-2.43506438428967
NA,NA,2021-04-09,284.7,24.05,23.712,1.12625,25.8179166666667,6.42166666666667,0.74,38.9002880548419,-2.35161833064081
NA,NA,2021-04-10,207.6,21.55,2.784,1.48791666666667,24.0120833333333,6.84375,0.37,24.185488270908,-1.37627698106891
NA,NA,2021-04-11,310.4,20.85,0,0.775416666666667,24.79375,6.73125,0.54,15.6516333357502,-3.60552668128425
NA,NA,2021-04-12,319.2,22.85,0,0.830416666666667,24.925,7.06166666666667,0.95,15.7991871277667,-3.48959926117366
NA,NA,2021-04-13,179.1,21.2,43.536,1.13173913043478,22.4036842105263,6.76,0.44,23.1069291209214,-1.44006730993592
NA,NA,2021-04-14,149.3,20.45,15.6,1.50208333333333,20.3470833333333,6.57708333333333,0.19,25.0727849355815,-1.19275557219855
NA,NA,2021-04-15,181.8,20.6,16.608,1.11375,20.3216666666667,5.58625,0.54,30.8883036865879,-1.48656843637681
NA,NA,2021-04-16,188.3,19.4,6.768,1.01208333333333,20.265,5.29791666666667,0.45,29.9312806670313,-1.8102399865014
NA,NA,2021-04-17,147.3,19.2,12.048,1.07625,19.5754166666667,5.62791666666667,0.32,30.2197105399261,-1.01390262927732
NA,NA,2021-04-18,130.1,18.25,0,0.96,18.7421052631579,5.42842105263158,0.58,27.4071922773395,-1.87860250526234
NA,NA,2021-04-19,314.8,19.5,0,0.855789473684211,19.7715789473684,5.25894736842105,1.01,28.5192218640936,-3.22855717917667
NA,NA,2021-04-20,248.9,19.9,0,0.898333333333333,21.2683333333333,4.88791666666667,0.98,29.5619149484942,-3.27952181835566
NA,NA,2021-04-21,326.5,16.4,0,0.406875,22.5426666666667,4.91733333333333,0.46,33.4199942653437,-4.09313873509435
NA,NA,2021-04-22,329,16.6,0,0.98,20.3413333333333,4.146,0.6,30.4679506789468,-3.2388237294893
NA,NA,2021-04-23,291.3,21.75,0.768,1.17375,20.0920833333333,4.22,0.79,33.7581379501575,-2.53535665012949
NA,NA,2021-04-24,238.6,22.6,0,1.3875,23.2679166666667,3.69083333333333,0.56,31.2368832644876,-2.95675596294338
NA,NA,2021-04-25,335.9,19.4,0,0.637083333333333,23.30625,4.00041666666667,0.73,30.5138885656583,-3.29028140406508
NA,NA,2021-04-26,331.7,21.95,0,0.977083333333333,24.4858333333333,4.0225,0.95,31.9774376660836,-3.11902203603233
NA,NA,2021-04-27,287,25.5,0,1.19,24.7204166666667,3.85833333333333,1.05,42.0780754992402,-3.09357275893985
NA,NA,2021-04-28,259.3,26.2,0,1.26916666666667,25.7645833333333,4.05333333333333,1.1,54.7276812674767,-2.83428838733152
NA,NA,2021-04-29,321.5,26.4,0,1.30791666666667,26.2641666666667,4.6925,1.14,72.0434650404695,-2.98884886933812
NA,NA,2021-04-30,256.3,24.9,1.344,1.01166666666667,26.4375,5.00208333333333,0.87,49.3742048967387,-1.80503558330952
NA,NA,2021-05-01,306.1,23.45,0,1.18526315789474,25.3026315789474,5.09947368421053,0.68,30.2279988559596,-3.12004592556676
NA,NA,2021-05-02,238.7,22.95,5.52,1.47416666666667,24.2683333333333,5.11583333333333,0.3,33.6572220862682,-1.44679258682984
NA,NA,2021-05-03,331.9,26.65,0,1.52166666666667,25.81375,5.5575,0.75,61.6189269453221,-3.01691271418694
NA,NA,2021-05-04,296.2,25.7,12.576,1.48666666666667,26.9016666666667,5.6525,0.51,45.8191477579644,-1.93832663516289
NA,NA,2021-05-05,162.6,23.65,62.784,0.82375,24.01125,3.33916666666667,0.35,37.6027686173915,-1.00258988893185
NA,NA,2021-05-06,359.1,22,0,0.36,25.60375,1.98958333333333,0.52,42.0875723235001,-3.34666273733359
NA,NA,2021-05-07,377,23.25,0,0.25,26.54625,2.47125,1.18,51.4952764832802,-3.63089355141845
NA,NA,2021-05-08,368.1,24.6,0,0.610416666666667,26.5433333333333,3.32625,1.12,57.2030370449623,-3.17083242016936
NA,NA,2021-05-09,320.2,25.3,2.064,1.16,25.7304166666667,3.39791666666667,0.86,42.69435105222,-2.11493000211264
NA,NA,2021-05-10,251.5,24.85,13.152,0.8525,26.3916666666667,3.17041666666667,0.46,50.4551195832715,-1.43174912840088
NA,NA,2021-05-11,245.8,24.05,5.952,0.82,26.1904166666667,3.15666666666667,0.32,48.0188595979408,-1.25013857472872
NA,NA,2021-05-12,292.7,23.45,8.496,0.715909090909091,25.8981818181818,3.30818181818182,0.38,45.7631644776946,-1.54231117929896
NA,NA,2021-05-13,174.7,21.3,0,0.521875,24.98875,3.36125,0.39,34.447537023233,-1.77273934874628
NA,NA,2021-05-14,376.4,21.2,0,0.634736842105263,24.4611111111111,3.27722222222222,0.56,32.3086071521494,-3.58621562478605
NA,NA,2021-05-15,378.3,22.9,0,0.654285714285714,24.1795238095238,3.23285714285714,0.8,35.7156102895482,-3.05115710746935
NA,NA,2021-05-16,349.9,24.75,0,0.812083333333333,24.1133333333333,3.18875,0.76,38.8859153176271,-3.32366073240022
NA,NA,2021-05-17,214.1,22.65,18.24,1.22125,24.07,2.785,0.17,37.1575590750545,-1.02919737806582
NA,NA,2021-05-18,277.8,22.95,1.536,1.29541666666667,24.2025,2.50625,0.3,35.6548319576416,-1.60096369414849
NA,NA,2021-05-19,302.8,25.5,0.288,1.85416666666667,24.8504166666667,2.43958333333333,0.85,42.8592347507727,-2.95956992694155
NA,NA,2021-05-20,288.5,24.55,5.088,1.98208333333333,24.9841666666667,2.6575,0.63,41.9370720564679,-2.64599586834628
NA,NA,2021-05-21,285,24.85,0.96,2.15583333333333,24.7591666666667,3.67041666666667,0.68,41.842928919437,-2.55032397365655
NA,NA,2021-05-22,376.5,24.2,0,1.59916666666667,25.2025,3.56791666666667,0.57,33.838564204325,-4.63726037009276
NA,NA,2021-05-23,374.7,24.2,0,1.23958333333333,25.65625,4.00083333333333,0.61,35.5249905949808,-3.27077495078253
NA,NA,2021-05-24,338.2,24.7,0,1.19875,26.0229166666667,4.34458333333333,0.67,43.8170088424448,-3.0924457507591
NA,NA,2021-05-25,376.8,25.1,0,1.20583333333333,26.6233333333333,4.32541666666667,0.69,46.4481325397801,-3.20744831915778
NA,NA,2021-05-26,370.2,26.05,0,1.04260869565217,27.0660869565217,4.23217391304348,0.83,58.8763648417683,-3.20830545898985
NA,NA,2021-05-27,368.9,26.4,0,1.01913043478261,27.7091304347826,3.98173913043478,0.91,80.7903642833254,-3.43778839835194
NA,NA,2021-05-28,351.8,25.95,0,0.956666666666667,27.1833333333333,3.45041666666667,0.75,58.4971305744154,-3.1231202709692
NA,NA,2021-05-29,259.8,23.65,0,0.908181818181818,25.7738095238095,3.15952380952381,0.46,37.1683890538733,-2.26111436191409
NA,NA,2021-05-30,379.4,24.5,0,0.796315789473684,26.04,3.07052631578947,1.02,47.4078857407469,-3.41875271309747
NA,NA,2021-05-31,382.7,25.45,0,0.83375,26.7370833333333,2.9575,1.03,50.245967346549,-3.59953033942196
NA,NA,2021-06-01,371.1,26.85,1.104,1.04166666666667,27.59,3.05708333333333,0.75,83.7321582684403,-2.42904840164923
NA,NA,2021-06-02,343.4,26.35,0.912,1.18375,27.3208333333333,2.92125,0.58,73.4867260127852,-2.28740441439455
NA,NA,2021-06-03,328.7,26.2,2.88,1.04333333333333,27.6479166666667,2.9075,0.61,64.2127245887911,-2.29321572630766
NA,NA,2021-06-04,265.6,25.7,21.504,0.848333333333333,27.5983333333333,2.75708333333333,0.45,59.8777883254523,-1.49147687595789
NA,NA,2021-06-05,228.2,23.6,7.44,1.37916666666667,25.6208333333333,2.30666666666667,0.22,42.0557575175613,-1.18390896479627
NA,NA,2021-06-06,173.1,25.2,26.544,1.64416666666667,24.9308333333333,2.39333333333333,0.41,40.9550270413846,-1.49540984304633
-4.19087775,NA,2021-06-07,366.6,27.9,0.24,1.34958333333333,26.7779166666667,2.37625,0.81,77.4973479945897,-4.19087775
-3.88952138297872,94.1715535714286,2021-06-08,378,28.2,0,1.24625,28.97375,2.66208333333333,0.72,94.1715535714286,-3.88952138297872
-4.213717,60.5516038461538,2021-06-09,286.1,27.2,0,1.15291666666667,29.37125,2.785,0.58,60.5516038461538,-4.213717
-3.4471387125,NA,2021-06-10,356.4,28,0,1.12,29.0883333333333,2.86333333333333,0.76,93.5228114636669,-3.4471387125
-3.49881856875,NA,2021-06-11,336.5,27.8,0,1.04583333333333,29.3525,2.90166666666667,0.7,97.0714754286942,-3.49881856875
-3.54146872916667,NA,2021-06-12,379.5,29.4,0,0.819166666666667,29.5758333333333,2.91625,1.06,112.319813982714,-3.54146872916667
-3.49583195121951,NA,2021-06-13,306.9,28.6,8.736,0.739,29.3085,2.8755,0.83,108.727021432179,-3.49583195121951
-3.31230375,NA,2021-06-14,369.8,28.55,0,0.757826086956522,29.0121739130435,2.66826086956522,0.91,102.761089547192,-3.31230375
-3.58873227659574,NA,2021-06-15,361.8,28.95,0,0.774545454545455,30.1359090909091,2.55227272727273,0.93,124.87944903287,-3.58873227659574
-0.58197011627907,NA,2021-06-16,336.6,28.7,0.768,0.639166666666667,29.4045833333333,2.49,0.79,119.989254032626,-0.58197011627907
-2.45888043478261,70.70394,2021-06-17,367.9,28.8,0.672,0.749583333333333,28.9458333333333,2.35,0.91,70.70394,-2.45888043478261
NA,NA,2021-06-18,145.8,24.5,35.76,1.60666666666667,27.07,2.5825,0.28,51.2001559886806,-1.3559237120117
-3.27640840909091,NA,2021-06-19,195.6,27.35,0.384,1.83916666666667,27.09125,6.03291666666667,0.72,71.1871909978083,-3.27640840909091
NA,NA,2021-06-20,280.9,26.5,0.816,1.015,26.6766666666667,4.45333333333333,0.54,71.1868066460944,-1.64504668060318
0.946297547619048,NA,2021-06-21,227.3,26.5,5.376,0.975,26.0541666666667,4.21875,0.66,65.7216871918798,0.946297547619048
-1.4691545,NA,2021-06-22,232.6,27.05,10.656,0.8475,27.3633333333333,3.94166666666667,0.8,85.717076119984,-1.4691545
-2.33826091304348,140.723792,2021-06-23,298.3,28.1,1.008,1.016,28.216,3.7135,0.82,140.723792,-2.33826091304348
-2.41059829166667,96.166,2021-06-24,314.3,28.2,1.008,0.984761904761905,29.6214285714286,3.31571428571429,0.79,96.166,-2.41059829166667
-2.50329904761905,83.14004,2021-06-25,271,27.45,7.632,0.832608695652174,28.8373913043478,3.18826086956522,0.73,83.14004,-2.50329904761905
-1.59701385106383,66.4631119047619,2021-06-26,271.6,27.9,1.344,1.17375,28.8291666666667,2.865,0.84,66.4631119047619,-1.59701385106383
NA,64.0410670588235,2021-06-27,263.9,26.4,4.752,1.435,28.0354166666667,2.77333333333333,0.71,64.0410670588235,-1.89383868181265
-3.3770876744186,65.1052714285714,2021-06-28,307.3,26.45,5.04,1.33333333333333,27.7629166666667,2.82,0.66,65.1052714285714,-3.3770876744186
-1.83200071111111,84.5292536585366,2021-06-29,313.9,27,2.304,1.17208333333333,27.76375,2.90791666666667,0.79,84.5292536585366,-1.83200071111111
-2.665377625,94.693135,2021-06-30,310.8,27.35,1.776,1.04666666666667,28.4366666666667,2.96875,1.01,94.693135,-2.665377625
NA,88.0675342105263,2021-07-01,326.7,27.7,16.272,1.02541666666667,27.6545833333333,2.415,1.06,88.0675342105263,-3.17132999902392
-2.80719413043478,139.942097619048,2021-07-02,304,28.1,0.864,0.775416666666667,29.225,2.06541666666667,0.96,139.942097619048,-2.80719413043478
1.47828895121951,138.384310810811,2021-07-03,255.4,26.6,1.2,0.445416666666667,27.9516666666667,2.17041666666667,0.74,138.384310810811,1.47828895121951
-3.09567859574468,104.41879047619,2021-07-04,275.5,26.75,16.512,0.544583333333333,27.7979166666667,2.43166666666667,0.87,104.41879047619,-3.09567859574468
1.90592619047619,115.0472,2021-07-05,298.9,27.05,2.352,0.647083333333333,27.3575,1.85916666666667,0.83,115.0472,1.90592619047619
-3.52759441860465,102.688343902439,2021-07-06,288.4,27.45,1.056,0.760909090909091,28.2481818181818,2.08,0.97,102.688343902439,-3.52759441860465
-2.32403808888889,100.190263888889,2021-07-07,241.6,28,0.24,0.7275,28.6375,2.175,0.95,100.190263888889,-2.32403808888889
-2.20847489361702,92.2767956521739,2021-07-08,302.1,27.65,1.632,0.931666666666667,28.4791666666667,2.13541666666667,0.73,92.2767956521739,-2.20847489361702
-0.548218489361702,111.047052272727,2021-07-09,261.3,27.65,1.2,0.80125,28.12875,2.13,0.64,111.047052272727,-0.548218489361702
-2.61713729166667,133.232777777778,2021-07-10,275.2,28.65,0.96,0.83125,28.7866666666667,2.09708333333333,0.81,133.232777777778,-2.61713729166667
-3.10233739130435,81.5700671428571,2021-07-11,307.5,26.95,2.16,0.821666666666667,28.63625,2.05833333333333,0.53,81.5700671428571,-3.10233739130435
-3.03585369565217,107.755094871795,2021-07-12,256.9,27.6,8.544,0.780416666666667,28.0529166666667,2.02958333333333,0.81,107.755094871795,-3.03585369565217
-4.16967476190476,104.231833333333,2021-07-13,364.7,28.5,3.168,0.749166666666667,29.0329166666667,2.03833333333333,0.97,104.231833333333,-4.16967476190476
-2.19338167045455,137.950244117647,2021-07-14,284,28.65,2.256,0.731666666666667,29.3491666666667,2.055,1.12,137.950244117647,-2.19338167045455
-2.61637627906977,113.553003225806,2021-07-15,283.4,27.95,6.384,0.7825,29.3108333333333,1.97583333333333,0.93,113.553003225806,-2.61637627906977
0.930498292682927,112.501917241379,2021-07-16,260.9,27.6,4.32,0.80375,28.7470833333333,1.74958333333333,0.95,112.501917241379,0.930498292682927
-4.36387847826087,140.645446511628,2021-07-17,283.3,28.1,4.464,0.906666666666667,29.58,1.7325,0.99,140.645446511628,-4.36387847826087
-2.31537193488372,184.004797368421,2021-07-18,245.8,27.8,3.504,0.752916666666667,29.7125,1.71958333333333,0.85,184.004797368421,-2.31537193488372
-2.12085863636364,145.773564864865,2021-07-19,279.9,27.65,11.04,0.802727272727273,29.3847619047619,1.75142857142857,0.75,145.773564864865,-2.12085863636364
-2.93542238095238,NA,2021-07-20,249,25.95,7.488,0.852272727272727,27.5463636363636,1.59318181818182,0.56,63.6452602330672,-2.93542238095238
-3.48785924,112.094338636364,2021-07-21,279.9,28.6,0.24,0.954090909090909,28.5708695652174,1.63521739130435,1.07,112.094338636364,-3.48785924
-3.3436,127.659935555556,2021-07-22,340.2,29.6,1.2,0.923,29.669,1.727,0.95,127.659935555556,-3.3436
NA,146.833388,2021-07-23,335.5,30.7,0,0.727058823529412,30.3888235294118,1.80470588235294,1.19,146.833388,-2.76243170296345
NA,NA,2021-07-24,255.6,30.55,3.84,0.563333333333333,31.2473333333333,1.85266666666667,1.16,137.771516383794,-1.97464998471023
NA,NA,2021-07-25,269.4,29.35,3.888,0.634736842105263,30.9178947368421,1.91263157894737,1.06,131.845357373578,-2.16184158134478
NA,NA,2021-07-26,384,29.35,0,0.833478260869565,30.8321739130435,1.8404347826087,0.92,124.209774313194,-3.61225903901416
-4.0395097826087,143.786118604651,2021-07-27,387.1,29.9,0,0.761666666666667,30.87625,1.82041666666667,1.03,143.786118604651,-4.0395097826087
-2.22286859574468,166.062578571429,2021-07-28,353.1,29.9,0.96,0.7175,31.7325,1.90041666666667,1.12,166.062578571429,-2.22286859574468
-3.57838968085106,163.837426956522,2021-07-29,311.7,29.55,0.192,0.765833333333333,32.3733333333333,1.95625,1.23,163.837426956522,-3.57838968085106
-3.84205877272727,209.706754761905,2021-07-30,364.1,30.35,0,0.555,32.2408333333333,2.055,1.16,209.706754761905,-3.84205877272727
-3.00984496382979,173.801613333333,2021-07-31,318.6,29.3,0.816,0.578333333333333,31.5941666666667,2.07208333333333,0.87,173.801613333333,-3.00984496382979
-3.11875915555556,153.445134782609,2021-08-01,332.6,29.8,0.432,0.61125,31.76375,2.10416666666667,0.93,153.445134782609,-3.11875915555556
-2.43153153333333,158.088844186047,2021-08-02,255.4,28.55,2.016,0.6655,30.461,2.328,1,158.088844186047,-2.43153153333333
NA,126.322058064516,2021-08-03,225.6,27.15,10.128,0.608333333333333,29.335,2.54388888888889,0.9,126.322058064516,-1.6979141621177
-3.21023590909091,112.460454761905,2021-08-04,221.2,27.4,0.384,0.754705882352941,29.3544444444444,2.60222222222222,1.05,112.460454761905,-3.21023590909091
-4.68784742553192,92.9699302272727,2021-08-05,378.7,27,0,0.661578947368421,28.8957894736842,2.77842105263158,0.87,92.9699302272727,-4.68784742553192
NA,86.8678577419355,2021-08-06,246.1,28.3,0,0.843181818181818,28.91,3.00954545454545,0.94,86.8678577419355,-3.30657521147561
-3.49693539583333,98.4802717391304,2021-08-07,318.1,29.65,0,0.830454545454545,29.5808695652174,3.25652173913043,1.19,98.4802717391304,-3.49693539583333
-2.54532968085106,119.00070212766,2021-08-08,281,29.75,0.384,0.702083333333333,29.82625,3.83791666666667,1.06,119.00070212766,-2.54532968085106
-3.75257856521739,134.857110869565,2021-08-09,299.1,29.15,0.576,0.69875,30.5466666666667,3.97541666666667,0.85,134.857110869565,-3.75257856521739
-1.83636711111111,124.356964285714,2021-08-10,335.1,29.85,13.92,0.645,30.1758333333333,3.82291666666667,1.06,124.356964285714,-1.83636711111111
-0.878608563043478,113.626773684211,2021-08-11,239.4,28.35,9.12,0.714583333333333,28.7795833333333,3.07416666666667,1.05,113.626773684211,-0.878608563043478
-0.139806970243903,115.016603125,2021-08-12,289.3,28.45,6.048,0.68,28.7266666666667,2.54083333333333,1.06,115.016603125,-0.139806970243903
NA,101.219403333333,2021-08-13,285.6,28.5,8.784,0.6475,29.0308333333333,2.64541666666667,1.03,101.219403333333,-2.03837706892188
-1.77328186956522,NA,2021-08-14,350.4,29.45,0,0.622916666666667,30.95625,2.82291666666667,1.05,133.131745113324,-1.77328186956522
-2.46381966666667,NA,2021-08-15,298.1,29.2,0,0.819583333333333,31.8825,3.3375,1.15,154.445068981808,-2.46381966666667
-4.05593873913043,NA,2021-08-16,334.8,29.4,0.144,1.1225,31.04875,4.375,1.28,126.098175265523,-4.05593873913043
-3.979219375,NA,2021-08-17,306.9,29.7,0.24,1.41583333333333,31.75,5.50083333333333,1.15,142.289835723347,-3.979219375
-3.044920625,NA,2021-08-18,298.1,30.1,0.672,1.33041666666667,31.7333333333333,6.4175,1.17,134.942781620965,-3.044920625
-3.26120720833333,NA,2021-08-19,263.7,29.45,0.624,1.26625,31.0516666666667,6.81583333333333,1,129.531902902161,-3.26120720833333
-3.51508104166667,NA,2021-08-20,344.7,29.85,0,1.18666666666667,30.92875,6.99083333333333,1.02,120.471848054923,-3.51508104166667
-3.74600320833333,NA,2021-08-21,347.7,30.2,0,1.08166666666667,30.8,7.08208333333333,1.16,124.022851278645,-3.74600320833333
-3.32367979166667,NA,2021-08-22,349.6,30.15,0,0.904166666666667,30.9208333333333,7.12916666666667,1.06,123.726266912548,-3.32367979166667
-3.54470434782609,NA,2021-08-23,269.5,30.1,0.48,0.800416666666667,30.6166666666667,7.1525,1.17,139.431528359278,-3.54470434782609
-3.33828831707317,NA,2021-08-24,245.1,30.55,1.536,0.734583333333333,30.4233333333333,7.18541666666667,1.35,123.930145435732,-3.33828831707317
-3.09424051282051,NA,2021-08-25,286.1,30.05,4.128,0.90125,30.77125,7.11916666666667,1.33,115.557741409293,-3.09424051282051
-3.39776229545455,NA,2021-08-26,224.1,27.5,2.016,1.14208333333333,30.0995833333333,6.50625,0.77,112.101543626623,-3.39776229545455
NA,NA,2021-08-27,170.6,26.35,9.792,1.42875,27.8229166666667,6.28291666666667,0.69,73.3192970235609,-2.6821714460106
NA,NA,2021-08-28,252.5,27.7,12,1.41791666666667,28.4204166666667,6.26875,0.66,85.3022453788841,-1.97946790747172
NA,NA,2021-08-29,159.6,25.25,85.92,4.78375,27.0233333333333,11.47,0.2,21.1783853488376,-0.990288958015444
NA,NA,2021-08-30,183.7,27.25,9.168,3.71791666666667,26.9441666666667,16.87,0.8,22.4029527176119,-1.53729028685081
NA,NA,2021-08-31,220.5,29.05,5.376,1.71541666666667,27.9083333333333,12.5995833333333,1.18,50.8092828431561,-2.60813215084355
NA,NA,2021-09-01,226,28.3,2.016,1.25041666666667,28.3775,10.6754166666667,1.06,54.9172885769554,-2.37250078797044
NA,NA,2021-09-02,283,28.9,0.144,1.06166666666667,29.0154166666667,9.59708333333333,1,97.9627381565516,-3.22990359669817
NA,NA,2021-09-03,303.7,28.3,0,0.944583333333333,29.695,9.07333333333333,0.96,87.5559893721216,-2.83989158727984
NA,NA,2021-09-04,307.2,28.45,0,0.879166666666667,29.8745833333333,8.86166666666667,1,93.9220240192439,-3.0694052428677
NA,NA,2021-09-05,286.3,28.65,12.72,0.993333333333333,29.4183333333333,8.10416666666667,0.94,109.7505150712,-2.94217942029977
NA,NA,2021-09-06,222.9,27.75,0.528,0.918333333333333,28.8408333333333,7.2925,0.93,117.911569357414,-2.8165683438428
NA,NA,2021-09-07,246,28.1,10.368,1.09333333333333,29.285,7.35708333333333,1.13,113.367720958237,-3.11193615111695
NA,NA,2021-09-08,207.6,26.4,0,0.964166666666667,28.41125,6.595,0.92,94.7311411747606,-2.99516534948951
NA,NA,2021-09-09,289.7,26.75,0,0.65875,29.3683333333333,6.2275,1.02,109.91197768142,-2.92351301352032
NA,NA,2021-09-10,313.8,25,0,0.664583333333333,27.60125,6.57041666666667,0.96,54.2997253570085,-2.96718943075799
NA,NA,2021-09-11,309.4,27.5,0.192,0.859583333333333,27.6545833333333,6.84208333333333,1.13,94.7511597834914,-3.17778891468515
NA,NA,2021-09-12,178.4,26.6,10.368,1.19291666666667,26.4066666666667,6.68666666666667,0.97,57.9983176255885,-2.45998799216809
NA,NA,2021-09-13,225.9,27.55,2.064,0.97625,27.6279166666667,6.6725,0.92,86.1849203999497,-2.35265861333272
NA,NA,2021-09-14,152,23.75,38.208,1.48875,26.6016666666667,6.41958333333333,0.21,39.9506869346429,-1.20990628591176
NA,NA,2021-09-15,153.4,25.15,12.336,1.9775,26.06125,7.07875,0.73,32.5286346454459,-2.65558456513098
NA,NA,2021-09-16,164.5,27.45,7.536,1.76625,26.4033333333333,6.90583333333333,1.28,70.9324429554458,-3.34900146354057
NA,NA,2021-09-17,150.8,26.25,11.088,1.55375,25.99,6.98208333333333,0.73,40.8755274682614,-2.30886053065257
NA,NA,2021-09-18,163.7,26.3,5.568,1.315,25.87625,6.665,0.83,42.7855277567212,-2.18840260280011
NA,NA,2021-09-19,187.8,26.55,2.4,1.36666666666667,26.5625,6.52708333333333,0.89,63.4557978907362,-1.82019860962623
NA,NA,2021-09-20,228.5,27.15,0.912,1.3375,27.4666666666667,6.445,0.84,85.1549313889263,-2.01797702498346
NA,NA,2021-09-21,226.4,27.75,0.816,1.0625,28.5645833333333,6.395,0.76,106.791706614971,-2.21403017286675
NA,NA,2021-09-22,207.6,22.35,0,0.412272727272727,26.5777272727273,6.55227272727273,0.34,42.4232924022534,-2.11576769869362
NA,NA,2021-09-23,299.7,21.55,0,0.8325,22.70625,6.12333333333333,0.93,26.4197269757837,-3.76700590587612
NA,NA,2021-09-24,263.7,21.25,0,0.923333333333333,23.9454166666667,5.8425,0.96,28.393616824075,-3.06400018521139
NA,NA,2021-09-25,234.5,21.8,0,0.93625,24.5520833333333,5.74041666666667,0.96,31.1011728994227,-3.19879054659374
NA,NA,2021-09-26,262.8,23.35,0,0.98875,25.1895833333333,5.63333333333333,0.99,32.3525723134025,-3.17049942817863
NA,NA,2021-09-27,250,25.5,1.296,1.075,26.1645833333333,5.53916666666667,0.8,48.1698012607742,-2.12129726914573
NA,NA,2021-09-28,171.2,25.75,26.208,1.10208333333333,26.6375,5.23083333333333,0.79,45.7447932286799,-2.11136150715131
NA,NA,2021-09-29,126.6,24.5,17.232,1.50958333333333,25.1670833333333,4.82833333333333,0.56,37.7596307230998,-1.81276119110083
NA,NA,2021-09-30,211.5,27.65,0,1.38833333333333,25.9579166666667,5.08875,1.19,72.7536531620558,-2.84989966098162
NA,NA,2021-10-01,235.1,28.15,0.192,1.39625,26.4816666666667,5.39541666666667,1.3,80.3833936667655,-3.62934589510778
NA,NA,2021-10-02,158.2,27.2,0.192,1.475,26.5708333333333,5.59458333333333,1.12,74.8770411254041,-2.78738595609813
NA,NA,2021-10-03,161,27.25,5.616,1.51125,26.3725,5.61833333333333,1.29,73.9071082635844,-2.90613768252802
NA,NA,2021-10-04,153.3,26.75,2.88,1.36916666666667,26.01375,5.60708333333333,1.16,68.6098627659573,-2.14827450414117
NA,NA,2021-10-05,194,26.2,0,1.22166666666667,26.46,5.60166666666667,1.18,58.1428508496183,-2.95525752870234
NA,NA,2021-10-06,235.8,26.9,0,1.27541666666667,27.4508333333333,5.68583333333333,1.23,91.6702788163072,-3.69043707010899
NA,NA,2021-10-07,245.4,27.5,0,1.24416666666667,27.4525,5.88375,1.3,88.6601383823778,-3.94894299557352
NA,NA,2021-10-08,257.1,26.9,0,1.1975,27.605,6.2475,1.2,93.6128973412945,-3.71558498523589
NA,NA,2021-10-09,259.2,27,0,1.20458333333333,28.0516666666667,6.69416666666667,1.28,103.629341539003,-4.00542691284637
NA,NA,2021-10-10,259.1,27.15,0,1.30541666666667,28.2658333333333,7.28125,1.14,104.759477756763,-2.9446234546981
NA,NA,2021-10-11,252.8,28.4,0,1.59458333333333,27.5416666666667,7.4425,1.19,90.696303731631,-3.82686559494789
NA,NA,2021-10-12,248.5,27.8,0,1.39208333333333,27.735,7.6575,1.18,98.4277939131868,-2.98028444045942
NA,NA,2021-10-13,253.2,28.7,0,1.59541666666667,27.7775,7.71291666666667,1.28,102.692229184489,-4.22610505224563
NA,NA,2021-10-14,233.8,28.05,0,1.67083333333333,28.0483333333333,7.90791666666667,1.03,96.4063370201099,-3.53439186209785
NA,NA,2021-10-15,241,28.3,0.288,1.47208333333333,28.0654166666667,8.01,1.19,107.1421755321,-2.76333624548283
NA,NA,2021-10-16,235.5,22,0,0.975625,26.2994117647059,8.06176470588235,0.79,23.045741881844,-2.40009442292236
NA,NA,2021-10-17,257.4,21.5,0,0.676363636363636,18.2831818181818,7.57227272727273,1.32,33.3345617817323,-3.10823028419635
NA,NA,2021-10-18,192.7,21.9,0,0.929166666666667,19.8495833333333,6.93625,1.13,28.3463053335972,-2.12032432219749
NA,NA,2021-10-19,239.4,24.75,1.68,1.0925,21.79125,6.85958333333333,1.1,33.6276647992579,-2.83483040352994
NA,NA,2021-10-20,211.8,27.8,0,1.57958333333333,23.8029166666667,7.11708333333333,1.4,67.0207556404533,-2.89505591214565
NA,NA,2021-10-21,203,27.25,0.24,1.47,25.1020833333333,8.78583333333333,1.21,45.3010694748684,-2.1380276261135
NA,NA,2021-10-22,207.3,27.15,2.208,1.35125,26.2629166666667,9.55083333333333,1.16,30.8634658579782,-1.992545678905
NA,NA,2021-10-23,204.4,27,0,1.39833333333333,26.4958333333333,10.3166666666667,1.11,27.2062579147125,-2.58902050129507
NA,NA,2021-10-24,199.4,26.5,0,1.76916666666667,25.85375,11.22375,1.1,21.5784894815043,-2.32715538012885
NA,NA,2021-10-25,228.3,26.65,0,1.45416666666667,27.1975,12.5041666666667,0.94,21.3978025888166,-2.22427371790446
NA,NA,2021-10-26,224.9,25.2,0,1.28708333333333,26.8320833333333,12.4120833333333,0.96,18.8505638070991,-2.32559094347297
NA,NA,2021-10-27,177.3,24.6,16.608,1.88041666666667,26.015,12.6195833333333,0.64,23.5530243671258,-1.19408620929217
NA,NA,2021-10-28,217.1,20.1,0,1.10291666666667,22.1558333333333,12.6829166666667,0.8,25.6065355503971,-1.39262731875022
-1.00861633333333,201.926229166667,2021-10-29,221.2,15.85,0,0.655833333333333,16.9533333333333,12.7583333333333,0.63,201.926229166667,-1.00861633333333
-2.63355112888889,132.536115777778,2021-10-30,204.6,15.3,0,0.346,16.1461111111111,11.1005555555556,0.47,132.536115777778,-2.63355112888889
-2.39473618604651,37.6104021052632,2021-10-31,213.5,18.8,0,0.607916666666667,19.14125,8.90208333333333,0.81,37.6104021052632,-2.39473618604651
-1.74963123,37.2263413235294,2021-11-01,197.1,20,0,0.44375,20.7258333333333,8.41833333333333,0.94,37.2263413235294,-1.74963123
NA,NA,2021-11-02,205.8,19.2,0,0.429583333333333,21.4595833333333,8.3475,0.82,21.6042608615808,-2.4819181603697
-1.01596341666667,NA,2021-11-03,185.4,17.4,0,0.571666666666667,20.4216666666667,8.18458333333333,0.43,22.4430482880711,-1.01596341666667
-1.65522972765957,NA,2021-11-04,131.7,15.75,0,0.465217391304348,19.8252941176471,9.03470588235294,0.33,29.4869785958224,-1.65522972765957
-0.621503340425532,NA,2021-11-05,81.3,14.55,0,0.56875,17.3876470588235,10.7029411764706,0.23,26.842209559149,-0.621503340425532
-1.85545283333333,NA,2021-11-06,202.9,14.75,0,0.702727272727273,17.6922222222222,11.5338888888889,0.49,24.5555165260396,-1.85545283333333
-1.94546851111111,NA,2021-11-07,204.3,15.45,0,0.72047619047619,17.5941176470588,11.7741176470588,0.72,28.6975228078786,-1.94546851111111
-1.50141982,NA,2021-11-08,200.3,17.05,0,0.595714285714286,18.3875,11.948125,0.8,15.9423943496969,-1.50141982
-1.73660073611111,NA,2021-11-09,186.8,17.75,0,0.6125,18.8888888888889,12.2688888888889,0.74,17.044880908591,-1.73660073611111
-1.0459236,NA,2021-11-10,171.6,21.1,4.224,0.866666666666667,20.6941666666667,12.4091666666667,0.89,19.6321702051901,-1.0459236
-1.51835311363636,NA,2021-11-11,172.6,21.2,0,1.06041666666667,21.7883333333333,13.2283333333333,0.76,17.7437611720261,-1.51835311363636
-0.971175639583333,NA,2021-11-12,191.1,18.3,0,1.04666666666667,21.1079166666667,13.8620833333333,0.51,19.6645724660967,-0.971175639583333
-1.12836495833333,NA,2021-11-13,188.7,11.8,0,0.589166666666667,17.5416666666667,13.99375,0.45,25.5267308317504,-1.12836495833333
-1.85122693478261,NA,2021-11-14,177.1,14.3,0,0.8825,15.2333333333333,14.0875,0.72,21.7666702761599,-1.85122693478261
-1.71320404545455,NA,2021-11-15,169.2,17.65,0,0.84375,17.21375,14.10625,0.79,24.4905944295726,-1.71320404545455
-1.10197241860465,NA,2021-11-16,163.8,19.4,0,0.812916666666667,19.2770833333333,14.3204166666667,0.75,19.5678264969495,-1.10197241860465
-0.509549717391304,NA,2021-11-17,183.1,22.35,0,1.00208333333333,20.6220833333333,14.7695833333333,0.86,23.3776259968068,-0.509549717391304
0.53298780952381,NA,2021-11-18,161.6,18.65,0.528,0.831666666666667,20.7741666666667,15.52625,0.57,27.2450480711773,0.53298780952381
-1.09807789583333,NA,2021-11-19,174.1,15.45,0,0.607222222222222,18.3021428571429,15.5471428571429,0.6,31.4263964692446,-1.09807789583333
-0.999174391304348,NA,2021-11-20,178,18.15,0,0.867083333333333,18.3633333333333,14.9529166666667,0.51,23.2096302483749,-0.999174391304348
-0.778540777777778,NA,2021-11-21,171.5,21.15,1.728,0.996666666666667,20.8545833333333,15.4008333333333,0.68,23.0547763695554,-0.778540777777778
1.43680676590909,NA,2021-11-22,159.4,15.35,0,0.755,19.2938888888889,15.8033333333333,0.23,37.1114031305098,1.43680676590909
-0.612827833333333,NA,2021-11-23,180.5,13.05,0,0.69,15.9377777777778,16.2488888888889,0.6,28.2965418508013,-0.612827833333333
-0.750489936170213,NA,2021-11-24,151.5,17.25,0,0.997083333333333,16.6670833333333,15.9854166666667,0.7,28.8246713811995,-0.750489936170213
-0.459978122222222,NA,2021-11-25,119.5,19.35,0,0.973333333333333,18.9554166666667,16.5004166666667,0.67,26.8243566240952,-0.459978122222222
-0.763853510638298,NA,2021-11-26,160.3,12.35,0,0.818421052631579,17.6877777777778,16.6522222222222,0.24,32.1800581617145,-0.763853510638298
-0.698136173913044,NA,2021-11-27,117.7,12.35,1.104,0.80375,15.2108333333333,17.04625,0.49,25.8616729288278,-0.698136173913044
NA,NA,2021-11-28,37.2,14.1,0.384,0.797083333333333,15.2358333333333,16.8075,0.42,27.9845680851388,0.084490950565978
-1.40881416761905,NA,2021-11-29,175.3,13.15,0,0.64875,15.0429166666667,16.6916666666667,0.52,27.3020573208217,-1.40881416761905
-1.30834486097561,NA,2021-11-30,154.4,15.3,0,0.750833333333333,16.0558333333333,16.6425,0.75,33.2070813043032,-1.30834486097561
-1.03290918181818,NA,2021-12-01,160.3,18.2,0,0.7825,17.2779166666667,16.5908333333333,0.83,28.4138185152582,-1.03290918181818
-0.606515368421053,NA,2021-12-02,171,18.15,0,0.768181818181818,19.2642857142857,16.6719047619048,0.69,23.4549477302018,-0.606515368421053
NA,37.3364440512821,2021-12-03,159,18.45,8.304,0.830555555555556,20.4535294117647,16.5935294117647,0.68,37.3364440512821,-0.0988328525227829
1.05004637209302,31.6064088235294,2021-12-04,162.5,20.9,0,0.894736842105263,20.5726315789474,16.3478947368421,0.85,31.6064088235294,1.05004637209302
0.171536520833333,39.8623632608696,2021-12-05,157,21.6,0,0.96952380952381,21.254,16.243,0.96,39.8623632608696,0.171536520833333
0.893680886363636,44.401623902439,2021-12-06,150.3,22.05,1.344,0.956190476190476,21.9855,16.3825,0.87,44.401623902439,0.893680886363636
0.555398361702128,38.5203090909091,2021-12-07,105.8,16.95,0.288,0.848,21.0694736842105,16.4852631578947,0.23,38.5203090909091,0.555398361702128
NA,34.5341068571429,2021-12-08,119,17.1,0.48,0.888421052631579,20.2368421052632,16.4105263157895,0.46,34.5341068571429,0.214340168505351
1.21755086956522,55.5226066666667,2021-12-09,93.5,22.3,0.48,0.84125,20.95125,16.3554166666667,1.02,55.5226066666667,1.21755086956522
1.21731742042553,36.6648895833333,2021-12-10,148.6,25,0,0.872083333333333,23.755,16.2670833333333,1.18,36.6648895833333,1.21731742042553
1.14933610869565,27.1628857142857,2021-12-11,138.5,19.35,1.776,0.866190476190476,23.4845,16.2705,0.73,27.1628857142857,1.14933610869565
-0.232650877777778,31.6739222222222,2021-12-12,143.8,14,0,0.502857142857143,16.2564285714286,16.3335714285714,0.42,31.6739222222222,-0.232650877777778
0.123118829787234,22.7333885714286,2021-12-13,88.6,18.2,0,0.574583333333333,17.86625,16.20875,0.6,22.7333885714286,0.123118829787234
0.801876108695652,28.3684488095238,2021-12-14,141.7,21.15,0,0.537826086956522,21.1318181818182,16.0290909090909,0.84,28.3684488095238,0.801876108695652
0.738871355555556,32.0126627906977,2021-12-15,150.7,22.35,0,0.7115,21.8995,15.773,1.02,32.0126627906977,0.738871355555556
0.488935319148936,28.3083973333333,2021-12-16,153.5,23.3,0,0.814166666666667,22.2341666666667,15.69875,1.11,28.3083973333333,0.488935319148936
-0.635002638297872,NA,2021-12-17,142,22.35,0,0.803333333333333,22.7281818181818,15.86,0.89,26.4720930989359,-0.635002638297872
3.05187187179487,NA,2021-12-18,119.6,20.75,4.656,0.934166666666667,23.0095833333333,16.1845833333333,0.69,24.4638910998705,3.05187187179487
1.68417802391304,26.1165728571429,2021-12-19,80.1,11.95,8.4,0.650625,18.16,15.7725,0.12,26.1165728571429,1.68417802391304
NA,NA,2021-12-20,30.8,10,2.784,0.556,13.262,15.8253333333333,0.18,23.8399041690372,0.530965183538493
1.27203254042553,29.9399026190476,2021-12-21,91.2,9.25,0,0.547692307692308,11.8623076923077,15.8492307692308,0.3,29.9399026190476,1.27203254042553
-0.950502077272727,20.5139308695652,2021-12-22,166.5,12.75,0,0.608125,13.323125,15.8425,0.68,20.5139308695652,-0.950502077272727
-1.11057736585366,25.883098974359,2021-12-23,157,14.35,0,0.592142857142857,15.9414285714286,15.6435714285714,0.61,25.883098974359,-1.11057736585366
0.192671,NA,2021-12-24,160,20.2,0,0.594375,18.23625,15.26625,0.91,25.0004292980524,0.192671
0.642426739130435,NA,2021-12-25,161,21.1,0,0.611666666666667,20.8341666666667,15.1895833333333,0.77,24.9609227631258,0.642426739130435
0.668521437209302,NA,2021-12-26,161.5,22,0,0.496666666666667,22.1863636363636,15.2668181818182,0.85,26.6897754470566,0.668521437209302
2.02303501914894,NA,2021-12-27,162.8,23.4,0.24,0.592916666666667,22.3416666666667,15.26875,1.06,28.5303396495682,2.02303501914894
0.764808246511628,NA,2021-12-28,154.1,24.1,7.2,1.10583333333333,22.7066666666667,15.2191666666667,1.05,28.0995899650229,0.764808246511628
1.01800110638298,NA,2021-12-29,149.2,24.85,0,1.22958333333333,22.7308333333333,14.92875,1.1,29.7951363176259,1.01800110638298
1.46369283333333,NA,2021-12-30,156.3,25.9,0,1.12041666666667,23.6295833333333,15.56625,1.31,32.7788702692976,1.46369283333333
1.52370279791667,NA,2021-12-31,151.3,25.65,0.384,1.04083333333333,24.3483333333333,15.8858333333333,1.25,35.4268910665132,1.52370279791667
0.965020255319149,NA,2022-01-01,149.2,25.7,0.432,1.32583333333333,24.5191666666667,16.28625,1.26,34.1727659781956,0.965020255319149
-0.325600965909091,NA,2022-01-02,95.2,14,0.192,0.890666666666667,24.1128571428571,16.5664285714286,0.49,27.9731056946344,-0.325600965909091
-0.883253636744186,NA,2022-01-03,151.8,6.95,0,0.552,12.158,15.13,0.38,27.7182767590072,-0.883253636744186
-0.382340159090909,NA,2022-01-04,98.9,10.7,0,0.673333333333333,12.7375,14.685,0.4,30.3903118238837,-0.382340159090909
0.447027341666667,NA,2022-01-05,65.4,17.25,0,0.7025,15.3586666666667,14.0453333333333,0.7,27.5941196786345,0.447027341666667
-0.142999977777778,NA,2022-01-06,156.8,15.95,0,0.615,17.6904347826087,13.364347826087,0.57,31.5975932550163,-0.142999977777778
-0.533608052916667,NA,2022-01-07,170.3,10.45,0,0.325,12.7884615384615,13.4792307692308,0.28,28.1127947849958,-0.533608052916667
0.343748936170213,NA,2022-01-08,68.7,17.75,0.192,0.889583333333333,14.3433333333333,13.3645833333333,0.59,26.8088904890033,0.343748936170213
0.913909954545455,NA,2022-01-09,143.8,20.2,0.288,0.817083333333333,18.4291666666667,13.3804166666667,0.72,21.0615948089714,0.913909954545455
0.141198825531915,NA,2022-01-10,103.8,12.3,0,0.552,19.682,13.394,0.41,24.7848693143559,0.141198825531915
-1.02651869565217,NA,2022-01-11,178.6,11.8,0,0.659090909090909,12.9954545454545,13.8645454545455,0.68,27.4958461107192,-1.02651869565217
-0.994728936363636,NA,2022-01-12,55.3,11.3,0,0.572857142857143,13.0614285714286,13.9778571428571,0.5,21.218837183336,-0.994728936363636
-0.467627750652174,NA,2022-01-13,178,14.15,0,0.6575,15.024375,14.65125,0.8,28.3532719507125,-0.467627750652174
-0.448510391304348,NA,2022-01-14,178,15.65,0,0.82875,16.1775,14.323125,0.79,30.735180115465,-0.448510391304348
NA,NA,2022-01-15,81.1,10.95,4.896,0.592105263157895,15.4184210526316,14.6926315789474,0.18,23.3336712562484,0.497901830924544
-0.710708,NA,2022-01-16,137.8,6.25,0,0.356666666666667,9.37,14.4716666666667,0.31,32.3843270709244,-0.710708
-1.20058803255814,NA,2022-01-17,187.1,9.85,0,0.49,12.13875,13.48,0.57,20.8454257643977,-1.20058803255814
-0.448183268292683,NA,2022-01-18,176.3,12.55,0,0.576,15.352,12.584,0.56,17.8938923998735,-0.448183268292683
-0.144592957446809,NA,2022-01-19,177.8,18.95,1.92,0.740588235294118,17.6452941176471,11.7429411764706,0.76,15.2958835176382,-0.144592957446809
NA,NA,2022-01-20,89.2,9.45,6.24,0.798888888888889,17.8311111111111,11.3055555555556,0.07,24.4543614209112,0.79213761368068
NA,NA,2022-01-21,47,3.5,1.008,0.474444444444444,13.5555555555556,11.4327777777778,0.09,23.323951843767,0.447272023009353
-1.42628504444444,NA,2022-01-22,174.9,5.45,0,0.15,9.28,11.56,0.29,31.0523815606064,-1.42628504444444
-1.46575515853659,NA,2022-01-23,194.9,6.85,0.192,0.317272727272727,11.0909090909091,11.3827272727273,0.48,28.9388045644923,-1.46575515853659
0.031958117948718,NA,2022-01-24,78.1,9.5,12.192,0.42,10.5678260869565,11.315652173913,0.34,22.8819852500323,0.031958117948718
NA,NA,2022-01-25,65.9,10.1,1.104,0.529166666666667,11.21625,10.1566666666667,0.11,22.7517281210737,-0.138572969033476
-1.24399856956522,NA,2022-01-26,174,9.85,0,0.805,12.8591666666667,13.3875,0.37,27.236919328074,-1.24399856956522
-1.45687767142857,NA,2022-01-27,192.2,12.2,0,0.775,13.148125,13.975625,0.57,23.1341710667517,-1.45687767142857
-0.1217196875,NA,2022-01-28,140.4,9.25,0,0.368,10.776,14.519,0.54,23.849528545275,-0.1217196875
-1.18969991276596,NA,2022-01-29,206.5,7.6,0,0.752222222222222,13.4033333333333,12.5033333333333,0.6,34.2165365194889,-1.18969991276596
-1.23224052553191,NA,2022-01-30,202,12.95,0,0.637692307692308,14.3738461538462,12.88,0.81,19.8088012779188,-1.23224052553191
NA,NA,2022-01-31,193.2,14.85,0,0.815384615384615,16.7092307692308,12.72,0.66,31.7474912409905,-1.24526155627852
-0.899327445454545,NA,2022-02-01,131.7,18.25,5.952,0.945,15.0429166666667,12.8716666666667,0.61,26.9891948511312,-0.899327445454545
NA,NA,2022-02-02,119.5,19.4,8.736,1.11125,15.6108333333333,14.8166666666667,0.55,23.8275368353187,-0.203741064140641
1.35462443783784,NA,2022-02-03,121.2,14.7,18.096,1.32583333333333,17.16375,15.6754166666667,0.18,27.6391671372824,1.35462443783784
NA,NA,2022-02-04,49.1,3.8,1.632,0.64,13.8125,14.75,0.01,26.4457225848457,0.61132074043139
NA,NA,2022-02-05,198.1,6.55,0,0.248,11.806,12.99,0.38,34.0355988766868,-1.49160822646001
-1.37280351363636,NA,2022-02-06,199.1,9.65,0,0.46,10.7641666666667,12.56375,0.52,25.2806407175019,-1.37280351363636
1.63577612142857,NA,2022-02-07,159.2,11.05,0.144,0.438235294117647,10.7905882352941,12.5347058823529,0.57,21.2910760062665,1.63577612142857
-1.24961801463415,NA,2022-02-08,210.7,11.6,0,0.608461538461538,13.5615384615385,12.7876923076923,0.7,27.1115752257966,-1.24961801463415
-0.941824747916667,13.8063237209302,2022-02-09,215.5,12.45,0,0.508,15.3153333333333,11.1173333333333,0.77,13.8063237209302,-0.941824747916667
NA,-2.3566636,2022-02-10,206.1,14.15,0,0.584285714285714,16.7714285714286,13.0892857142857,0.79,-2.3566636,-1.33210747692016
NA,NA,2022-02-11,212.6,15.3,0,0.718666666666667,18.078,12.5453333333333,0.71,27.9714696167992,-1.43126949572036
NA,NA,2022-02-12,191,13.45,0.864,0.748125,19.228125,13.088125,0.6,20.6911308215595,-0.584646583700616
NA,NA,2022-02-13,218.3,9.15,0,0.372222222222222,14.3055555555556,14.8,0.54,36.8534688762513,-1.69112428731048
NA,NA,2022-02-14,218,12.25,0,0.579,16.171,13.552,0.89,24.7027176288014,-1.54076231052623
NA,NA,2022-02-15,199.1,14.65,0,0.543333333333333,17.7858333333333,13.82,0.71,17.0453856994293,-1.39498791281077
NA,NA,2022-02-16,216.9,20,0.288,0.868095238095238,18.9061904761905,13.6609523809524,0.85,20.8757255820518,-0.779245456522433
NA,NA,2022-02-17,191,18.6,2.784,1.26590909090909,19.6895454545455,14.1218181818182,0.48,16.2671584981827,-0.517962840190079
NA,NA,2022-02-18,200.1,10.8,0,0.595294117647059,17.9105882352941,14.1952941176471,0.16,29.8427957377636,-0.667118450850838
NA,NA,2022-02-19,227.8,12.55,0,0.334666666666667,14.7366666666667,12.9126666666667,0.73,43.7273377044713,-1.7919279316826
NA,NA,2022-02-20,194.2,16.65,0,0.55625,15.0945833333333,14.1233333333333,0.74,22.9055407563243,-1.3105005456035
NA,NA,2022-02-21,180.8,21.7,0,0.785833333333333,18.7345833333333,14.9220833333333,0.91,23.2653177220429,-0.741891749880724
NA,NA,2022-02-22,224.6,24.65,0,0.916666666666667,21.6533333333333,14.5716666666667,1.26,29.6037545398285,-1.79161286490195
NA,NA,2022-02-23,225.4,24.85,0,0.769583333333333,23.0695833333333,14.3095833333333,1.3,30.2353777087098,-1.73323305391443
NA,NA,2022-02-24,197.8,20.5,0,0.8155,24.099,14.62,0.7,20.221614021503,-1.19363810365927
NA,NA,2022-02-25,119.6,13.45,0.384,0.43,20.5175,14.803125,0.11,26.2249622654274,0.63529317481391
NA,NA,2022-02-26,194.8,14.95,0.624,0.683846153846154,18.0561538461538,14.6369230769231,0.35,27.4380615157549,-0.84043925071419
NA,NA,2022-02-27,84,13.15,1.344,0.540666666666667,18.554,14.4806666666667,0.26,24.7911741619002,0.331606502421471
NA,NA,2022-02-28,245.5,13.95,0,0.517777777777778,18.9211111111111,14.2255555555556,0.81,24.799629919425,-1.93912883338425
NA,NA,2022-03-01,240,14.6,0,0.538571428571429,20.2123076923077,10.6446153846154,0.83,23.6106445345235,-2.38099651926588
NA,NA,2022-03-02,258,16.85,0,0.518666666666667,21.278,10.706,1.05,19.0380171205029,-2.35684489927949
NA,NA,2022-03-03,138.8,16.65,0,0.385625,19.998125,12.469375,0.84,22.4442346048899,-0.633295800368612
NA,NA,2022-03-04,237.4,16.6,0,0.337916666666667,20.5341666666667,13.715,0.65,46.2300079698412,-1.95490794901484
NA,NA,2022-03-05,253.2,22.45,0,0.617916666666667,22.1945833333333,13.61625,0.97,20.7002466993016,-1.99823641695047
NA,NA,2022-03-06,249.2,23.3,0,0.78125,23.5241666666667,13.2808333333333,0.85,18.7617154523133,-1.73164651160457
NA,NA,2022-03-07,196.5,21.75,1.248,0.715833333333333,24.7979166666667,13.0708333333333,0.67,20.6296922137355,-0.730207807997666
NA,NA,2022-03-08,158.8,16.85,1.872,0.651428571428571,21.3514285714286,13.0995238095238,0.1,28.2393034890995,0.432805256648077
NA,NA,2022-03-09,50.8,12.55,2.688,0.399444444444444,16.52,13.0561111111111,0.03,21.7283028313068,0.509204780125145
NA,NA,2022-03-10,143.5,17,1.536,0.96,18.46875,12.8125,0.37,32.1235106920468,-0.11375939533681
NA,NA,2022-03-11,181.2,14.15,6.336,0.844761904761905,20.5004761904762,12.3347619047619,0.09,22.6145098792959,-0.0533836490450913
NA,NA,2022-03-12,278.1,8.6,0,0.45,19.98,11.27,0.43,35.5792997024758,-2.29647868654965
NA,NA,2022-03-13,250.1,10.4,0,0.501,17.988,10.348,0.45,35.9497637109258,-2.07848151085034
NA,NA,2022-03-14,258.3,16.9,5.136,0.506666666666667,19.9191666666667,9.89166666666667,0.6,17.63591298456,-1.95769710452382
-0.290315621621622,13.2281853846154,2022-03-15,235.4,18.7,2.736,0.5845,21.5085,10.194,0.52,13.2281853846154,-0.290315621621622
-1.35568722916667,15.6836146341463,2022-03-16,234.9,16.55,0,0.49047619047619,22.4722222222222,10.5361111111111,0.51,15.6836146341463,-1.35568722916667
-2.08080012195122,14.6392352380952,2022-03-17,252.4,18.45,0,0.521666666666667,22.3445833333333,9.46833333333333,0.57,14.6392352380952,-2.08080012195122
-1.36830773913043,10.2772668292683,2022-03-18,218.2,20.95,0,0.858333333333333,23.5033333333333,9.90625,0.72,10.2772668292683,-1.36830773913043
-2.36350714583333,8.44448690625,2022-03-19,280.6,16.65,0,0.353333333333333,20.9466666666667,10.315,0.87,8.44448690625,-2.36350714583333
-1.47012864583333,13.0457372340426,2022-03-20,288.8,17.4,0,0.408947368421053,18.0563157894737,11.1989473684211,0.98,13.0457372340426,-1.47012864583333
-1.68235316666667,10.2866505142857,2022-03-21,265.1,20.3,0,0.945833333333333,19.08125,10.27625,0.77,10.2866505142857,-1.68235316666667
-0.944134072727273,5.57701124242424,2022-03-22,203.2,20.05,10.752,1.63833333333333,21.49625,12.4995833333333,0.32,5.57701124242424,-0.944134072727273
-1.54118342553191,8.73869577777778,2022-03-23,263.3,16.65,0,0.886666666666667,19.8745833333333,14.0758333333333,0.74,8.73869577777778,-1.54118342553191
-1.27534229787234,11.1390839583333,2022-03-24,289.2,17.45,0,0.853684210526316,18.6768421052632,13.2757894736842,0.98,11.1390839583333,-1.27534229787234
-1.71305441978723,11.9685314,2022-03-25,294.9,17.95,0,0.521764705882353,20.4047058823529,12.4747058823529,1.1,11.9685314,-1.71305441978723
-1.5800691,9.06053209302326,2022-03-26,293.5,18.65,0,0.685384615384615,22.8492307692308,13.3661538461538,1.09,9.06053209302326,-1.5800691
-1.69504721304348,NA,2022-03-27,293.6,19.4,0,0.674666666666667,24.0693333333333,12.9493333333333,0.85,18.0813457080129,-1.69504721304348
-1.4299060625,NA,2022-03-28,287.7,22.3,0,0.704444444444444,25.4394444444444,12.4366666666667,0.96,19.3750344105097,-1.4299060625
-1.845629125,NA,2022-03-29,277.4,23.3,0,0.663181818181818,25.5763636363636,12.5836363636364,0.96,21.2145345510139,-1.845629125
-1.9578349675,NA,2022-03-30,252.6,21.55,16.416,1.78541666666667,23.8666666666667,12.5258333333333,0.55,19.2782762338834,-1.9578349675
-1.2502472826087,2.61608954545455,2022-03-31,283.1,18.1,0,0.87625,23.4125,12.1975,0.48,2.61608954545455,-1.2502472826087
-1.43136633333333,10.2095757692308,2022-04-01,297.3,18.6,0.96,0.576666666666667,22.5275,12.335,0.88,10.2095757692308,-1.43136633333333
0.574367545454546,NA,2022-04-02,217.8,18,0.384,0.755833333333333,20.85875,12.6408333333333,0.46,34.3619984291358,0.574367545454546
-1.64427611111111,NA,2022-04-03,303.5,19.85,0,0.835,21.1316666666667,12.7491666666667,0.78,23.419356750686,-1.64427611111111
-1.58128589130435,NA,2022-04-04,286.5,21.1,0,1.00375,21.9604166666667,12.8345833333333,0.63,33.4456758712427,-1.58128589130435
-0.30890285106383,NA,2022-04-05,210.8,24.85,0,1.36166666666667,23.50625,12.8716666666667,0.84,20.3752188330206,-0.30890285106383
-0.465752044444444,NA,2022-04-06,294.3,23.15,0,1.08291666666667,25.255,12.93875,0.62,27.2269712242972,-0.465752044444444
-1.4980170212766,NA,2022-04-07,319.5,18.1,0,0.325833333333333,21.795,13.175,1.14,25.5498698766941,-1.4980170212766
-2.25222136808511,NA,2022-04-08,322.7,16.2,0,0.126,20.004,11.668,1.08,30.7621907097566,-2.25222136808511
-2.01133195744681,NA,2022-04-09,323.1,16.85,0,0.19375,24.4433333333333,10.63,1.14,25.6242174651728,-2.01133195744681
-2.33501052173913,NA,2022-04-10,317.3,20.4,0,0.755384615384615,23.8246153846154,11.5861538461538,0.99,12.6852039284929,-2.33501052173913
NA,NA,2022-04-11,197.2,21.75,1.296,0.633333333333333,22.3091666666667,11.46875,0.66,19.078563387981,-0.796071083054442
-0.826818720930233,NA,2022-04-12,246.1,24.15,0.912,0.690833333333333,23.3754166666667,11.13,0.87,18.0925358598065,-0.826818720930233
-2.62370963958333,NA,2022-04-13,275.1,23.55,18.864,1.16083333333333,24.87875,10.4754166666667,0.78,17.2441659141997,-2.62370963958333
NA,NA,2022-04-14,181.1,21.45,1.248,0.8325,23.4933333333333,7.235,0.5,20.6245571401203,-1.35043195721111
NA,NA,2022-04-15,293.8,24.25,0,0.975,24.20125,7.51416666666667,0.93,23.8005640966362,-3.21201711708256
NA,NA,2022-04-16,295.4,25.6,1.008,0.989583333333333,26.0533333333333,8.70625,1.1,22.9546977071919,-2.42878462216251
NA,NA,2022-04-17,294.6,25.5,0.528,1.02041666666667,26.89625,9.25708333333333,1.14,25.9929760939417,-2.59673805593351
NA,NA,2022-04-18,317.4,19.85,0,0.778421052631579,26.1755555555556,9.51,0.45,20.9673222775792,-3.19107712794938
NA,NA,2022-04-19,296.6,17.4,0,0.701666666666667,19.5782352941176,8.50882352941176,0.74,13.6774419126318,-3.13332805846539
NA,NA,2022-04-20,274.4,22.15,0,1.07208333333333,19.8491666666667,8.67583333333333,0.88,16.8484479749597,-3.31821124975623
-1.69775286666667,NA,2022-04-21,312.1,23.65,0,0.958636363636364,23.2231818181818,8.97818181818182,0.81,14.6990247042593,-1.69775286666667
-2.00844110416667,NA,2022-04-22,324.9,23.55,0,0.914583333333333,23.6383333333333,9.33208333333333,0.94,10.7943445067645,-2.00844110416667
-1.96688014583333,NA,2022-04-23,322.3,24.1,0,1.14583333333333,23.9425,9.36916666666667,0.9,12.5007650510106,-1.96688014583333
-0.320059953488372,NA,2022-04-24,293.8,24.7,11.856,1.29166666666667,24.795,9.295,0.91,19.7363623449112,-0.320059953488372
-2.29090348888889,NA,2022-04-25,320.4,24.55,0.288,1.12958333333333,26.5491666666667,9.12125,0.95,17.9875661337933,-2.29090348888889
-1.82162323829787,NA,2022-04-26,252.3,21.7,0,0.621666666666667,26.8629166666667,9.615,0.69,16.7534336058249,-1.82162323829787
-2.51703912340426,NA,2022-04-27,329.7,20.4,0,0.65375,24.5520833333333,9.84875,0.94,15.5910140882434,-2.51703912340426
-2.23146009090909,NA,2022-04-28,338.3,22.1,0,0.847916666666667,25.3341666666667,9.99958333333333,1.2,19.5757527734798,-2.23146009090909
-2.47368163829787,NA,2022-04-29,302.3,23.25,0,1.05375,26.0679166666667,10.1758333333333,0.82,14.1641815114452,-2.47368163829787
-2.186132875,NA,2022-04-30,318.8,25.15,0,1.1325,26.5575,10.4225,1,16.0292730366617,-2.186132875
0.471527227272727,NA,2022-05-01,275.9,23.9,1.68,1.10958333333333,25.69625,10.56375,0.5,15.9540620832653,0.471527227272727
-1.67610321276596,NA,2022-05-02,338.2,26.15,0,1.14375,26.14875,10.3770833333333,0.98,16.9565281857878,-1.67610321276596
NA,NA,2022-05-03,361.4,26.15,0,1.06833333333333,26.9454166666667,10.2079166666667,1,19.1785401723443,-4.00017691408701
NA,27.5172040555556,2022-05-04,357.2,26.3,0,0.822916666666667,27.9779166666667,10.31375,0.95,27.5172040555556,-4.01057482897488
-1.47094685106383,23.1254717021277,2022-05-05,348.9,25.1,12.48,1.02083333333333,27.5208333333333,10.0120833333333,0.72,23.1254717021277,-1.47094685106383
-1.76904997948718,18.2098040625,2022-05-06,312.9,25.75,7.152,0.943333333333333,25.8391666666667,8.91041666666667,0.86,18.2098040625,-1.76904997948718
-1.2667654375,29.1386595243902,2022-05-07,362.2,26.3,0.672,0.64625,26.9820833333333,9.22625,0.97,29.1386595243902,-1.2667654375
-2.21685870454545,22.3506685714286,2022-05-08,369.1,26.85,0,0.705,29.1054545454545,9.32818181818182,0.96,22.3506685714286,-2.21685870454545
-2.12600976145833,NA,2022-05-09,369.6,26.95,0,0.896666666666667,28.6183333333333,9.21791666666667,0.98,40.7811402597408,-2.12600976145833
-1.91773434042553,NA,2022-05-10,373,25.4,0,0.975833333333333,27.3679166666667,9.34875,0.73,24.5964913537055,-1.91773434042553
-2.1106438,NA,2022-05-11,371.7,25.8,0,0.72625,28.1775,9.52,0.85,28.4958019399449,-2.1106438
-2.33778052083333,NA,2022-05-12,322.9,26.7,0,0.7225,29.13875,9.51125,1.03,43.6955940564412,-2.33778052083333
-1.35182482926829,NA,2022-05-13,255.6,25.95,3.168,0.74,28.5847619047619,9.45047619047619,0.9,49.573824053203,-1.35182482926829
-3.03353923913043,NA,2022-05-14,346.4,26.35,0,0.540416666666667,27.6333333333333,9.20625,0.97,32.8460137243006,-3.03353923913043
-1.86931136170213,NA,2022-05-15,258.1,26.4,0.624,0.804285714285714,28.2142857142857,8.94190476190476,0.92,76.4918324658311,-1.86931136170213
-2.26663988888889,NA,2022-05-16,325.7,27.8,0,0.911739130434783,28.1952173913043,8.7495652173913,1.17,68.0296727504249,-2.26663988888889
-2.27048002083333,NA,2022-05-17,357.7,28.05,0,0.996086956521739,28.5804347826087,8.39347826086957,1.1,79.2279456192935,-2.27048002083333
NA,NA,2022-05-18,372.5,28.05,0,0.99,28.7172727272727,8.15954545454546,1.2,86.5863703083414,-3.44136689073926
NA,NA,2022-05-19,356.5,28.15,0,1.0675,27.9679166666667,7.95416666666667,1.24,86.8341176486342,-3.77036654859973
NA,NA,2022-05-20,343.2,28.9,0,1.5475,28.1416666666667,8.34916666666667,1.14,88.5454990789489,-2.87383204741208
NA,NA,2022-05-21,279.2,27.6,6.384,1.575,28.3954166666667,9.04833333333333,1.05,66.8299395858383,-3.31568065596031
NA,NA,2022-05-22,295.5,26.5,0.72,1.26916666666667,27.3145833333333,9.46916666666667,0.9,39.415914645808,-2.01327151446973
NA,NA,2022-05-23,283.8,26.3,2.4,1.05416666666667,27.0316666666667,9.40875,0.91,26.5684404215668,-2.21938165844755
NA,NA,2022-05-24,333.2,27.8,0.24,1.39333333333333,28.0404166666667,9.48708333333333,0.95,56.0569634182601,-2.68598328931787
NA,NA,2022-05-25,240.8,26,22.128,1.61125,27.4604166666667,9.77375,0.84,24.091681347865,-2.39619338074087
NA,NA,2022-05-26,231.7,25.6,0.72,1.23791666666667,27.3058333333333,9.385,0.92,28.6731380005838,-2.34860242771653
NA,NA,2022-05-27,373.7,26.35,0,1.01625,27.94125,9.40708333333333,1.09,39.1890675169395,-3.73985438187297
NA,NA,2022-05-28,382.2,25.25,0,0.924166666666667,27.75875,9.30791666666667,1.04,25.3245664940995,-3.18642941927223
NA,NA,2022-05-29,383.6,27.25,0.288,1.13125,28.2004166666667,9.22083333333333,1.07,49.1076021042893,-3.20265789851018
NA,NA,2022-05-30,362.1,28.45,0.192,1.37708333333333,28.5075,9.05833333333333,1.14,77.942796494228,-3.32377005880081
NA,NA,2022-05-31,359,28,2.112,1.39625,28.74625,9.52666666666667,1.11,53.0793175863394,-2.9745107974795
NA,NA,2022-06-01,338.2,27.75,0,1.17583333333333,29.1979166666667,9.76833333333333,0.89,47.2467773300578,-3.18117604633387
NA,NA,2022-06-02,382.7,27.9,0,1.05916666666667,29.7766666666667,9.75708333333333,1.01,47.5387292792517,-3.78324896839462
NA,NA,2022-06-03,354.5,28.2,0,1.00708333333333,30.0654166666667,9.64875,1.1,71.3095472518491,-3.68644815856065
NA,NA,2022-06-04,366.6,27.9,0,0.974583333333333,30.0516666666667,9.5425,1.12,61.9727955290106,-3.64407486296294
NA,NA,2022-06-05,320.9,28,0.288,1.12583333333333,29.9616666666667,9.42583333333333,1.09,79.0123287741689,-3.02468094020914
NA,NA,2022-06-06,363.4,28.85,0,1.12875,29.9116666666667,9.52041666666667,1.01,73.7617151186257,-3.57617788123103
-2.48997165957447,NA,2022-06-07,332.1,29.35,0,1.17333333333333,29.8720833333333,9.64916666666667,1.04,77.070035815528,-2.48997165957447
NA,NA,2022-06-08,347,29.75,0,1.09958333333333,30.40875,9.86208333333333,1.12,79.9193740878611,-3.54543887233298
NA,NA,2022-06-09,358.7,30.3,0.192,0.844166666666667,31.11125,10.03375,1.26,81.3362858338257,-3.37771853169501
NA,59.389627027027,2022-06-10,235.4,26.2,7.872,0.705,27.86375,9.60916666666667,0.44,59.389627027027,-1.40433104536234
-1.90745579069767,77.8737277777778,2022-06-11,296.7,28.8,0.528,0.67047619047619,27.3033333333333,8.99857142857143,1.04,77.8737277777778,-1.90745579069767
-3.22969891304348,69.8804371428571,2022-06-12,364.5,30.05,0,0.8465,29.047,8.9035,1.15,69.8804371428571,-3.22969891304348
-2.19676925531915,NA,2022-06-13,371.9,30.2,0,0.858421052631579,30.44,8.94105263157895,0,77.9515116313068,-2.19676925531915
-2.45597010638298,NA,2022-06-14,341,29.9,0,0.881578947368421,30.3326315789474,8.77263157894737,1.19,93.7701473521115,-2.45597010638298
-3.48319095833333,NA,2022-06-15,365.4,30.2,0.24,0.884736842105263,30.3978947368421,8.4521052631579,1.24,98.4337753365382,-3.48319095833333
-1.46868184782609,NA,2022-06-16,308.4,30.45,0,0.86,31.2815,8.2585,1.33,112.221905862989,-1.46868184782609
-2.012570375,NA,2022-06-17,362.2,30.75,0,0.875238095238095,31.2333333333333,8.1252380952381,1.29,101.683781968175,-2.012570375
-2.16823995998542,NA,2022-06-18,374.7,32.1,0,0.81,32.0180952380952,8.06142857142857,1.58,103.661355834488,-2.16823995998542
-1.52225465957447,NA,2022-06-19,340.6,30.75,0,0.71125,32.3995833333333,8.17166666666667,1.16,117.311298954555,-1.52225465957447
-0.317892608695652,NA,2022-06-20,379.6,31.05,0.912,0.888333333333333,32.0995833333333,8.28291666666667,1.28,100.797472419954,-0.317892608695652
1.70703309523809,NA,2022-06-21,348.4,30.4,3.072,0.73,31.1254166666667,8.33375,1.47,96.1459884397439,1.70703309523809
-2.02625876595745,NA,2022-06-22,383.3,31.65,0,0.47375,32.97375,8.3475,1.62,100.195795666387,-2.02625876595745
-0.748541255319149,NA,2022-06-23,282.3,32.55,0,0.45,32.2986956521739,8.41086956521739,1.79,116.710541862579,-0.748541255319149
-1.47334035531915,99.3505888888889,2022-06-24,364.5,32.75,0,0.565714285714286,31.4083333333333,8.32333333333333,1.8,99.3505888888889,-1.47334035531915
-2.77265802325581,99.8313371428571,2022-06-25,361.9,31.35,1.2,0.59047619047619,31.8010526315789,8.32894736842105,1.56,99.8313371428571,-2.77265802325581
-0.330632547619048,42.202675,2022-06-26,267.6,27.75,10.944,0.761052631578947,29.4,8.11842105263158,0.88,42.202675,-0.330632547619048
-1.26714837209302,52.3530646341463,2022-06-27,269.9,28.65,0.144,0.675,28.39875,7.47375,1.14,52.3530646341463,-1.26714837209302
-1.9100729787234,53.2136847826087,2022-06-28,331,29.5,0.576,0.756086956521739,29.6945454545455,7.45318181818182,1.47,53.2136847826087,-1.9100729787234
-1.29934318181818,51.8225595,2022-06-29,290.3,29.25,2.304,0.86875,29.8208333333333,7.43,1.41,51.8225595,-1.29934318181818
NA,60.5599384615385,2022-06-30,307.4,28.25,21.12,0.895,28.4891666666667,6.59625,1.2,60.5599384615385,-3.35868560605853
-1.04812710638298,71.8087794871795,2022-07-01,303.3,28.25,7.008,1.00541666666667,28.95125,6.68041666666667,1.13,71.8087794871795,-1.04812710638298
-2.98132227272727,89.1625023255814,2022-07-02,318.5,29.3,1.632,0.953333333333333,30.5720833333333,7.69625,1.35,89.1625023255814,-2.98132227272727
NA,NA,2022-07-03,273.2,29.7,6.912,0.98125,31.0891666666667,7.74583333333333,1.37,124.30884696754,-3.11137064880905
NA,NA,2022-07-04,310,30,5.904,0.865,31.3258333333333,7.21708333333333,1.36,114.678126315838,-2.89539415287689
NA,NA,2022-07-05,262,27.05,9.504,0.7525,28.9783333333333,6.75208333333333,0.85,108.202192002467,-1.6597237531969
NA,NA,2022-07-06,301.2,28.7,2.976,0.702916666666667,29.24625,6.47291666666667,1.18,108.339987026189,-2.66489577274758
NA,NA,2022-07-07,286.2,29.75,1.728,0.645833333333333,30.7325,6.90916666666667,1.31,131.442598225052,-2.9266021846249
NA,NA,2022-07-08,308.3,30.05,5.376,0.614583333333333,31.2275,6.56666666666667,1.3,126.178607645104,-3.14503603143035
NA,NA,2022-07-09,313.2,30.85,0.48,0.641666666666667,31.3914285714286,6.40380952380952,1.38,130.8987184342,-2.34901060218397
NA,NA,2022-07-10,235.7,27.9,10.32,0.670909090909091,29.3494736842105,6.45526315789474,0.69,107.740462673638,-1.30109537772685
NA,NA,2022-07-11,277.5,29.75,1.152,0.752380952380952,29.7844444444444,6.46722222222222,1.09,125.290225704453,-3.18444486383151
NA,NA,2022-07-12,244.2,28.7,30,0.887272727272727,29.136,6.0985,1.11,106.334234731226,-3.04862320155797
NA,NA,2022-07-13,307.7,28.5,10.608,0.914347826086957,28.2519047619048,5.70952380952381,1.15,91.8630996904552,-3.43502759806418
NA,NA,2022-07-14,329,28.8,18.816,0.765416666666667,30.054,6.118,1.25,117.525401162681,-3.70848376139866
NA,65.7053864411765,2022-07-15,226.1,27.7,2.928,0.733478260869565,28.3566666666667,4.70222222222222,1.06,65.7053864411765,-1.77401524199229
-5.92340505128205,55.9233965625,2022-07-16,292.3,28.4,11.088,0.636086956521739,29.2585,5.027,1.08,55.9233965625,-5.92340505128205
-2.74383342340426,95.8821063829787,2022-07-17,335.4,29.2,5.52,0.86952380952381,29.7047619047619,5.10619047619048,1.2,95.8821063829787,-2.74383342340426
-4.23228655555556,108.048685853659,2022-07-18,303.1,29.7,0.528,0.839166666666667,30.2575,5.33625,1.13,108.048685853659,-4.23228655555556
-2.87794152083333,134.625095833333,2022-07-19,336.4,30.35,0.288,0.794583333333333,30.4529166666667,5.595,1.1,134.625095833333,-2.87794152083333
-1.482486,82.603640625,2022-07-20,342.5,29.8,4.848,0.733333333333333,30.5233333333333,5.6,0.98,82.603640625,-1.482486
-3.15542527083333,150.03144375,2022-07-21,336.6,28.9,7.392,0.699583333333333,31.0658333333333,5.51666666666667,0.91,150.03144375,-3.15542527083333
-3.17483041304348,NA,2022-07-22,302.1,28.7,0.24,0.695833333333333,31.1258333333333,5.64625,1.08,139.186794021701,-3.17483041304348
-3.23279876595745,NA,2022-07-23,323.3,29.2,2.256,0.654583333333333,31.1061904761905,6.29047619047619,0.98,125.161396565464,-3.23279876595745
-3.96581186046512,NA,2022-07-24,334.1,29.5,3.696,0.777916666666667,31.1404166666667,6.32333333333333,1.14,121.090354938119,-3.96581186046512
-2.77547524444444,NA,2022-07-25,287.3,28.15,10.704,0.942083333333333,29.9879166666667,6.36291666666667,1.01,116.755270163378,-2.77547524444444
-5.00720076590909,NA,2022-07-26,310.8,29.2,6.96,1.00708333333333,30.3558333333333,6.48208333333333,1.27,116.855266549204,-5.00720076590909
-3.55144337209302,NA,2022-07-27,288.7,28.6,11.76,1.05166666666667,31.2529166666667,6.45291666666667,1.2,119.325260855735,-3.55144337209302
-0.465709,108.900536111111,2022-07-28,294.1,28.85,1.872,1.02541666666667,30.6558333333333,6.4025,1.18,108.900536111111,-0.465709
-2.28381827659574,NA,2022-07-29,315.6,28.4,6.624,0.99,30.6154166666667,6.83,1.1,114.460872578179,-2.28381827659574
-4.20154045454545,NA,2022-07-30,341.4,29.15,1.584,0.875,31.2429166666667,6.95666666666667,1.12,122.084145068279,-4.20154045454545
-3.21835195454545,NA,2022-07-31,283.1,28.8,11.808,1.03708333333333,30.1841666666667,6.90208333333333,1.24,122.937853294972,-3.21835195454545
1.26536720930233,NA,2022-08-01,190.5,28.65,22.224,1.16333333333333,28.39,6.4425,1.26,107.237574325773,1.26536720930233
NA,104.559762068966,2022-08-02,231.1,26.4,9.696,1.02875,27.6783333333333,6.1275,0.67,104.559762068966,-1.4807223335533
-4.83749317073171,NA,2022-08-03,274.5,28.2,0.816,0.949166666666667,28.9979166666667,6.01583333333333,1.2,118.33765438944,-4.83749317073171
NA,NA,2022-08-04,261.3,27.8,1.872,0.870416666666667,29.19,6.12666666666667,1.17,115.180942871726,-3.14177281289804
-4.87310086956522,NA,2022-08-05,281.3,29.3,0.144,1.11833333333333,29.8970833333333,6.435,1.33,131.145036330833,-4.87310086956522
-3.35522856818182,NA,2022-08-06,221.8,28.65,0.576,1.11,30.3870833333333,6.64958333333333,1.16,131.3053229419,-3.35522856818182
-1.73465765957447,NA,2022-08-07,339.7,29.45,1.68,1.01416666666667,30.1854166666667,6.77666666666667,1.25,116.527920657671,-1.73465765957447
-2.09293037777778,NA,2022-08-08,278.7,28.25,2.352,1.10958333333333,29.52125,6.76791666666667,1.12,111.524099018152,-2.09293037777778
-1.46796127272727,NA,2022-08-09,275.7,27.55,3.744,1.21125,29.54875,6.74666666666667,1.13,111.082566319709,-1.46796127272727
-0.962245619047619,NA,2022-08-10,201.1,26.95,24.72,1.23416666666667,28.43625,6.87166666666667,1.05,89.2984220376391,-0.962245619047619
-2.71436786842105,NA,2022-08-11,189.5,26.3,5.952,1.32,27.7408333333333,6.32375,0.81,66.1871955288301,-2.71436786842105
-2.41883977272727,NA,2022-08-12,233.3,27,3.168,1.38833333333333,27.7995833333333,6.49458333333333,0.97,87.3297215899413,-2.41883977272727
-4.80678734782609,NA,2022-08-13,268,28.85,0,1.17708333333333,29.2308333333333,6.80791666666667,1.31,122.326311733406,-4.80678734782609
-4.7838388,NA,2022-08-14,288.1,29.35,0,0.9575,30.41625,6.96625,1.31,133.778784400365,-4.7838388
-3.67898472340426,NA,2022-08-15,327.4,30.1,0,0.75125,31.0529166666667,7.09041666666667,1.18,133.824255384954,-3.67898472340426
-3.39634468085106,NA,2022-08-16,315.8,30.35,0,0.638333333333333,32.2120833333333,7.20833333333333,1.15,161.394182524154,-3.39634468085106
-3.56891382978723,NA,2022-08-17,323.5,30.75,0,0.59875,32.41375,7.34583333333333,1.2,147.194915354961,-3.56891382978723
-3.13732597560976,NA,2022-08-18,287.8,28,2.832,0.636666666666667,30.4858333333333,7.3225,0.69,116.817621382677,-3.13732597560976
-2.36205489361702,NA,2022-08-19,289.2,28.55,9.888,1.138,29.8490909090909,6.91636363636364,1.05,105.806609145867,-2.36205489361702
0.015711534883721,NA,2022-08-20,231.6,29.1,2.544,1.10303174603175,28.85625,6.48541666666667,1.13,109.519951918125,0.015711534883721
-3.44341713636364,NA,2022-08-21,315.1,29.5,0.432,1.06806349206349,29.6308333333333,6.43,1.07,117.762125084269,-3.44341713636364
-3.7060980952381,NA,2022-08-22,303.7,29.65,7.104,1.03309523809524,30.0579166666667,5.89458333333333,1.29,122.016564008628,-3.7060980952381
-1.64662553333333,NA,2022-08-23,210.7,28.4,3.12,0.998126984126984,28.88375,5.65875,1.01,102.078092847687,-1.64662553333333
NA,NA,2022-08-24,224.9,28.2,6.672,0.96315873015873,28.0704166666667,6.03291666666667,1.1,96.1891888326155,-2.81557570507792
NA,83.1725805555556,2022-08-25,213.2,27.65,25.536,0.928190476190476,27.785,6.82166666666667,1.06,83.1725805555556,-1.4533343577308
-0.611476052631579,78.9292428571429,2022-08-26,242.3,26.25,3.888,0.893222222222222,26.98875,6.385,0.75,78.9292428571429,-0.611476052631579
-3.82474432608696,141.998658974359,2022-08-27,236.2,27.85,0,0.858253968253968,28.4404166666667,6.23208333333333,1.09,141.998658974359,-3.82474432608696
-5.54600808695652,148.851247619048,2022-08-28,253.8,29.15,0.48,0.823285714285714,29.8833333333333,6.64333333333333,1.21,148.851247619048,-5.54600808695652
-2.89090355555556,129.338948780488,2022-08-29,249.1,29.4,1.248,0.78831746031746,30.1629166666667,6.80458333333333,1.16,129.338948780488,-2.89090355555556
-3.48651906521739,172.213204255319,2022-08-30,305.4,29.85,0.768,0.753349206349206,30.9033333333333,6.88833333333333,1.26,172.213204255319,-3.48651906521739
-4.09086265116279,183.925300434783,2022-08-31,310.7,29.15,0,0.718380952380952,31.48125,7.005,1.07,183.925300434783,-4.09086265116279
-2.84185563043478,226.683354545455,2022-09-01,278.4,29.75,0,0.683412698412698,31.8670833333333,7.22208333333333,1.2,226.683354545455,-2.84185563043478
-4.44730090909091,184.651738297872,2022-09-02,222.4,29.5,0.144,0.648444444444444,30.8758333333333,7.63208333333333,1.28,184.651738297872,-4.44730090909091
-4.44422322727273,219.268313333333,2022-09-03,181.5,28.3,6.528,0.61347619047619,29.9183333333333,7.5875,1.28,219.268313333333,-4.44422322727273
-3.68350739130435,194.246110869565,2022-09-04,235.4,27.8,0.144,0.578507936507937,28.8570833333333,7.38833333333333,1.12,194.246110869565,-3.68350739130435
-5.61726028571429,167.103918461538,2022-09-05,265.2,28.7,0.624,0.543539682539683,29.1791666666667,7.48125,1.33,167.103918461538,-5.61726028571429
-2.25748895238095,128.142169230769,2022-09-06,227.1,28.4,0.144,0.508571428571429,28.9983333333333,7.54611111111111,1.13,128.142169230769,-2.25748895238095
-1.81018133333333,178.975246511628,2022-09-07,266.1,26.4,2.976,0.8155,28.523,7.626,0.83,178.975246511628,-1.81018133333333
-2.52467042553192,112.407180952381,2022-09-08,272.7,26.9,0.336,0.694782608695652,27.5808695652174,7.46695652173913,1.15,112.407180952381,-2.52467042553192
-2.57783002272727,101.75255375,2022-09-09,219.7,27.1,2.352,1.08833333333333,28.0820833333333,7.43208333333333,1.32,101.75255375,-2.57783002272727
-5.20757604444444,76.7318402380952,2022-09-10,167.9,28.25,0,1.13,28.4475,7.53125,1.31,76.7318402380952,-5.20757604444444
-4.79723021276596,139.295519047619,2022-09-11,264.9,28.6,6.336,1.03333333333333,29.64,7.6475,1.22,139.295519047619,-4.79723021276596
-4.03862142857143,168.941455813953,2022-09-12,153.2,28,1.008,1.04291666666667,30.1395833333333,7.69916666666667,1.18,168.941455813953,-4.03862142857143
-2.76722479166667,167.000985416667,2022-09-13,293.9,27.2,0,0.969583333333333,29.2158333333333,7.875,1.12,167.000985416667,-2.76722479166667
-3.10455411111111,124.439013333333,2022-09-14,308.3,26.35,0,0.956666666666667,27.9175,8.1575,1.21,124.439013333333,-3.10455411111111
-2.85734685416667,109.287784782609,2022-09-15,277.2,28.3,0,1.01291666666667,28.135,8.57583333333333,1.42,109.287784782609,-2.85734685416667
-2.45163608510638,137.091247826087,2022-09-16,300.6,28.95,0,0.994166666666667,28.6058333333333,8.99625,1.28,137.091247826087,-2.45163608510638
-1.54219862222222,83.7365121951219,2022-09-17,237.2,29.15,5.376,1.24625,28.6391666666667,9.05083333333333,1.36,83.7365121951219,-1.54219862222222
-1.88742797916667,154.56143125,2022-09-18,248.6,29.25,0.288,1.23166666666667,28.6654166666667,9.37291666666667,1.3,154.56143125,-1.88742797916667
-4.33282937,187.985914102564,2022-09-19,272.5,28.9,1.104,1.05166666666667,29.5775,9.72625,1.28,187.985914102564,-4.33282937
-4.81941970731707,109.595364166667,2022-09-20,286.9,28.6,0,0.966666666666667,29.5441666666667,10.1758333333333,1.23,109.595364166667,-4.81941970731707
-2.37250206818182,179.978435,2022-09-21,289,29.55,0.288,0.982083333333333,30.07,10.2170833333333,1.32,179.978435,-2.37250206818182
-3.73748075,194.743888372093,2022-09-22,282.6,29.85,0,0.987916666666667,30.5083333333333,10.2295833333333,1.32,194.743888372093,-3.73748075
-2.07698085106383,151.308271111111,2022-09-23,282.4,28.7,0,0.775833333333333,30.6720833333333,10.3070833333333,1.12,151.308271111111,-2.07698085106383
-3.213494,136.613928947368,2022-09-24,284.8,28.65,0,0.864166666666667,30.6383333333333,10.3829166666667,1.33,136.613928947368,-3.213494
-2.86608510638298,107.675854761905,2022-09-25,258.9,29.05,0,0.9925,30.0304166666667,10.3979166666667,1.45,107.675854761905,-2.86608510638298
-1.54254108695652,170.242831818182,2022-09-26,227.7,26.45,0.432,1.14583333333333,29.5845833333333,10.4620833333333,1.01,170.242831818182,-1.54254108695652
-1.68849479166667,118.568355319149,2022-09-27,293,25.05,0,0.49125,24.8691666666667,10.7158333333333,1.53,118.568355319149,-1.68849479166667
-2.51617638297872,55.9853617391304,2022-09-28,293.5,23,0,0.568421052631579,21.8247368421053,10.6989473684211,1.43,55.9853617391304,-2.51617638297872
-2.67758520833333,39.6832368085106,2022-09-29,292.4,21.55,0,0.51,19.6833333333333,10.7406666666667,1.18,39.6832368085106,-2.67758520833333
-3.08923006666667,63.3527925,2022-09-30,286.7,22.1,0,0.575384615384615,20.8953846153846,10.8123076923077,1.1,63.3527925,-3.08923006666667
-2.38121632608696,41.1363682608696,2022-10-01,286.8,22.85,0,0.688888888888889,23.5811111111111,10.6738888888889,1.34,41.1363682608696,-2.38121632608696
-2.07272468085106,44.9842297826087,2022-10-02,284.4,23.2,0,0.728666666666667,22.992,10.572,1.38,44.9842297826087,-2.07272468085106
-2.33631788888889,41.9934065116279,2022-10-03,276.9,25,0,0.53,23.2453333333333,10.6613333333333,1.48,41.9934065116279,-2.33631788888889
-1.19512021276596,36.7420489361702,2022-10-04,212,25.35,0,0.619444444444444,24.2844444444444,10.8816666666667,1.22,36.7420489361702,-1.19512021276596
-2.74789707317073,26.272269047619,2022-10-05,236.3,25.85,0,0.79625,24.56,11.3545833333333,1.17,26.272269047619,-2.74789707317073
-2.90282665957447,33.3610293181818,2022-10-06,255.6,25.25,0,0.7825,24.9245833333333,11.7966666666667,1.17,33.3610293181818,-2.90282665957447
-3.13354895555556,38.1290235294118,2022-10-07,248.8,26,0,0.659583333333333,26.1420833333333,13.1420833333333,1.48,38.1290235294118,-3.13354895555556
-1.9181349047619,NA,2022-10-08,241.7,23.7,0,0.449166666666667,25.84,12.9345833333333,1.14,29.5305724419998,-1.9181349047619
-1.6103335625,NA,2022-10-09,202.8,22.65,0,0.5305,23.2875,12.934,1.3,28.9231204800259,-1.6103335625
-1.56788260869565,NA,2022-10-10,263.1,23,0,0.641666666666667,22.96125,13.31625,1.32,28.8990844310116,-1.56788260869565
-1.56912106382979,NA,2022-10-11,182.7,22.85,0,0.722083333333333,23.9820833333333,14.2783333333333,0.9,21.4271121330924,-1.56912106382979
-2.5747734,NA,2022-10-12,219,26.8,6,0.86375,26.48375,15.88625,1.07,24.4763211062227,-2.5747734
-2.62673702564103,NA,2022-10-13,218.9,24.75,0,0.78625,27.1916666666667,15.8908333333333,0.73,27.2019784990116,-2.62673702564103
-0.964020347826087,NA,2022-10-14,255.8,25.2,0,0.760833333333333,26.0470833333333,16.3179166666667,1.25,28.5844332937351,-0.964020347826087
-1.36519285106383,NA,2022-10-15,254.3,24.4,0,0.700416666666667,25.72125,16.5116666666667,0.93,24.1938352146369,-1.36519285106383
-1.83220065217391,NA,2022-10-16,211.2,25.85,0.192,0.715,26.195,16.7333333333333,0.93,24.2515354849452,-1.83220065217391
-0.673905023255814,NA,2022-10-17,186.4,19.45,0,0.663478260869565,25.8460869565217,16.7704347826087,0.21,31.925643608282,-0.673905023255814
-1.79378193617021,NA,2022-10-18,228.2,13.2,0,0.264444444444444,18.5133333333333,16.9244444444444,0.63,50.6654627008086,-1.79378193617021
-2.38197162790698,NA,2022-10-19,257.3,13.25,0,0.184666666666667,12.3633333333333,16.2993333333333,0.7,40.5497036747357,-2.38197162790698
-2.70710352272727,NA,2022-10-20,255,15.2,0,0.351875,15.30125,15.759375,0.94,43.339894937705,-2.70710352272727
-2.81271431136364,NA,2022-10-21,245.4,20.55,0,0.365833333333333,18.7291666666667,15.8620833333333,1.11,28.6612155042611,-2.81271431136364
-2.09237875555556,NA,2022-10-22,238,21.45,0,0.487083333333333,21.1308333333333,15.895,0.81,27.6459036583761,-2.09237875555556
-1.66381941304348,NA,2022-10-23,241.6,24.85,0,0.664583333333333,22.44125,15.9304166666667,1.16,31.8169668493381,-1.66381941304348
-2.24188184090909,NA,2022-10-24,217.4,26.15,0,0.821666666666667,23.65625,16.0741666666667,1.17,30.6112829980483,-2.24188184090909
-1.37232322222222,NA,2022-10-25,157.8,22.8,1.152,0.996666666666667,23.7545833333333,16.89875,0.63,29.6869672066694,-1.37232322222222
-1.74843558666667,NA,2022-10-26,241.4,18.5,0,0.722,22.0166666666667,17.0546666666667,0.93,24.2733102756991,-1.74843558666667
-0.839526130434783,29.4086389130435,2022-10-27,219,19.55,0,0.78,21.519,16.8555,0.81,29.4086389130435,-0.839526130434783
0.0800365869565218,24.7319454761905,2022-10-28,158.6,19.25,0.432,0.823684210526316,20.6205263157895,17.1110526315789,0.49,24.7319454761905,0.0800365869565218
NA,29.420465,2022-10-29,153.6,23.45,4.176,0.945,22.0491666666667,17.00375,0.7,29.420465,-0.372554157840169
-2.00843844680851,31.549191025641,2022-10-30,223.6,21.55,0,0.85,21.6347368421053,17.2773684210526,0.85,31.549191025641,-2.00843844680851
-2.83902069047619,26.7883513157895,2022-10-31,127.8,19.9,0,0.8415,22.0845,17.624,0.61,26.7883513157895,-2.83902069047619
-0.882713048780488,25.5569325,2022-11-01,205.7,21.45,0,0.806666666666667,22.1228571428571,17.6861904761905,0.88,25.5569325,-0.882713048780488
-1.49006862790698,23.087303902439,2022-11-02,159.8,22.3,0,0.635,22.186,17.746,1,23.087303902439,-1.49006862790698
-0.560076291666667,27.37856,2022-11-03,202,24.8,0,0.721666666666667,23.625,17.8979166666667,1.31,27.37856,-0.560076291666667
-1.41379982978723,48.2600422222222,2022-11-04,182.4,25.7,0,1.07125,24.5966666666667,17.8695833333333,1.07,48.2600422222222,-1.41379982978723
NA,NA,2022-11-05,90,21.65,8.256,1.24416666666667,23.61875,17.9404166666667,0.49,19.6551449169563,-0.218545859852384
-1.62740516666667,35.2385248387097,2022-11-06,180.6,25.65,0,1.17708333333333,24.3525,18.40375,1.11,35.2385248387097,-1.62740516666667
-0.75558669047619,NA,2022-11-07,186.5,26.35,0,0.72375,25.4966666666667,18.5916666666667,1.26,26.5234475505212,-0.75558669047619
-0.374724787234043,NA,2022-11-08,189.8,25.75,0,0.72,26.044,18.9005,1.27,29.5968372447348,-0.374724787234043
-0.825591340425532,NA,2022-11-09,194,22.65,0,0.661666666666667,24.0825,18.94125,1.07,33.0280569401993,-0.825591340425532
-1.72344044680851,NA,2022-11-10,182.2,20.45,0,0.72125,22.7445833333333,18.98375,0.9,24.6722275879236,-1.72344044680851
-1.1877942826087,NA,2022-11-11,196.3,20.45,0,0.726,22.578,19.3585,0.97,25.1527891392292,-1.1877942826087
1.22099864444444,NA,2022-11-12,103.5,12.9,0,0.667,21.936,19.49,0.13,32.6464979081592,1.22099864444444
-2.15893593478261,NA,2022-11-13,182.6,10.9,0,0.382,13.604,17.51,0.46,25.6620409581314,-2.15893593478261
-2.01121395652174,NA,2022-11-14,140.7,15.2,25.248,0.693684210526316,14.2747368421053,17.7863157894737,0.34,33.6173057622834,-2.01121395652174
-0.153936891891892,NA,2022-11-15,168,11.75,0,1.14705882352941,15.5905882352941,17.1594117647059,0,27.7176837984604,-0.153936891891892
-1.50285691666667,NA,2022-11-16,122.4,10.75,0,0.316666666666667,11.2244444444444,17.1566666666667,0.38,29.0295501175852,-1.50285691666667
-0.451770041666667,NA,2022-11-17,88.8,10.05,0,0.188181818181818,9.79,17.9327272727273,0.48,25.5770314035135,-0.451770041666667
-0.889484739130435,NA,2022-11-18,173,11.15,1.056,0.15,9.50444444444445,17.96,0.48,24.8631709964548,-0.889484739130435
NA,NA,2022-11-19,52.7,10.45,3.888,0.169230769230769,11.0046153846154,17.8284615384615,0.16,26.2564510470738,0.465902188930538
-0.910242652173913,NA,2022-11-20,136.4,11.35,0,0.311428571428571,10.9857142857143,17.2257142857143,0.39,28.3358059772939,-0.910242652173913
-1.65417095555556,NA,2022-11-21,77.7,11.9,0,0.379285714285714,13.4842857142857,17.3264285714286,0.37,26.418695878379,-1.65417095555556
0.406678868085106,NA,2022-11-22,43.4,14.45,0,0.4975,12.7475,17.9475,0.44,25.0448031751599,0.406678868085106
-1.21498097826087,NA,2022-11-23,71.8,18.85,0,0.594705882352941,16.0188235294118,18.3841176470588,0.71,28.6733352110667,-1.21498097826087
-0.132311066666667,NA,2022-11-24,121.1,19.85,11.568,0.819444444444444,18.1111111111111,18.9561111111111,0.47,27.4207501772273,-0.132311066666667
NA,NA,2022-11-25,69,18.35,2.496,0.801052631578947,18.01,18.2368421052632,0.26,26.2220201015929,0.404486734782155
NA,NA,2022-11-26,65.5,17.7,13.68,0.921,18.149,19.2005,0.23,25.4995875608382,0.602821707777603
-0.528191319148936,NA,2022-11-27,176.7,18.4,0,0.862222222222222,18.1372222222222,20.2494444444444,0.57,25.2342153164498,-0.528191319148936
-1.15821808510638,NA,2022-11-28,86.7,19.9,0,0.760588235294118,19.3582352941176,20.2811764705882,0.65,33.0845464375323,-1.15821808510638
-0.983763369565217,NA,2022-11-29,95.9,24.15,12.192,0.73875,21.6391666666667,19.6979166666667,0.9,27.0006451211818,-0.983763369565217
-0.482625568181818,NA,2022-11-30,129.1,14.2,0,0.984615384615385,21.8215384615385,18.8115384615385,0.11,29.1927358139233,-0.482625568181818
-0.898534326086956,NA,2022-12-01,171.8,13.5,0,0.228095238095238,13.0847619047619,18.8766666666667,0.44,26.4433818890083,-0.898534326086956
-1.20172439130435,NA,2022-12-02,149.8,15.65,0,0.6125,16.1533333333333,18.5545833333333,0.37,39.2696932719888,-1.20172439130435
-0.218203023255814,NA,2022-12-03,137.9,22.1,0.528,0.65,20.4545833333333,18.735,0.91,32.6017892784033,-0.218203023255814
0.6116895,NA,2022-12-04,119.9,19.35,0,0.584,22.172,18.884,0.54,24.3552217108627,0.6116895
-0.259298869565217,NA,2022-12-05,132.4,21.95,0.864,0.751304347826087,21.7295652173913,18.8630434782609,0.95,30.6817635559472,-0.259298869565217
-0.442828770833333,NA,2022-12-06,159.1,24.95,0,0.75,22.4473913043478,19.0065217391304,1.28,31.6293384812845,-0.442828770833333
-0.63976288372093,NA,2022-12-07,164.3,24.5,0,0.742105263157895,23.7005263157895,19.2184210526316,1.17,29.6783139167934,-0.63976288372093
0.444009666666667,NA,2022-12-08,160.7,22.45,0,0.689375,24.23375,19.125625,0.95,26.9853984985438,0.444009666666667
-0.00593311111111107,32.27320625,2022-12-09,160.9,22.75,0,0.710588235294118,24.2323529411765,18.9564705882353,1.17,32.27320625,-0.00593311111111107
-1.08718055555556,22.461005,2022-12-10,167.3,23.65,0.144,0.716470588235294,23.93,18.7629411764706,1.24,22.461005,-1.08718055555556
NA,16.20114,2022-12-11,90.9,20.95,14.304,0.7665,22.0088888888889,17.3661111111111,0.81,16.20114,-0.0152334610253537
0.00424249999999998,26.265058372093,2022-12-12,99.6,20.55,0,0.667,21.2185,14.465,0.79,26.265058372093,0.00424249999999998
-0.765104779166667,20.0443302380952,2022-12-13,161.1,21.7,0,0.9,21.4908333333333,15.8983333333333,0.85,20.0443302380952,-0.765104779166667
-0.924746813953488,15.7002397142857,2022-12-14,105.4,19.3,10.272,1.44166666666667,22.2370833333333,17.5783333333333,0.55,15.7002397142857,-0.924746813953488
-0.804614161363636,24.2528166666667,2022-12-15,170.1,14.4,0,0.63125,18.1325,17.1879166666667,0.78,24.2528166666667,-0.804614161363636
-1.22499311627907,19.1986923263158,2022-12-16,168.4,14.45,0,0.765833333333333,16.63125,17.6820833333333,0.88,19.1986923263158,-1.22499311627907
-0.00435938636363634,22.4544391111111,2022-12-17,39.6,12.1,0,0.429583333333333,13.755,17.905,0.5,22.4544391111111,-0.00435938636363634
-1.39180929787234,19.668,2022-12-18,171.7,9.75,0,0.4795,11.781,17.9905,0.56,19.668,-1.39180929787234
NA,NA,2022-12-19,71.1,9.95,20.88,0.43,11.58125,17.81875,0.18,25.3026470128047,0.340001243661176
NA,NA,2022-12-20,58.3,11.4,0.96,0.721666666666667,11.63375,14.2108333333333,0.17,26.6455598316848,0.695199721649454
NA,NA,2022-12-21,106.4,10.3,0,0.823529411764706,12.0505882352941,12.24,0.08,28.1793237426975,0.560798606427374
NA,NA,2022-12-22,96.2,8,0.384,0.937619047619048,13.5752380952381,15.3309523809524,0.05,28.9848531018034,0.619338721694347
NA,NA,2022-12-23,163.7,-0.8,0,0.484285714285714,8.19142857142857,16.2071428571429,0.13,27.1943181228411,-0.0633750334481851
NA,NA,2022-12-24,154.4,-0.2,0,1.22076923076923,4.818,14.576,0.24,28.5210947696497,-0.256478697919771
NA,NA,2022-12-25,171.2,5.2,0,0.454444444444444,6.69555555555556,14.0088888888889,0.45,25.8981828524772,-1.07740106775793
NA,NA,2022-12-26,160.9,8.35,0,0.531538461538462,8.68538461538462,13.1469230769231,0.48,24.9831764862674,-0.787734913705445
NA,NA,2022-12-27,113.6,11.55,0,0.523076923076923,10.2015384615385,12.5238461538462,0.52,20.8211153426601,-0.560572353781648
NA,NA,2022-12-28,109.4,14.8,0,0.530952380952381,12.8204761904762,12.8633333333333,0.49,22.7114641459712,-0.748048679291587
NA,NA,2022-12-29,101.8,19.55,1.536,0.597083333333333,17.3091666666667,12.87875,0.81,25.7348425728449,-0.140085404323075
NA,NA,2022-12-30,76.7,16.45,28.56,0.945833333333333,16.8416666666667,11.53625,0.27,29.8135267387628,-0.00895286166127866
NA,NA,2022-12-31,147.5,17.05,0,0.969166666666667,16.1604166666667,12.81375,0.42,39.5838353650866,-0.583219265497083
-2.09876948648649,NA,2023-01-01,159.8,15.85,0,0.688333333333333,16.9995833333333,14.0166666666667,0.31,48.9043549161545,-2.09876948648649
0.354357234042553,NA,2023-01-02,155,22.3,0,0.779583333333333,19.54625,14.0225,0.9,23.7033423852896,0.354357234042553
0.499157043478261,NA,2023-01-03,133,20.3,9.36,1.05208333333333,19.8858333333333,14.4570833333333,0.64,25.5533373292971,0.499157043478261
0.536559045454545,NA,2023-01-04,167.6,18.85,0,1.01875,19.98,14.9729166666667,0.9,22.1595690718467,0.536559045454545
-0.394740581395349,NA,2023-01-05,173.7,16.1,0,0.7295,18.8375,15.371,0.92,31.2377105662559,-0.394740581395349
-1.14289706521739,NA,2023-01-06,166.7,13.3,0,0.685294117647059,17.9829411764706,15.2894117647059,0.64,36.7733273607669,-1.14289706521739
-0.707051909090909,NA,2023-01-07,170.4,17.95,0,0.688421052631579,18.7194736842105,14.7478947368421,0.88,20.3641173450584,-0.707051909090909
1.61445742,NA,2023-01-08,85.4,14.35,1.536,0.701111111111111,18.3327777777778,14.5783333333333,0.31,26.8755506709395,1.61445742
-0.964900311363636,NA,2023-01-09,161.2,13.35,0,0.596470588235294,17.8635294117647,14.2347058823529,0.4,26.4648650539158,-0.964900311363636
-0.763104187804878,NA,2023-01-10,172.5,16.45,0,0.606363636363636,17.8909090909091,14.2054545454545,0.73,24.2921193607108,-0.763104187804878
-0.0709596333333333,18.6526076086957,2023-01-11,170.8,21.15,0,0.707916666666667,20.5008333333333,14.10875,0.91,18.6526076086957,-0.0709596333333333
1.21155688888889,14.2903318444444,2023-01-12,150.1,18.3,1.536,0.759130434782609,20.6226086956522,14.0026086956522,0.75,14.2903318444444,1.21155688888889
-0.60310710625,23.7397140425532,2023-01-13,171,7.65,0,0.477342995169082,16.620193236715,12.9146376811594,0.38,23.7397140425532,-0.60310710625
-1.55901428888889,17.7581868888889,2023-01-14,180.1,8,0,0.195555555555556,12.6177777777778,11.8266666666667,0.46,17.7581868888889,-1.55901428888889
-1.60031275609756,11.902695725,2023-01-15,161.9,11.55,0,0.446153846153846,14.9108333333333,8.48916666666667,0.51,11.902695725,-1.60031275609756
-0.159383893617021,18.4562958333333,2023-01-16,176.8,17.65,0,0.686666666666667,15.1025,8.9825,0.63,18.4562958333333,-0.159383893617021
-0.559800762765957,16.3727993181818,2023-01-17,165,22.45,0,0.95,17.5495833333333,9.50166666666667,0.96,16.3727993181818,-0.559800762765957
-0.258741574468085,21.89754075,2023-01-18,156.3,20.4,1.632,0.949166666666667,18.9666666666667,9.88958333333333,0.71,21.89754075,-0.258741574468085
-0.4643431975,13.374959,2023-01-19,159.5,18.8,0.144,0.932173913043478,19.6586956521739,11.0769565217391,0.95,13.374959,-0.4643431975
-0.842869627659574,11.2036371428571,2023-01-20,143.3,13.15,0,0.705333333333333,16.304,10.7746666666667,0.54,11.2036371428571,-0.842869627659574
0.0665954809523809,8.34690282352941,2023-01-21,117.3,17.6,5.568,0.8325,15.815625,10.69375,0.75,8.34690282352941,0.0665954809523809
2.04036958333333,27.1777766666667,2023-01-22,75.6,10.95,0.24,0.861111111111111,15.9888888888889,11.3016666666667,0.13,27.1777766666667,2.04036958333333
-1.89142884782609,16.3698076086957,2023-01-23,193.3,10.05,0,0.493333333333333,13.9316666666667,11.6783333333333,0.46,16.3698076086957,-1.89142884782609
0.0455316636363636,9.49042313333333,2023-01-24,101.2,14.75,2.688,0.753529411764706,14.9288235294118,11.7082352941176,0.46,9.49042313333333,0.0455316636363636
-1.14590741860465,18.7116306976744,2023-01-25,171,11.8,0,0.925,14.6725,11.5733333333333,0.39,18.7116306976744,-1.14590741860465
-1.76328031914894,16.609377173913,2023-01-26,175.7,10.95,0,0.776428571428571,15.212380952381,11.6172222222222,0.67,16.609377173913,-1.76328031914894
-1.43344906382979,17.1936748888889,2023-01-27,189.4,11.6,0,0.627857142857143,15.7522619047619,11.6611111111111,0.7,17.1936748888889,-1.43344906382979
-1.53281606382979,12.2792686086957,2023-01-28,170,17.25,0,0.479285714285714,16.2921428571429,11.705,0.83,12.2792686086957,-1.53281606382979
-0.613924826086957,NA,2023-01-29,140.2,19.45,0.672,0.480588235294118,18.7858823529412,11.6347058823529,0.7,18.7307943896593,-0.613924826086957
-0.0400856808510638,NA,2023-01-30,177.9,23,0,0.61375,21.401875,11.520625,1.12,24.231287005315,-0.0400856808510638
-0.268667955813953,NA,2023-01-31,134.4,21.15,0,0.528,23.1713333333333,11.6046666666667,0.95,19.2466328616772,-0.268667955813953
NA,NA,2023-02-01,162.3,16.15,0,0.579166666666667,19.6125,11.6591666666667,0.3,32.2212362957399,-0.405413570637202
-1.03279263636364,NA,2023-02-02,71.3,17.55,1.824,0.515625,19.53125,11.673125,0.57,18.2722856893607,-1.03279263636364
0.205222209302326,13.9076792083333,2023-02-03,190.6,11.55,0,0.285714285714286,15.8728571428571,11.6885714285714,0.56,13.9076792083333,0.205222209302326
-1.59375966666667,9.56529711538461,2023-02-04,191.5,13.95,0,0.367777777777778,16.0644444444444,11.5466666666667,0.68,9.56529711538461,-1.59375966666667
-1.65207035744681,NA,2023-02-05,153.3,15.35,0,0.480769230769231,19.3638461538462,11.5469230769231,0.71,21.3924713568533,-1.65207035744681
-2.44619612195122,NA,2023-02-06,203.7,16.95,0,0.466923076923077,20.4246153846154,11.5638461538462,0.81,18.5976663501612,-2.44619612195122
-0.609118590909091,NA,2023-02-07,175.4,21.05,0.816,0.458260869565217,21.1613043478261,11.645652173913,0.79,20.106543926588,-0.609118590909091
-0.830354340425532,NA,2023-02-08,134,19.9,17.904,0.585,22.9925,11.83375,0.53,18.0716872226814,-0.830354340425532
-3.93676166666667,NA,2023-02-09,115.7,18.2,0,0.602083333333333,19.8775,10.0679166666667,0.54,16.1041911075915,-3.93676166666667
NA,NA,2023-02-10,54.6,14.8,6.912,0.261,16.4715,10.0635,0.36,27.0801724001858,-0.964007881694533
1.14990531818182,NA,2023-02-11,113.4,11.7,0,0.259411764705882,14.1,10.32,0.38,25.1433491397108,1.14990531818182
-1.84018673125,NA,2023-02-12,222.6,12.1,0,0.04,16.55,11.65,0.75,40.7442876164622,-1.84018673125
-2.59328041304348,NA,2023-02-13,218.3,16.5,0,0.24,18.7175,11.02875,0.96,37.8497712520051,-2.59328041304348
-2.57877860465116,NA,2023-02-14,203.3,18.95,0,0.762857142857143,18.8364285714286,8.97071428571429,0.69,14.7237487555776,-2.57877860465116
-1.25839725,NA,2023-02-15,193.6,24.25,0,0.715789473684211,20.0594736842105,8.39315789473684,1.12,26.0015200707696,-1.25839725
-1.60985613191489,NA,2023-02-16,150.6,19.4,2.4,0.951,20.7025,7.373,0.51,20.8774012303799,-1.60985613191489
-3.54406454054054,NA,2023-02-17,188.8,8.75,0,0.5875,19.365,6.9375,0.28,22.6654975699841,-3.54406454054054
-2.77847458695652,NA,2023-02-18,209.8,11.8,0,0.621428571428571,16.1485714285714,7.78428571428571,0.57,23.8270622780762,-2.77847458695652
-2.76534402272727,NA,2023-02-19,192.8,16.9,0,0.513636363636364,18.1363636363636,7.91454545454545,0.83,18.630145475,-2.76534402272727
-1.72122660869565,NA,2023-02-20,186.5,21.9,0,0.435714285714286,20.89,7.935,1.05,27.7142218853806,-1.72122660869565
-1.12680876595745,NA,2023-02-21,221.8,23.1,0,0.41,22.8911764705882,7.77411764705882,1.06,27.1197350839563,-1.12680876595745
-1.31064252083333,NA,2023-02-22,224.3,23.85,0,0.66,23.5283333333333,7.84083333333333,1.16,32.7216089454689,-1.31064252083333
-0.906217145833333,NA,2023-02-23,217.1,24.4,0,0.610952380952381,23.8066666666667,7.80095238095238,1.15,34.2607297511161,-0.906217145833333
-1.44677641304348,NA,2023-02-24,219.8,18.95,0,0.4605,24.2055,7.602,0.45,29.4406615127077,-1.44677641304348
-1.03292675,NA,2023-02-25,231.1,17.85,0,0.339285714285714,25.2135714285714,7.53928571428571,0.38,32.9252774811619,-1.03292675
-1.96587614893617,NA,2023-02-26,233.3,20.65,0,0.476666666666667,25.7086666666667,7.50266666666667,0.74,23.0757957221785,-1.96587614893617
-1.73396595833333,NA,2023-02-27,232.6,23.6,0,0.795,23.8015,7.1705,1.08,23.3723814451403,-1.73396595833333
-2.06613629166667,NA,2023-02-28,234.1,21.8,0,0.6425,25.058,6.8225,0.77,19.6268383047337,-2.06613629166667
-3.06742331914894,NA,2023-03-01,221.2,14.8,7.44,0.723809523809524,25.5185714285714,6.56619047619048,0,39.0581131214249,-3.06742331914894
-3.16543041666667,NA,2023-03-02,222.1,24.3,0,0.935,25.0695454545455,6.31318181818182,0.95,38.9819935651203,-3.16543041666667
-2.98559727659574,NA,2023-03-03,238.1,21.7,0,1.36458333333333,23.9570833333333,6.04125,1.01,32.796920534204,-2.98559727659574
-3.94632128888889,NA,2023-03-04,250.2,19.95,0,0.611111111111111,22.84,6.28222222222222,1.09,32.2035342442139,-3.94632128888889
-3.49386063478261,NA,2023-03-05,257,21.55,0,0.598947368421053,23.9884210526316,6.41210526315789,1.06,30.5875380229417,-3.49386063478261
-1.89084973541667,NA,2023-03-06,250.3,24.35,0,0.590833333333333,25.4145833333333,6.35958333333333,1.03,41.8280851438321,-1.89084973541667
-1.71620464583333,NA,2023-03-07,219.4,23,0,0.579166666666667,25.9108333333333,6.53166666666667,0.82,35.0029430067118,-1.71620464583333
-3.96130531914894,NA,2023-03-08,235.1,23.6,0,0.411666666666667,27.16125,6.4175,0.98,50.7773031050422,-3.96130531914894
-2.92817231914894,NA,2023-03-09,246.3,24.4,0,0.51,27.115,6.49416666666667,1.14,58.0981929343955,-2.92817231914894
-2.35244564583333,NA,2023-03-10,190.1,22.75,0.144,0.54375,25.3304166666667,6.37208333333333,0.99,35.2676962992356,-2.35244564583333
-3.76870854166667,NA,2023-03-11,242.7,23.25,0,0.830833333333333,24.04,6.07291666666667,0.98,29.8142644425647,-3.76870854166667
-2.76415644444444,NA,2023-03-12,201.4,21.45,0,1.19086956521739,24.0317391304348,6.04,0.67,27.5478800280845,-2.76415644444444
-3.15814465116279,NA,2023-03-13,231.7,15.3,0,0.366153846153846,19.3223076923077,6.53461538461538,0.56,32.1464385535669,-3.15814465116279
-6.29264612820513,NA,2023-03-14,153.6,14.05,0.144,0.622666666666667,16.3673333333333,6.442,0.65,29.9602430012129,-6.29264612820513
-3.82341700208333,NA,2023-03-15,256.9,14.05,0,0.822,17.2173333333333,6.33733333333333,0.62,34.0162558324537,-3.82341700208333
-5.22269140425532,NA,2023-03-16,269.8,18.75,0,1.00428571428571,17.8042857142857,6.47380952380952,0.65,25.9549124432829,-5.22269140425532
NA,NA,2023-03-17,152.2,17.9,0.816,0.85875,18.97625,6.46416666666667,0.47,26.3898229795101,-1.15204313526765
-3.15373569574468,NA,2023-03-18,71.6,11.75,0,0.526666666666667,13.5608333333333,7.19,0.58,18.1746419978763,-3.15373569574468
-4.278243,NA,2023-03-19,195.9,8.95,0,0.281818181818182,12.4545454545455,7.25818181818182,0.51,22.5040511198161,-4.278243
-4.00412491489362,NA,2023-03-20,271.4,8.75,0,0.358,15.395,7.129,0.44,33.5189279398549,-4.00412491489362
-4.93122187234043,NA,2023-03-21,143,15.35,0,0.369130434782609,17.0326086956522,7.30695652173913,0.6,29.5330029788629,-4.93122187234043
-4.70380047916667,NA,2023-03-22,272,20.05,0,0.47625,20.3525,7.31208333333333,0.69,16.5908792596459,-4.70380047916667
-4.31206235416667,NA,2023-03-23,270.4,22.95,0,0.574166666666667,22.4141666666667,7.30875,0.91,16.8546734408196,-4.31206235416667
-4.45702633333333,NA,2023-03-24,276.5,24.35,0,0.905833333333333,23.08,7.56958333333333,0.92,22.945084854072,-4.45702633333333
-2.29712391086957,NA,2023-03-25,254.6,26.35,0.336,0.937083333333333,24.055,8.0275,1.3,55.8859590862953,-2.29712391086957
-4.2180475,NA,2023-03-26,245.8,26.3,0,1.06,24.9491666666667,8.58583333333333,1.26,36.7874244429407,-4.2180475
-3.42312625,NA,2023-03-27,218.7,25.9,0,0.812083333333333,25.70625,8.76041666666667,1.16,26.7012839620571,-3.42312625
NA,NA,2023-03-28,193.3,21.3,1.392,0.61,24.657,8.8275,0.63,23.7857940327604,-1.22025836229478
-2.54349774468085,NA,2023-03-29,95,16.15,0.144,0.572307692307692,18.8384615384615,8.79230769230769,0.56,23.0580359664435,-2.54349774468085
-6.18009470212766,NA,2023-03-30,286.7,19.8,0,0.721578947368421,20.8978947368421,8.88947368421053,0.79,13.8839371222932,-6.18009470212766
-5.92658905,NA,2023-03-31,257.2,24.65,0,0.819583333333333,23.1975,9.02041666666667,1.1,16.7045867115141,-5.92658905
-3.66539879166667,NA,2023-04-01,156.8,24.35,0,0.568333333333333,25.7525,9.21125,1.05,22.8486742923729,-3.66539879166667
-4.63145589130435,NA,2023-04-02,240.7,23.05,0,0.607368421052632,26.0136842105263,9.34263157894737,0.96,17.4125442729075,-4.63145589130435
-4.32294922916667,NA,2023-04-03,291.7,26.45,0,0.905416666666667,26.11,9.34375,1.24,38.4326437953397,-4.32294922916667
-5.4780641875,NA,2023-04-04,285.3,26.85,0,1.08125,26.6954166666667,9.25833333333333,1.39,50.1983879428536,-5.4780641875
-5.03943020833333,NA,2023-04-05,279.6,26.55,0,1.22375,26.4170833333333,9.68708333333333,1.31,40.3068826555626,-5.03943020833333
-2.73055395348837,NA,2023-04-06,267.5,25.15,2.208,0.864166666666667,25.90375,9.51666666666667,1.05,16.4821664930164,-2.73055395348837
1.312031125,NA,2023-04-07,214.3,23.9,18.912,0.718333333333333,24.81625,8.59,0.79,22.1711611525868,1.312031125
-4.42483222222222,NA,2023-04-08,171.9,22.15,0,0.697142857142857,24.4947619047619,8.47761904761905,0.8,18.8489877334017,-4.42483222222222
-0.980380977272727,NA,2023-04-09,125.8,17.75,0,0.492,19.9446666666667,9.05733333333333,0.34,23.3445540145361,-0.980380977272727
-4.85796790697674,NA,2023-04-10,241.1,20.55,0.192,0.702,19.989,9.5895,0.82,16.8154443051413,-4.85796790697674
-0.0995137999999999,7.09377958064516,2023-04-11,189.2,20.3,0.384,0.81,19.6585,9.672,0.8,7.09377958064516,-0.0995137999999999
1.22198023809524,2.76823739393939,2023-04-12,192,18.8,2.976,0.865238095238095,19.3166666666667,9.80285714285714,0.52,2.76823739393939,1.22198023809524
-4.48874072340425,9.19279085416667,2023-04-13,279.9,19.8,0,1.19333333333333,19.3804166666667,9.9725,0.79,9.19279085416667,-4.48874072340425
-5.81913858695652,11.0112136808511,2023-04-14,312.2,21.8,0,1.06458333333333,21.4429166666667,10.05875,0.91,11.0112136808511,-5.81913858695652
NA,5.07403803703704,2023-04-15,171.1,22.6,35.376,1.1,22.13375,9.68,0.65,5.07403803703704,-1.12538769096531
-9.63454216216216,4.51557251351351,2023-04-16,277.2,19.15,0,0.57375,21.9945833333333,7.74916666666667,0.57,4.51557251351351,-9.63454216216216
-6.24700885555556,9.10132321428571,2023-04-17,332.7,18.25,0,0.321875,23.54625,8.405,1.19,9.10132321428571,-6.24700885555556
-5.65371397073171,12.128296,2023-04-18,299.3,19.45,0,0.393333333333333,22.4404166666667,8.96833333333333,1.09,12.128296,-5.65371397073171
-5.6245965106383,5.52721671428571,2023-04-19,282.2,22.55,0,0.685,22.65875,9.47041666666667,1.11,5.52721671428571,-5.6245965106383
-4.98222287083333,0.988929130434782,2023-04-20,319,23.55,0,0.805416666666667,23.7275,9.68916666666667,0.92,0.988929130434782,-4.98222287083333
-2.9669162,-2.2988117027027,2023-04-21,136.1,22.75,3.408,0.990833333333333,22.6358333333333,9.58416666666667,0.77,-2.2988117027027,-2.9669162
-7.87953141860465,7.55650711463415,2023-04-22,325.4,21.2,0,0.560909090909091,22.735,9.655,1.06,7.55650711463415,-7.87953141860465
-5.47480087708333,8.81608634146341,2023-04-23,290,21.65,0.192,0.81,22.34,9.70727272727273,1.17,8.81608634146341,-5.47480087708333
-6.65313642553191,NA,2023-04-24,228.9,20.65,0,0.612608695652174,20.3620833333333,9.75416666666667,0.96,17.4667377191058,-6.65313642553191
-5.31294657446808,NA,2023-04-25,287.7,22.3,0,1.00333333333333,21.4254545454545,9.84227272727273,1.01,16.3723559235096,-5.31294657446808
-5.51138355555556,NA,2023-04-26,234.5,24.25,0,0.892083333333333,23.2766666666667,9.9175,0.96,14.3482064275074,-5.51138355555556
NA,NA,2023-04-27,243.8,24.25,16.752,0.976666666666667,24.2141666666667,9.425,0.89,18.2509517314596,-2.46970993861912
-5.50600430434783,NA,2023-04-28,332.2,24.6,0,0.792916666666667,25.2970833333333,9.40875,1.38,30.6791085315254,-5.50600430434783
-2.21832776190476,NA,2023-04-29,243.1,21.65,1.296,0.729583333333333,23.8329166666667,9.69041666666667,0.82,15.3825536800103,-2.21832776190476
-4.68341426666667,NA,2023-04-30,334.9,21.95,0,0.281666666666667,25.2476923076923,9.63615384615385,1.28,32.3823674102431,-4.68341426666667
-4.26494174583333,NA,2023-05-01,367.8,22.85,0,0.18,25.1247619047619,9.97095238095238,1.04,24.1726122534604,-4.26494174583333
-6.35515886363636,NA,2023-05-02,367.8,23.65,0,0.09875,25.8045454545455,10.0827272727273,1.22,27.3504126813053,-6.35515886363636
-4.64525073913043,NA,2023-05-03,274.1,23.7,0,0.284166666666667,26.67125,10.2583333333333,1.23,31.8810890858816,-4.64525073913043
-5.3123959375,17.0377161304348,2023-05-04,367.8,25,0,0.45,26.19375,10.0529166666667,1.24,17.0377161304348,-5.3123959375
-3.64513134782609,14.3354051590909,2023-05-05,275.1,26.05,0.672,0.650833333333333,25.8366666666667,9.02333333333333,0.93,14.3354051590909,-3.64513134782609
NA,15.0911770588235,2023-05-06,163.7,23.3,22.896,0.723809523809524,24.2922727272727,7.79545454545455,0.42,15.0911770588235,-1.05958708591182
-5.13522416666667,9.09159793181818,2023-05-07,351.9,25.55,0,0.83,24.7636363636364,7.54954545454545,0.9,9.09159793181818,-5.13522416666667
-4.92058860416667,17.2307473617021,2023-05-08,191.3,26.45,0,0.897272727272727,26.385,8.04958333333333,0.98,17.2307473617021,-4.92058860416667
-5.11518270833333,15.0872649782609,2023-05-09,249.5,26.05,0.72,0.882083333333333,26.7916666666667,8.3275,0.91,15.0872649782609,-5.11518270833333
-3.85376810416667,14.8827863125,2023-05-10,276.9,26.05,0,0.835217391304348,26.50875,8.65458333333333,0.98,14.8827863125,-3.85376810416667
-5.643369375,13.3102420653191,2023-05-11,359.9,27.2,0,1.05291666666667,26.9870833333333,9.03208333333333,1.03,13.3102420653191,-5.643369375
-4.99646958333333,14.7553715,2023-05-12,357.3,27.65,0,0.8925,28.225,9.41541666666667,1.12,14.7553715,-4.99646958333333
-5.0765629375,13.9910723404255,2023-05-13,368.2,27,0,0.850833333333333,28.30625,9.83083333333333,1.01,13.9910723404255,-5.0765629375
-4.67709582608696,19.3236375555556,2023-05-14,367.4,27.5,0,0.665,29.585,10.1020833333333,1.17,19.3236375555556,-4.67709582608696
-2.64481477777778,30.4817736756757,2023-05-15,311,28,0.576,0.25125,30.5495833333333,10.2704166666667,1.4,30.4817736756757,-2.64481477777778
-5.00963853191489,20.1230908372093,2023-05-16,334.5,27.85,0.912,0.336666666666667,29.9595652173913,10.3447826086957,1.28,20.1230908372093,-5.00963853191489
-4.14307579487179,21.7015358333333,2023-05-17,308.1,26.75,5.328,0.58421052631579,27.9789473684211,10.3257894736842,1.12,21.7015358333333,-4.14307579487179
-4.18534173913044,19.4312879545455,2023-05-18,305.4,26.85,0,0.741052631578947,28.3968421052632,10.3826315789474,1.11,19.4312879545455,-4.18534173913044
-4.85655152083333,17.0673086666667,2023-05-19,341.7,27.5,0,0.737894736842105,28.8884210526316,10.3615789473684,1.1,17.0673086666667,-4.85655152083333
-5.65823976744186,20.84313,2023-05-20,330.2,28.1,2.592,0.673888888888889,29.2877777777778,10.3933333333333,1.22,20.84313,-5.65823976744186
-2.17771860416667,18.6066901363636,2023-05-21,250.1,26.2,0,0.576,27.782,10.3273333333333,0.82,18.6066901363636,-2.17771860416667
-4.64130645652174,22.9098737209302,2023-05-22,277.3,27.15,11.376,0.731764705882353,28.075,10.278125,1.17,22.9098737209302,-4.64130645652174
-3.14203830769231,6.63365210526316,2023-05-23,235.5,26.6,8.784,0.715,27.7166666666667,9.67055555555556,1.13,6.63365210526316,-3.14203830769231
-4.06810979166667,20.8140692682927,2023-05-24,293,25.5,0.192,0.672105263157895,27.6178947368421,9.69157894736842,0.89,20.8140692682927,-4.06810979166667
NA,13.3794250238095,2023-05-25,241.7,25.2,2.928,0.773181818181818,26.397619047619,9.65809523809524,1.12,13.3794250238095,-2.82239241559608
-5.01184129787234,13.7268541304348,2023-05-26,379.7,25.45,0,0.880416666666667,26.6354166666667,9.88041666666667,1.21,13.7268541304348,-5.01184129787234
-6.30983386046512,5.59117195121951,2023-05-27,225.3,24.1,0,0.866666666666667,26.4904166666667,10.6154166666667,0.84,5.59117195121951,-6.30983386046512
-5.97948311363636,20.5784066666667,2023-05-28,361.6,25.65,0,0.805416666666667,27.2158333333333,11.05875,1.22,20.5784066666667,-5.97948311363636
-6.72870282222222,10.1657737209302,2023-05-29,310.8,26.4,0,0.895833333333333,28.2029166666667,11.13875,1.31,10.1657737209302,-6.72870282222222
-2.39678771428571,18.8281056210526,2023-05-30,246.3,26.25,6.576,0.76125,27.5595833333333,11.2991666666667,1.15,18.8281056210526,-2.39678771428571
NA,26.1854171794872,2023-05-31,348.4,26.3,0,0.775833333333333,28.1733333333333,11.3658333333333,1.14,26.1854171794872,-3.86095725262874
-3.54459231363636,15.2774205263158,2023-06-01,362,26.7,7.44,0.887916666666667,27.7558333333333,11.39125,1.08,15.2774205263158,-3.54459231363636
-4.1474823875,19.2388421666667,2023-06-02,357.8,27.1,0,0.997916666666667,28.3541666666667,11.6825,1.26,19.2388421666667,-4.1474823875
-3.3766525,19.6457679487179,2023-06-03,321.6,27.75,0,1.14333333333333,28.9266666666667,12.1270833333333,1.24,19.6457679487179,-3.3766525
-3.02787546808511,30.1255990930233,2023-06-04,367.7,27.35,6.96,0.935416666666667,28.3416666666667,12.0829166666667,1.22,30.1255990930233,-3.02787546808511
-2.11171976595745,21.0149383181818,2023-06-05,347.7,26.35,0.72,1.04208333333333,28.2808333333333,12.2541666666667,1,21.0149383181818,-2.11171976595745
-4.27194376190476,7.59032846153846,2023-06-06,272.2,26.05,7.008,0.93625,27.2186363636364,12.5863636363636,1.1,7.59032846153846,-4.27194376190476
-2.52477881818182,22.6872905230769,2023-06-07,345.3,26.8,0.336,1.01739130434783,28.0535,12.4035,1.11,22.6872905230769,-2.52477881818182
-2.88906757446808,32.2575000555556,2023-06-08,327.5,28.1,0.576,0.88875,28.0454166666667,12.7641666666667,1.24,32.2575000555556,-2.88906757446808
-4.43043266666667,39.556086744186,2023-06-09,361.5,28.95,0,0.737916666666667,29.25,12.9825,1.29,39.556086744186,-4.43043266666667
-3.89040226666667,31.3666585,2023-06-10,351.9,29.15,0,0.759583333333333,30.1429166666667,13.18125,1.18,31.3666585,-3.89040226666667
-3.15036783333333,38.3680217391304,2023-06-11,354.1,29.45,0,0.74375,30.0366666666667,13.4525,1.26,38.3680217391304,-3.15036783333333
-3.24723063829787,41.8457,2023-06-12,384.8,29.75,0,0.640833333333333,30.37875,13.6220833333333,1.33,41.8457,-3.24723063829787
-3.36330734042553,39.0428893617021,2023-06-13,375.3,30.85,0,0.690416666666667,30.6441666666667,13.8204166666667,1.43,39.0428893617021,-3.36330734042553
-3.930270625,23.61160595,2023-06-14,373.9,30.95,0,1.04583333333333,30.4779166666667,13.4879166666667,1.2,23.61160595,-3.930270625
-4.13413479166667,34.58450175,2023-06-15,348.3,30.9,0,1.13916666666667,30.415,13.20625,1.2,34.58450175,-4.13413479166667
-2.60228082978723,40.0676182978723,2023-06-16,371.4,30.55,0,0.81625,30.3358333333333,13.4504166666667,1.13,40.0676182978723,-2.60228082978723
-3.80901229166667,47.3267285106383,2023-06-17,384.7,31.1,0,0.935238095238095,30.7209523809524,13.5947619047619,1.31,47.3267285106383,-3.80901229166667
-3.05062631914894,44.1042839130435,2023-06-18,294.5,31.6,0,0.796521739130435,30.4421739130435,13.7121739130435,1.37,44.1042839130435,-3.05062631914894
-4.102659375,40.8754493541667,2023-06-19,384.6,29,0,1.02608695652174,30.2382608695652,13.5778260869565,0.89,40.8754493541667,-4.102659375
0.394830460465116,43.7706076,2023-06-20,257.5,28.6,7.296,0.942272727272727,28.2928571428571,13.0361904761905,0.83,43.7706076,0.394830460465116
-4.66952697674419,NA,2023-06-21,276.2,29.4,4.752,0.763809523809524,28.2419047619048,12.4257142857143,1.01,43.6818926236398,-4.66952697674419
-3.73210960465116,NA,2023-06-22,272.1,29.3,1.872,0.6665,28.786,12.8275,1.07,43.1500017534336,-3.73210960465116
-1.32422913636364,NA,2023-06-23,283.9,28.5,3.216,0.497727272727273,28.3518181818182,12.7209090909091,1.07,41.1291420805628,-1.32422913636364
-2.82743342222222,NA,2023-06-24,327.4,29.5,0.576,0.3825,30.6377777777778,12.6544444444444,1.12,47.3180391638627,-2.82743342222222
-3.29227541666667,NA,2023-06-25,359.4,31,0,0.528260869565217,31.0639130434783,12.7034782608696,1.27,36.7330116457478,-3.29227541666667
-3.66156060416667,NA,2023-06-26,351.5,30.05,0.336,0.278571428571429,30.9915789473684,12.7094736842105,1.11,45.6183795182902,-3.66156060416667
-2.54961947916667,NA,2023-06-27,385.3,31.9,0,0.31,31.0952941176471,12.6794117647059,1.56,51.2961029252299,-2.54961947916667
-1.55859917021277,NA,2023-06-28,368,32.35,0,0.389166666666667,30.4616666666667,12.7158333333333,1.64,49.9655455132316,-1.55859917021277
-2.55842660416667,51.8462777272727,2023-06-29,347.2,31.7,1.392,0.448,31.8133333333333,12.6613333333333,1.41,51.8462777272727,-2.55842660416667
-3.2961869375,38.9896466666667,2023-06-30,387.4,31.05,0,0.7025,32.713125,12.55875,1.22,38.9896466666667,-3.2961869375
-3.1307385,34.4828490909091,2023-07-01,399.2,30.85,0,0.752941176470588,31.7088235294118,12.5047058823529,1.35,34.4828490909091,-3.1307385
-2.50539460416667,30.5065182978723,2023-07-02,390.8,30.55,0,0.853529411764706,31.6729411764706,12.8341176470588,1.33,30.5065182978723,-2.50539460416667
-2.65207146808511,30.3933429787234,2023-07-03,356.1,29.85,1.248,0.833684210526316,31.1931578947368,12.9447368421053,1.16,30.3933429787234,-2.65207146808511
-3.2046931627907,30.00546675,2023-07-04,321.1,29.75,3.216,0.831052631578947,30.6557894736842,13.1368421052632,1.03,30.00546675,-3.2046931627907
-0.858476065217391,34.176852625,2023-07-05,292.2,29.85,1.68,0.788235294117647,30.8505882352941,14.5611764705882,1.01,34.176852625,-0.858476065217391
-2.88090706976744,45.1716,2023-07-06,313.3,29.7,0.192,0.69,30.1305882352941,14.6117647058824,1.31,45.1716,-2.88090706976744
-4.77362011904762,45.6686558823529,2023-07-07,296.1,29.8,0,0.588333333333333,30.92,14.8738888888889,1.26,45.6686558823529,-4.77362011904762
-3.71984061904762,25.9447875609756,2023-07-08,285.4,29.25,4.272,0.474545454545455,30.7905263157895,13.1063157894737,1.02,25.9447875609756,-3.71984061904762
NA,37.2055272727273,2023-07-09,280.2,29.4,7.008,0.523333333333333,29.9808333333333,12.1733333333333,1.09,37.2055272727273,-3.04253658596639
-2.6288823255814,50.2850682926829,2023-07-10,283.9,30.15,7.2,0.398695652173913,30.9977272727273,11.9936363636364,1.37,50.2850682926829,-2.6288823255814
-2.28320251162791,47.273096,2023-07-11,255.1,29.85,1.824,0.458333333333333,30.7352941176471,12.4294117647059,1.08,47.273096,-2.28320251162791
-1.603878,41.8081577777778,2023-07-12,292,29.85,1.536,0.633333333333333,29.9605555555556,13.0733333333333,1.15,41.8081577777778,-1.603878
-1.03206714893617,39.5482395348837,2023-07-13,297.9,30.7,0.336,0.682105263157895,29.7384210526316,13.6357894736842,1.1,39.5482395348837,-1.03206714893617
-3.19060147916667,55.0637962790698,2023-07-14,339.4,31.1,0,0.672352941176471,29.9547058823529,14.5664705882353,1.22,55.0637962790698,-3.19060147916667
-3.334895875,50.8031485,2023-07-15,375.5,31.4,0.144,0.652352941176471,31.0647058823529,14.6694117647059,1.36,50.8031485,-3.334895875
-1.79048533043478,43.5569511111111,2023-07-16,353,29.95,9.072,0.572,30.964,14.788,1.06,43.5569511111111,-1.79048533043478
-3.87372951111111,36.0870755555556,2023-07-17,346,29.9,0.336,0.5625,30.2175,13.5175,1.23,36.0870755555556,-3.87372951111111
-3.98034364583333,36.4436249772727,2023-07-18,358.3,30.5,0,0.569375,32.04625,13.7575,1.14,36.4436249772727,-3.98034364583333
-3.78612809166667,40.0752593478261,2023-07-19,382.3,30.9,0,0.625882352941176,32.0911764705882,14.0064705882353,1.21,40.0752593478261,-3.78612809166667
-2.98051622916667,46.9412138636364,2023-07-20,391.5,31.5,0,0.515,32.4527777777778,14.2111111111111,1.4,46.9412138636364,-2.98051622916667
-2.25172446808511,55.767493902439,2023-07-21,353.1,32.25,0,0.454090909090909,32.1545454545455,14.2840909090909,1.49,55.767493902439,-2.25172446808511
-3.01683002173913,61.8529425,2023-07-22,334.2,29.45,3.936,0.406818181818182,31.8033333333333,14.3409523809524,1.17,61.8529425,-3.01683002173913
-0.471118955555556,20.7563951724138,2023-07-23,204.8,27.65,2.976,0.412173913043478,29.8669565217391,13.705652173913,0.94,20.7563951724138,-0.471118955555556
-2.59476382926829,41.1600924242424,2023-07-24,321.2,29.45,0,0.297916666666667,30.9604166666667,13.7029166666667,1.34,41.1600924242424,-2.59476382926829
-2.74915775609756,51.5786967368421,2023-07-25,383.9,29.95,0,0.284117647058824,30.3329411764706,13.9652941176471,1.41,51.5786967368421,-2.74915775609756
-3.56669059090909,40.4706588717949,2023-07-26,366.7,29.05,0,0.385625,30.85,14.38,1.12,40.4706588717949,-3.56669059090909
-1.46541159090909,44.2778892307692,2023-07-27,350.2,28.25,4.992,0.547333333333333,31.0126666666667,14.7866666666667,0.86,44.2778892307692,-1.46541159090909
-3.04959808510638,35.3201045,2023-07-28,362.9,29.35,0,0.529375,30.644375,15.62375,1.09,35.3201045,-3.04959808510638
-3.29336133333333,43.9691811363636,2023-07-29,346.7,29.55,0,0.646666666666667,31.14,16.1933333333333,1.01,43.9691811363636,-3.29336133333333
-4.7724049875,49.43070525,2023-07-30,331.4,29.7,0.432,0.632,31.4226666666667,16.5706666666667,1.09,49.43070525,-4.7724049875
-3.135686375,47.1243847826087,2023-07-31,332.4,31.2,0,0.66875,30.83,17.374,1.44,47.1243847826087,-3.135686375
-3.56421995833333,31.1801053333333,2023-08-01,358.8,31.05,0,0.70625,31.789375,17.605,1.1,31.1801053333333,-3.56421995833333
-1.09154604255319,18.5509205714286,2023-08-02,299.1,29.35,0,0.6325,30.4973333333333,17.68,0.73,18.5509205714286,-1.09154604255319
-3.98323093333333,37.9641612195122,2023-08-03,358.8,30.65,0,0.552941176470588,31.4076470588235,17.7570588235294,1.07,37.9641612195122,-3.98323093333333
-2.7199068125,35.4656688888889,2023-08-04,353.5,30.85,0,0.467,32.264,17.9545,1.14,35.4656688888889,-2.7199068125
-1.92978436170213,47.2787468085106,2023-08-05,347.8,31.1,0,0.310416666666667,32.7941666666667,18.1695833333333,1.16,47.2787468085106,-1.92978436170213
-1.6772993125,53.1124,2023-08-06,354.4,31.3,0,0.299166666666667,33.1041666666667,18.4154166666667,1.26,53.1124,-1.6772993125
-1.73456145833333,37.1362145833333,2023-08-07,359,31.5,0,0.454375,31.094375,18.56125,1.39,37.1362145833333,-1.73456145833333
-2.02540552083333,30.2690554166667,2023-08-08,332.6,31.7,0,0.532352941176471,31.089375,18.76625,1.33,30.2690554166667,-2.02540552083333
-1.60377882978723,28.3303542553192,2023-08-09,354.7,31,0,0.575555555555556,31.3623529411765,19.0617647058824,1.04,28.3303542553192,-1.60377882978723
-2.45214744680851,22.3437523913043,2023-08-10,365.3,31.7,0,0.671578947368421,30.8070588235294,19.3511764705882,1.22,22.3437523913043,-2.45214744680851
-2.43893564583333,26.3659336170213,2023-08-11,357.4,31.55,0,0.62,31.2,19.64,1.18,26.3659336170213,-2.43893564583333
-1.7209623125,33.7996433191489,2023-08-12,353,31.85,0,0.555333333333333,30.7086666666667,20.1913333333333,1.25,33.7996433191489,-1.7209623125
-1.42244833333333,33.9221953191489,2023-08-13,351.2,31.55,0,0.472666666666667,30.8892307692308,20.4123076923077,1.17,33.9221953191489,-1.42244833333333
-2.08921660416667,33.6855645238095,2023-08-14,348.6,32.1,0,0.437333333333333,31.0157142857143,20.4078571428571,1.35,33.6855645238095,-2.08921660416667
-1.4341352826087,39.11307075,2023-08-15,334.7,31.05,8.496,0.4125,32.0107142857143,20.4392857142857,1.23,39.11307075,-1.4341352826087
-2.06456782608696,38.0553951219512,2023-08-16,243.6,28.4,0,0.391,30.5877777777778,17.0544444444444,0.86,38.0553951219512,-2.06456782608696
-2.41187325,21.0177330769231,2023-08-17,358.6,30,0,0.481111111111111,31.5394444444444,17.8911111111111,1.27,21.0177330769231,-2.41187325
-2.68558897777778,28.4206397727273,2023-08-18,364.2,30.8,0,0.276521739130435,31.7554545454545,18.4645454545455,1.3,28.4206397727273,-2.68558897777778
-2.11916004166667,45.9863631914894,2023-08-19,358.7,31.8,0,0.28125,32.13375,19.2620833333333,1.45,45.9863631914894,-2.11916004166667
-1.56539015555556,49.6660456521739,2023-08-20,345.7,32.1,0,0.27125,32.6870833333333,19.8145833333333,1.49,49.6660456521739,-1.56539015555556
-1.11622813333333,27.1178918181818,2023-08-21,291.1,30,1.248,0.664583333333333,31.2029166666667,20.2295833333333,1.06,27.1178918181818,-1.11622813333333
-0.887257020833333,16.0921318181818,2023-08-22,346.9,30.8,1.056,0.819166666666667,31.1983333333333,21.5233333333333,1.38,16.0921318181818,-0.887257020833333
-2.21935671111111,28.0861495454545,2023-08-23,303,32.85,0,0.597368421052632,32.3473684210526,22.2010526315789,1.78,28.0861495454545,-2.21935671111111
-1.69401764444444,28.53782925,2023-08-24,338.8,31.4,0,0.610952380952381,32.9633333333333,22.9595238095238,1.29,28.53782925,-1.69401764444444
-2.3581880212766,25.2445072888889,2023-08-25,354.8,31.05,0,0.7825,32.105,23.5495,1.21,25.2445072888889,-2.3581880212766
-2.55626369565217,38.9402784090909,2023-08-26,349.3,32.6,0,0.7395,32.5352631578947,23.8821052631579,1.82,38.9402784090909,-2.55626369565217
-1.833305375,37.6761915217391,2023-08-27,346,32.6,10.176,0.695789473684211,32.1994444444444,24.3827777777778,1.8,37.6761915217391,-1.833305375
0.519131642857143,29.4613723529412,2023-08-28,296.5,29.8,7.44,0.750869565217391,31.4934782608696,21.2334782608696,1.07,29.4613723529412,0.519131642857143
-0.428675,27.1946935135135,2023-08-29,252.9,29.05,0.624,0.863636363636364,30.6418181818182,21.7531818181818,1.18,27.1946935135135,-0.428675
-1.675655625,NA,2023-08-30,276.3,29,0,1.01583333333333,29.9170833333333,23.0529166666667,1.21,51.542393795642,-1.675655625
-2.31055343478261,NA,2023-08-31,269.8,29.05,0.624,1.13916666666667,29.96875,24.1041666666667,1.2,48.2485203192107,-2.31055343478261
-0.361331227272727,NA,2023-09-01,226.7,29.25,1.056,0.835416666666667,29.5241666666667,24.17625,1.55,42.5920345076523,-0.361331227272727
2.06139053333333,NA,2023-09-02,206.4,28.95,10.56,0.735,29.2783333333333,24.06,1.29,43.8681819109195,2.06139053333333
-0.526499790697674,25.9502494871795,2023-09-03,236.1,28.9,1.584,0.77625,30.2491666666667,23.76,1.21,25.9502494871795,-0.526499790697674
-1.35401295454545,30.89141125,2023-09-04,183.5,27.85,1.296,0.835416666666667,30.5141666666667,24.0583333333333,0.94,30.89141125,-1.35401295454545
-1.96794208888889,32.3720460606061,2023-09-05,182.5,29.9,0,0.996666666666667,29.925,24.1591666666667,1.39,32.3720460606061,-1.96794208888889
-1.44328304761905,29.4927757692308,2023-09-06,272.5,30.1,1.728,0.720416666666667,30.3229166666667,23.6216666666667,1.37,29.4927757692308,-1.44328304761905
-1.88218023913043,40.9335573529412,2023-09-07,295.3,30.15,0.528,0.855833333333333,31.3466666666667,23.5358333333333,1.31,40.9335573529412,-1.88218023913043
-2.44364136363636,47.714953902439,2023-09-08,270.6,29.6,0,0.85421052631579,30.7621052631579,23.6331578947368,1.17,47.714953902439,-2.44364136363636
-2.23342263043478,35.2465211904762,2023-09-09,305.4,29.25,0,0.623809523809524,30.514,23.669,1.39,35.2465211904762,-2.23342263043478
-2.22692084444444,23.4433282926829,2023-09-10,301.5,29.05,0,0.674545454545455,30.06,23.7590909090909,1.39,23.4433282926829,-2.22692084444444
-1.64136710869565,22.8665902173913,2023-09-11,284.4,29.3,0.336,0.647083333333333,29.60875,23.585,1.33,22.8665902173913,-1.64136710869565
-2.35793263043478,21.1627265217391,2023-09-12,242.6,29.4,0.72,0.751666666666667,29.5970833333333,23.5141666666667,1.25,21.1627265217391,-2.35793263043478
-1.5357021212766,33.0348108695652,2023-09-13,253.2,30.1,0,0.614166666666667,29.9220833333333,23.5783333333333,1.42,33.0348108695652,-1.5357021212766
-2.94112056756757,29.57535271875,2023-09-14,224.5,28.95,1.44,0.643333333333333,29.96,23.4720833333333,1.31,29.57535271875,-2.94112056756757
-1.09278179069767,26.6974462162162,2023-09-15,226.1,28.5,0.816,0.492083333333333,29.9316666666667,23.4758333333333,1.18,26.6974462162162,-1.09278179069767
NA,NA,2023-09-16,209.5,30.4,0.192,0.470833333333333,30.8254166666667,23.3333333333333,1.68,51.3086420536186,-1.60746203854793
NA,NA,2023-09-17,281.5,28.55,0,0.325714285714286,29.9161904761905,23.2328571428571,1.43,50.1027275722725,-1.91401816016209
NA,NA,2023-09-18,299.8,27.65,0,0.449411764705882,29.65,23.0705882352941,1.47,40.7392427875393,-1.89159949490183
NA,NA,2023-09-19,297.7,27.8,0,0.542083333333333,29.2525,23.02875,1.24,34.3873834570156,-1.93831712323903
NA,NA,2023-09-20,265.4,27.55,0,0.628695652173913,28.7095652173913,23.1365217391304,1.13,34.9338273319841,-1.75702701255702
NA,NA,2023-09-21,286.6,28.65,0,0.73875,29.7383333333333,22.9708333333333,1.18,47.4308261996919,-1.77309638331207
NA,NA,2023-09-22,271.6,29.1,0,0.80875,29.9054166666667,22.8158333333333,1.28,44.9861261450355,-2.032535060398
NA,NA,2023-09-23,243,29.2,1.872,0.889166666666667,29.5566666666667,22.8004166666667,1.47,44.5619244676223,-1.43590793306737
NA,NA,2023-09-24,280.3,29.35,0.432,0.8575,29.19125,22.8333333333333,1.47,45.277940180746,-1.71811305281571
NA,NA,2023-09-25,208.9,28.85,0,0.79,28.8791666666667,23.02625,1.38,51.5564311455758,-1.54898133214501
NA,NA,2023-09-26,218.4,28.7,0,0.752083333333333,29.0529166666667,23.1966666666667,1.42,51.8946477790948,-1.54663913772998
-1.08340255319149,15.3221184285714,2023-09-27,253,27.45,1.056,0.880416666666667,28.6,23.4166666666667,1.24,15.3221184285714,-1.08340255319149
NA,NA,2023-09-28,209.6,26.7,8.4,1.11,27.0320833333333,23.1341666666667,1.02,16.8122277352644,-1.32666109710849
-1.99018917416667,3.99771605744681,2023-09-29,248.7,27.4,0,1.16916666666667,26.7475,23.1625,1.03,3.99771605744681,-1.99018917416667
-1.95139844680851,5.93659289,2023-09-30,259.3,27.65,0,1.06416666666667,27.5804166666667,23.51,1.05,5.93659289,-1.95139844680851
-2.00090260416667,NA,2023-10-01,247.8,27.85,0,1.12333333333333,27.7754166666667,23.9041666666667,1.19,26.7666580993031,-2.00090260416667
-2.21893723404255,NA,2023-10-02,267.6,26.3,0,1.13416666666667,27.49625,23.9075,0.96,17.6202658374116,-2.21893723404255
-1.50057429166667,NA,2023-10-03,208.5,27.75,0,1.32083333333333,27.2691666666667,23.88375,1.15,23.4989956228966,-1.50057429166667
-1.77332452083333,NA,2023-10-04,268.4,27,0,1.27125,27.0579166666667,23.9033333333333,1.02,13.1896252362044,-1.77332452083333
-1.35968934090909,NA,2023-10-05,232.8,26.75,0.624,1.2,27.8775,23.9441666666667,0.98,32.2436084145469,-1.35968934090909
-1.53793776190476,NA,2023-10-06,166.6,24.9,0,1.05083333333333,27.8591666666667,23.73375,0.78,30.3359596529839,-1.53793776190476
-2.10548468085106,NA,2023-10-07,256.6,21,0,0.619,24.6555,24.027,0.86,20.436927347007,-2.10548468085106
-2.36928175,NA,2023-10-08,272.5,20.3,0,0.586666666666667,20.3733333333333,24.2491666666667,1.22,24.289872913908,-2.36928175
-1.976511575,NA,2023-10-09,269.7,22.6,0,0.819166666666667,21.4016666666667,24.56375,1.48,35.0309879054864,-1.976511575
0.0413358930232558,NA,2023-10-10,222.5,22,0.384,0.79875,20.825,24.6545833333333,0.74,27.3118191126283,0.0413358930232558
NA,NA,2023-10-11,50,19.25,8.928,0.856190476190476,20.7238095238095,23.7038095238095,0.03,25.3982139531581,1.18830055458717
0.703184719512195,NA,2023-10-12,225.9,19.8,0,0.977083333333333,19.26375,23.2570833333333,0.21,31.2580382837305,0.703184719512195
-2.84434026666667,NA,2023-10-13,237.5,24.2,0,1.2175,21.8266666666667,23.5229166666667,0.78,19.013395511193,-2.84434026666667
-1.09141448837209,NA,2023-10-14,223.5,21.35,0,0.85625,23.2929166666667,23.705,0.66,26.1660823421039,-1.09141448837209
-0.9216400625,NA,2023-10-15,188,17.7,0,0.343333333333333,19.4483333333333,24.0541666666667,0.74,25.7336462416915,-0.9216400625
-2.812772,NA,2023-10-16,201.2,17.45,0,0.433,19.13,24.504,0.94,18.3829610162169,-2.812772
-2.377881,NA,2023-10-17,256.6,18.35,0,0.432142857142857,20.6392857142857,24.5571428571429,1.05,21.4706100669225,-2.377881
-2.25849288636364,NA,2023-10-18,245.7,20.45,0,0.576666666666667,22.2286666666667,24.6026666666667,0.89,20.3487593022271,-2.25849288636364
-1.87976930232558,NA,2023-10-19,185,24.1,0,0.718888888888889,23.0577777777778,24.7522222222222,1.22,24.1988115150161,-1.87976930232558
-1.08784197826087,NA,2023-10-20,243.3,25.15,0,0.749047619047619,24.0733333333333,24.6838095238095,1.15,25.6248110706487,-1.08784197826087
-1.72689788095238,NA,2023-10-21,246,24.35,0,0.731578947368421,24.2447368421053,24.6863157894737,1.1,22.6405511879896,-1.72689788095238
-0.7915424,NA,2023-10-22,212.2,26.4,0,0.702272727272727,24.8552380952381,24.777619047619,1.35,29.067086048152,-0.7915424
-0.426179348837209,NA,2023-10-23,232.9,25.9,0,0.705833333333333,25.7358333333333,24.79875,1.15,22.5632822849283,-0.426179348837209
-0.836053595744681,2.1253042,2023-10-24,222.7,27.15,1.248,1.01708333333333,25.3154166666667,24.80125,1.16,2.1253042,-0.836053595744681
-1.68167738958333,-1.67875935128205,2023-10-25,172.3,25.95,1.92,1.15875,24.97375,24.86875,0.94,-1.67875935128205,-1.68167738958333
-1.52975760416667,1.3339814893617,2023-10-26,176.1,25.8,0,1.31458333333333,25.1016666666667,24.9954166666667,0.85,1.3339814893617,-1.52975760416667
-0.519027083333333,NA,2023-10-27,225.1,26.15,0,1.04458333333333,25.5695833333333,25.1316666666667,0.92,15.3987600318182,-0.519027083333333
-0.408262956521739,NA,2023-10-28,223.8,26.95,0,0.978333333333333,25.5366666666667,25.3020833333333,1.1,14.963996265198,-0.408262956521739
-1.12811425,NA,2023-10-29,226,26,0,1.04333333333333,26.1295833333333,25.4795833333333,0.89,15.1338327541961,-1.12811425
-0.447971934782609,NA,2023-10-30,172.9,18.85,0.24,0.71,25.8295833333333,25.6020833333333,0.3,21.7085508088598,-0.447971934782609
0.906399933333333,NA,2023-10-31,43.7,11.65,0,0.44,18.9571428571429,25.7742857142857,0.3,25.624050516647,0.906399933333333
-1.93420860416667,NA,2023-11-01,221.3,10.2,0,0.4375,14.0825,25.8425,0.51,52.3223667944516,-1.93420860416667
-1.90989313043478,NA,2023-11-02,159.8,13.2,0,0.515,13.9828571428571,25.7914285714286,0.45,21.4729825252892,-1.90989313043478
-1.86969662142857,NA,2023-11-03,198.1,16.5,0,0.58,16.8492857142857,25.6792857142857,0.49,33.8451428307147,-1.86969662142857
-1.21282417073171,NA,2023-11-04,205,19.55,0,0.689444444444444,18.775,24.5066666666667,0.82,22.5312435574526,-1.21282417073171
-2.11847333333333,NA,2023-11-05,203.3,20.65,0,0.669166666666667,20.8066666666667,24.3245833333333,0.98,24.9523961840373,-2.11847333333333
-3.20022505405405,NA,2023-11-06,198.8,21.15,0,0.661666666666667,21.75625,24.4091666666667,0.88,24.4222116573377,-3.20022505405405
-0.193859189130435,NA,2023-11-07,185.4,22.95,0,0.699166666666667,23.02125,24.2791666666667,0.88,22.3808165324718,-0.193859189130435
-1.1119164,NA,2023-11-08,184.1,22.75,0,0.895416666666667,23.4195833333333,24.0458333333333,0.72,20.6203489313187,-1.1119164
-0.560532022222222,NA,2023-11-09,118.4,22.8,1.44,0.90375,23.5120833333333,23.9895833333333,0.7,22.7205034561152,-0.560532022222222
2.25296982222222,NA,2023-11-10,77.7,20.05,0.624,0.836666666666667,23.5583333333333,23.9795833333333,0.33,24.5552375178756,2.25296982222222
2.73975635813953,NA,2023-11-11,94.7,17.45,0.24,0.555416666666667,22.2475,25.8633333333333,0,25.0494501028288,2.73975635813953
1.41539902391304,NA,2023-11-12,58.4,17.85,0.144,0.585789473684211,20.8284210526316,25.8310526315789,0.11,26.1930976297219,1.41539902391304
NA,NA,2023-11-13,39.4,15.5,7.872,0.677857142857143,19.2171428571429,25.6585714285714,0.02,32.0016009336066,1.08006286489275
NA,NA,2023-11-14,43.5,15.45,17.616,0.724444444444444,18.6066666666667,24.4577777777778,0,31.6904150481782,1.09512784169326
NA,NA,2023-11-15,37.8,15.9,0.672,0.672857142857143,18.1221428571429,22.7742857142857,0.04,36.9262335250554,0.969923049178625
2.79933846666667,NA,2023-11-16,109.7,17.7,0,0.773157894736842,18.4936842105263,24.0868421052632,0.17,26.3109719367268,2.79933846666667
NA,NA,2023-11-17,102.6,20.4,0,0.881,20.379,25.186,0.6,24.5575492102491,-0.308826509398959
NA,NA,2023-11-18,180.5,18.6,0,0.766875,20.258125,25.64,0.58,20.865050516864,-1.04040864680818
NA,NA,2023-11-19,185.4,18.5,0,0.615555555555556,19.2855555555556,25.6577777777778,0.82,18.9025213078734,-1.20663923888646
NA,NA,2023-11-20,148.1,22.5,8.736,0.686666666666667,21.5604166666667,25.7245833333333,0.75,24.198483678224,-0.095413455571373
NA,NA,2023-11-21,132.3,16.15,0,0.954705882352941,22.3176470588235,24.7511764705882,0.03,34.4852618259019,0.652531683328208
NA,NA,2023-11-22,146.6,13.15,0,0.145,15.755,24.7875,0.51,18.0049318577784,-0.860277588659042
NA,NA,2023-11-23,44.1,11.4,0.96,0.413,14.6075,25.0685,0.18,21.6492951264727,0.671498760385706
NA,NA,2023-11-24,68,13.2,0,0.444375,14.5425,24.990625,0.11,21.3194914320704,0.591768324597902
NA,NA,2023-11-25,104.5,14.55,11.664,0.694285714285714,16.1942857142857,25.1192857142857,0.22,24.7033502591744,0.181106047936017
NA,NA,2023-11-26,59.4,13.55,0.624,0.753809523809524,17.8977777777778,23.0866666666667,0.2,25.775055787308,0.881086604482505
NA,NA,2023-11-27,152.7,10.3,0,0.602307692307692,15.7630769230769,23.6061538461538,0.34,23.3926219813448,-0.725639328499079
NA,NA,2023-11-28,179.3,10.15,0,0.507272727272727,14.2,24.7,0.53,18.6889317365654,-1.53664884588369
NA,NA,2023-11-29,167.2,12.45,0.288,0.551818181818182,14.5836363636364,24.8590909090909,0.57,18.3168856196619,-0.807679019218109
NA,NA,2023-11-30,53.3,16.85,2.544,0.7735,14.515,24.6725,0.54,25.9451243096835,0.110877546357305
NA,NA,2023-12-01,104.3,21.15,47.28,0.975833333333333,16.8616666666667,24.9241666666667,0.68,24.9260614133342,-0.226794485331249
NA,NA,2023-12-02,108.4,20.7,3.072,0.969166666666667,19.10375,23.8079166666667,0.5,21.1407063100227,-0.00916346817102658
NA,NA,2023-12-03,125.5,19.95,0,0.735238095238095,19.9765,23.806,0.76,21.490676340361,-0.47180892737676
NA,NA,2023-12-04,157.8,16.7,0,0.515,18.7966666666667,23.9305555555556,0.69,22.2216389493804,-0.682531062749959
NA,NA,2023-12-05,157.8,15.15,0,0.217272727272727,16.761,23.907,0.8,26.8680144037795,-0.837314805967125
NA,19.981572,2023-12-06,166.8,10.6,0,0.12,15.4866666666667,23.8466666666667,0.5,19.981572,-1.00857992054866
NA,7.12051955555556,2023-12-07,138,13,0,0.23,16.3433333333333,23.4066666666667,0.57,7.12051955555556,-0.822057676335473
NA,NA,2023-12-08,113.1,19.2,1.392,0.498571428571429,17.9871428571429,23.395,0.75,22.7743663347507,-0.331680699794033
-0.649208071428571,NA,2023-12-09,143.6,21,5.184,0.636111111111111,20.7705555555556,23.3694444444444,0.78,22.8923207537275,-0.649208071428571
NA,NA,2023-12-10,133.7,11.3,0,0.3125,17.309,23.522,0.28,30.7166448380557,-0.316413192582788
NA,NA,2023-12-11,175.4,11.5,0,0.545,15.66875,23.23375,0.68,19.0132470195846,-1.10335494336633
NA,NA,2023-12-12,161.7,13.25,0,0.381111111111111,14.2711111111111,23.1388888888889,0.66,18.9081891597974,-1.1048389506974
NA,NA,2023-12-13,140.3,12.8,0,0.4075,14.03875,23.06125,0.4,22.3610057631362,-0.814756622871464
-0.7188748125,NA,2023-12-14,135.4,14.3,0,0.579090909090909,14.1727272727273,22.9827272727273,0.36,22.6523622666954,-0.7188748125
-0.0498967145833334,NA,2023-12-15,134.3,15.35,0,0.792941176470588,15.1382352941176,23.2182352941176,0.37,36.2451242781513,-0.0498967145833334
-0.274096564102564,NA,2023-12-16,92,15.3,12.96,0.737,15.5831578947368,22.2578947368421,0.25,30.3578168947337,-0.274096564102564
NA,NA,2023-12-17,144.1,13.05,0,0.613529411764706,14.7029411764706,20.5594117647059,0.44,24.0246111486445,-0.776257176020073
NA,NA,2023-12-18,168.7,15,0,0.3675,13.939375,21.45625,0.9,21.1683031811205,-1.17941593013754
NA,NA,2023-12-19,171.3,10.2,0,0.16,14.545,22.525,0.49,20.2125164188974,-1.26296367258553
NA,NA,2023-12-20,130.2,12.05,0,0.129444444444444,12.6973684210526,23.0194736842105,0.44,24.9255648952768,-0.907267883305533
-0.426597,NA,2023-12-21,149.4,14.05,0,0.471538461538462,16.7683333333333,23.0841666666667,0.39,24.5755944453442,-0.426597
-0.184826638297872,NA,2023-12-22,142.8,17.25,0,0.5275,18.080625,23.406875,0.67,21.7813344819731,-0.184826638297872
-0.25027502173913,NA,2023-12-23,156.3,17.9,3.072,0.626,19.3786666666667,23.6413333333333,0.63,27.7706104345342,-0.25027502173913
NA,NA,2023-12-24,71,17.5,44.976,1.17666666666667,17.75,23.765,0.41,22.4711981304528,-0.210486021583048
0.285489531914894,NA,2023-12-25,149.6,13.85,0,1.05333333333333,17.4208333333333,24.2270833333333,0.31,28.3190002002118,0.285489531914894
-0.281532113043478,NA,2023-12-26,155.4,12.15,0,0.765294117647059,15.5858823529412,23.8758823529412,0.42,26.7061269675655,-0.281532113043478
NA,NA,2023-12-27,141,13.15,0,0.69,14.6929411764706,23.5576470588235,0.55,24.3145120044146,-0.724287339918216
NA,NA,2023-12-28,170.4,9.65,0,0.381666666666667,13.4816666666667,23.5908333333333,0.47,26.5627007841025,-1.42658811694781
NA,NA,2023-12-29,163.4,8.5,0,0.21,10.815,23.685,0.53,21.4889710675818,-0.852382547503892
NA,NA,2023-12-30,172.4,10.05,0,0.196666666666667,10.855,23.4766666666667,0.63,27.3569750043027,-1.09761862486821
NA,NA,2023-12-31,145.2,12.5,0.336,0.16,13.5857142857143,22.4785714285714,0.67,19.7574443088273,-0.586714339500408
