"FCmean","FCH4mean","LEmean","Date","Down_SW_Rad_Grid","Mean_temp_Grid","Precip_Grid","WL","WT","Salinity","VPD_Grid","DOY","FC_filled","LE_filled","FCH4_filled","FCH4_filled_wFC","FCH4_filled_wFC_wLE"
NA,NA,NA,2021-01-01,143.2,14.85,0,1.34791666666667,17.78375,0.1875,0.52,1,0.707131847439492,66.4089141209129,67.2315269939829,57.7329419158086,61.5977160122684
NA,NA,NA,2021-01-02,113.4,9.9,0,0.789166666666667,14.5266666666667,0.220833333333333,0.41,2,0.385008448445695,71.4027718651916,65.1242786690322,61.5458041900144,63.645496144968
NA,NA,NA,2021-01-03,173.1,9.5,0,0.399166666666667,11.8845833333333,0.24,0.57,3,0.13741322574527,71.8714413539486,60.4725902703455,61.4023969135353,60.9204229860949
NA,NA,NA,2021-01-04,160.5,13.55,0,0.448333333333333,13.72875,0.236666666666667,0.79,4,0.539009896061314,58.0278850846997,61.5660658473808,55.5856642452832,57.8559842523356
NA,NA,NA,2021-01-05,170.1,13.35,0,0.414583333333333,14.97375,0.229583333333333,0.8,5,0.562462088303379,59.1273556236201,66.8634076856332,61.0266917516237,59.81193239148
NA,NA,NA,2021-01-06,158.4,14.9,9.648,0.400416666666667,13.8579166666667,0.25,0.71,6,0.843047519190796,60.5155702935262,63.2203951280887,60.2271239009053,62.9089576357955
NA,NA,NA,2021-01-07,161.7,10.5,0,0.665833333333333,13.0558333333333,0.197083333333333,0.29,7,0.443327080222754,70.786236844447,67.6647452529813,63.3062650595358,66.4389152507602
NA,NA,NA,2021-01-08,126.9,7.3,0,0.163333333333333,9.30166666666667,0.236666666666667,0.38,8,0.324059731541783,71.1750438586074,62.1154426162022,59.1537023183261,61.2822292394076
NA,NA,NA,2021-01-09,172.8,7,0,0.159285714285714,8.95232142857143,0.223571428571429,0.46,9,0.0995102325266013,70.1399847891239,64.9506409105878,62.5051992280632,61.2137467049457
NA,NA,NA,2021-01-10,94.3,6.35,5.856,0.155238095238095,8.60297619047619,0.21047619047619,0.21,10,0.454834391085892,75.9957305498895,64.0141167964536,60.4953016345427,60.8624230857173
NA,NA,NA,2021-01-11,70.5,5.3,0,0.151190476190476,8.25363095238095,0.197380952380952,0.26,11,0.322818560300306,71.9674018129528,63.84828632346,58.270155793905,64.3598204059845
NA,NA,NA,2021-01-12,150.6,5.35,0,0.147142857142857,7.90428571428571,0.184285714285714,0.3,12,0.295109532639007,73.2097132992508,65.1063704421206,58.6983913225651,65.9900363484149
NA,NA,NA,2021-01-13,167.5,7.8,0,0.693333333333333,8.61,0.185416666666667,0.49,13,0.173549680036656,72.8623229464795,60.0770606646226,55.5343181301034,58.0454234964696
NA,NA,NA,2021-01-14,166.3,11.75,0,0.904166666666667,10.0366666666667,0.18,0.58,14,0.337124942546757,67.1799224811966,56.4791145489505,50.2617351997255,56.2805580405254
NA,NA,NA,2021-01-15,186.2,11.25,0,0.51,11.3270833333333,0.187083333333333,0.78,15,0.248579039200035,63.0008020502977,56.7237141985952,52.0667688326443,57.0581390841325
NA,NA,NA,2021-01-16,186.2,7.8,0,0.151538461538462,6.63461538461539,0.196923076923077,0.63,16,0.0469907131396513,71.2775377879258,58.601404588278,57.507268928644,61.4172658774061
NA,NA,NA,2021-01-17,155.1,9.85,0,0.0907692307692308,7.90230769230769,0.153461538461538,0.79,17,-0.195600233815899,69.7068003423656,52.8675262572401,49.8671416736599,55.2579623909483
NA,NA,NA,2021-01-18,185.9,10.1,0,0.03,9.17,0.11,0.74,18,-0.472660539663054,71.2482549566883,79.227759411129,71.8186686763983,76.7086776292193
NA,NA,NA,2021-01-19,182.3,15.7,0,0.2525,12.073,0.129,0.91,19,-0.483838857007011,64.3850364338081,79.6687349103583,74.2647916137153,78.7986454402974
NA,NA,NA,2021-01-20,147.7,16,0,0.21125,15.5845833333333,0.178333333333333,0.77,20,0.502389004397928,57.8779840513852,65.5637297334009,59.1042257884367,64.8064877563154
NA,NA,NA,2021-01-21,121.9,19.35,2.256,0.31,17.3604166666667,0.245416666666667,0.79,21,0.883162110754536,60.5446631104636,65.4728500873074,62.8499133764217,64.3384108773261
NA,NA,NA,2021-01-22,61.5,17.4,4.704,0.524166666666667,17.56875,0.214583333333333,0.56,22,0.628911698381254,68.2188802651173,62.5965024738027,56.9645281355601,57.3192201282207
NA,NA,NA,2021-01-23,89,16.3,0,0.674166666666667,17.09625,0.21375,0.67,23,0.577273515075745,62.1971894105615,60.6131148566747,55.6092461392789,55.9542353669688
NA,NA,NA,2021-01-24,176.3,20.75,0,0.775833333333333,17.57125,0.19875,0.85,24,0.354214015133302,54.653040480588,74.1071327669298,64.2069291262892,65.0608919009222
NA,NA,NA,2021-01-25,179.2,22.2,0,0.94625,19.1783333333333,0.2075,0.98,25,-0.0720666010910464,60.0080518762313,85.9244665212864,79.5757317934233,81.8775240049436
NA,NA,NA,2021-01-26,150.6,19.45,0.528,1.4575,18.5558333333333,0.194583333333333,0.59,26,0.868806316264022,64.8997202997254,64.413338805255,55.8684381640915,59.8132304726736
NA,NA,NA,2021-01-27,171.6,14.45,0.624,1.65083333333333,15.7025,0.177916666666667,0.49,27,0.568365610054903,64.3229609280188,61.5237174225265,52.3440343694192,56.5489731573463
NA,NA,NA,2021-01-28,199.2,10.1,0,1.235,11.7158333333333,0.171666666666667,0.59,28,0.111914783424051,70.1065080019685,45.1114842964653,44.8208578279279,50.5143771096544
NA,NA,NA,2021-01-29,179.4,11.75,0,0.419166666666667,12.7675,0.18375,0.6,29,0.243927899017919,68.3644523584253,61.9415040458331,60.4249399101567,64.1007874176914
NA,NA,NA,2021-01-30,160,17.55,0.672,0.43875,14.1804166666667,0.197083333333333,0.81,30,0.495471973488761,55.8085714416103,69.4477285476808,60.7343273143078,61.1728207636228
NA,NA,NA,2021-01-31,178.3,16.8,0,0.67375,16.9770833333333,0.195833333333333,1.02,31,0.110435693211771,59.1474393588387,73.5821431118603,69.6609843242332,69.7558684053598
NA,NA,NA,2021-02-01,187.5,9.7,0,0.12,11.206,0.21,0.73,32,0.112632500240373,67.5954239963286,60.6310183842684,60.441612748325,60.381595687912
NA,NA,NA,2021-02-02,171.5,9.55,0,0.436111111111111,9.92333333333333,0.203333333333333,0.74,33,0.236858432170003,63.8665700164342,57.7703027513049,53.5511771978663,53.7509474552638
NA,NA,NA,2021-02-03,204.2,11.25,0,0.912916666666667,10.9091666666667,0.2,0.76,34,0.0727348330408511,65.2921793116801,56.2401946590994,54.6152405941357,54.532912177939
NA,NA,NA,2021-02-04,167.8,16.05,0.24,1.23916666666667,12.3275,0.2,0.8,35,0.684313314461193,50.530243342732,58.2543289245507,52.3854938894291,55.7014806380174
NA,NA,NA,2021-02-05,69.1,13.05,1.2,1.46833333333333,11.9658333333333,0.20625,0.4,36,0.735855366726483,66.4441355592306,55.4193033195494,49.8578005470986,53.4749230126039
NA,NA,NA,2021-02-06,124.1,12.9,0.336,1.52291666666667,10.7770833333333,0.21,0.22,37,0.633880714094331,73.4572246511822,57.1179510545067,51.945325623995,54.8969619107764
NA,NA,NA,2021-02-07,193.5,12.05,0,1.53291666666667,11.3808333333333,0.21,0.58,38,0.144334082202023,69.9076864292616,55.0945618697077,50.2435922567624,52.8495587602938
NA,NA,NA,2021-02-08,186,16.4,0.72,1.65833333333333,11.7575,0.206666666666667,0.74,39,0.356049800161249,56.3749799980156,52.3202622244549,43.3765766974382,48.8469079574435
NA,NA,NA,2021-02-09,152.2,19.25,0.24,1.79416666666667,13.42125,0.197083333333333,0.88,40,0.616584265733669,53.4119601747938,62.395430773042,51.1310027666977,54.4757773563876
NA,NA,NA,2021-02-10,136.9,20.9,0.144,1.73916666666667,13.4920833333333,0.19,0.97,41,0.609117987564153,52.4386704749877,65.3133799539156,57.1801675825991,58.9470422231546
NA,NA,NA,2021-02-11,135.6,18.45,39.024,1.87625,13.6041666666667,0.18125,0.53,42,0.627284786399216,65.1490989010395,68.1178420350037,54.885398829653,61.2090262713506
NA,NA,NA,2021-02-12,68,9.3,1.92,1.88333333333333,10.5316666666667,0.163333333333333,0.1,43,0.127047428576027,82.3805378110093,48.8212633321461,42.5990406799956,46.7843922752099
NA,NA,NA,2021-02-13,48,7.3,0,1.59958333333333,7.98875,0.17,0.32,44,0.105469687407027,74.9582400405802,47.178723907296,43.2888991277869,49.4395116862173
NA,NA,NA,2021-02-14,56.8,7.25,0.288,1.44416666666667,6.97666666666667,0.178333333333333,0.31,45,0.354480157301749,74.4980576368993,55.9558431996751,48.4899918202662,55.4462829553676
NA,NA,NA,2021-02-15,50.6,1.8,1.68,1.39541666666667,5.58916666666667,0.18,0.24,46,0.442576342984411,79.6107376217153,57.509134838761,53.3704921702728,58.5709218455203
NA,NA,NA,2021-02-16,184,0.5,0,1.25833333333333,3.63833333333333,0.18,0.27,47,0.18395159608554,76.1955317005645,59.3243008263382,58.2188659873876,62.5675867322463
NA,NA,NA,2021-02-17,82.4,8.75,12.24,1.26958333333333,4.9525,0.17875,0.25,48,0.421439997460428,78.3490288777992,72.0516929251046,63.7123090271289,67.9675381223035
NA,NA,NA,2021-02-18,52,5.4,0,1.515,6.31458333333333,0.17,0.4,49,0.0928186130487738,72.5511316685476,52.5756600938028,46.7862034951559,52.3986118945145
NA,NA,NA,2021-02-19,212.2,6.4,0,0.555,5.941875,0.174375,0.52,50,-0.231738708053455,73.9093983893936,57.9735852119897,53.5276357943024,61.2232092483548
NA,NA,NA,2021-02-20,217.4,7.9,0,0.3525,9.46379464285714,0.1971875,0.61,51,-0.120050336981594,76.0105038946917,60.3389497215226,59.2570334190215,63.5313262617548
NA,NA,NA,2021-02-21,190.2,14.1,0,0.15,12.9857142857143,0.22,0.65,52,0.118405164907109,66.6957172264794,72.0751315985476,71.7431744604957,69.9324373482262
NA,NA,NA,2021-02-22,201.9,14.8,0,0.205416666666667,17.0245833333333,0.220833333333333,0.75,53,0.147042261313976,64.1710426142226,71.3109072902807,69.5815435415062,66.5986375241273
NA,NA,NA,2021-02-23,239.3,13.4,0,0.287083333333333,16.9479166666667,0.22,1.11,54,-0.360603098137177,74.9229829964027,83.1134994819379,86.9403772194773,82.3475665918552
NA,NA,NA,2021-02-24,232.3,22.95,0.24,0.509166666666667,16.3641666666667,0.190833333333333,1.56,55,-0.478492369232883,72.1376670118651,108.234600299583,100.291410379008,104.490999768877
NA,NA,NA,2021-02-25,229.1,14.5,0,0.627083333333333,18.9208333333333,0.19375,0,56,0.285662205706598,84.2453012933089,78.843968688447,73.8525808426602,74.4661435505726
NA,NA,NA,2021-02-26,232,15.6,0.432,0.718333333333333,19.9675,0.182083333333333,0.01,57,0.0769236055175721,85.9541715287715,87.3186109789079,78.4611842136196,80.0064182176209
NA,NA,NA,2021-02-27,223.3,13.55,1.44,0.88375,21.7004166666667,0.175833333333333,0,58,-0.0952087943894054,82.5195769188256,90.6306003628275,80.0424730459846,84.7094369986422
NA,NA,NA,2021-02-28,225.9,13.9,0,1.13125,22.2825,0.165833333333333,0,59,-0.116524887334201,83.6858150559793,78.837932624819,72.4999348227064,77.0503780663116
NA,NA,NA,2021-03-01,161.1,14.9,0,0.952083333333333,22.3420833333333,0.197083333333333,0.09,60,0.276491522718593,77.3853289465682,93.1053916035473,81.9326220966051,82.8130988351884
NA,NA,NA,2021-03-02,94.1,10.4,10.416,0.522083333333333,14.5741666666667,0.205416666666667,0.23,61,0.464484931884911,78.2888154433083,76.6086785954737,71.8756400577392,71.2766672894363
NA,NA,NA,2021-03-03,240.6,11.6,0,0.216,13.126,0.210666666666667,0.61,62,-0.0976817954858357,80.5230215501843,77.2338178484168,77.9399486751769,76.7891268788513
NA,NA,NA,2021-03-04,262.7,14.15,0,0.397916666666667,15.34,0.202916666666667,0.96,63,-1.08238911591505,101.773063477896,78.0207213056579,82.1174571858559,79.168571084426
NA,NA,NA,2021-03-05,194.1,15.75,1.152,0.52125,16.74875,0.195833333333333,0.91,64,0.0439331762070107,66.2402759576211,81.0852239279535,75.2754357234191,74.0188909136563
NA,NA,NA,2021-03-06,223.9,14.65,0,0.405833333333333,18.1241666666667,0.204583333333333,0.82,65,0.252229199723859,69.7356289521595,75.091964508311,74.8592593135489,71.3759334912855
NA,NA,NA,2021-03-07,266.1,12.45,0,0.277916666666667,15.8091666666667,0.212916666666667,0.81,66,-0.732119704349398,107.934378878062,81.0003400631488,82.9096191266094,77.6628768593757
NA,NA,NA,2021-03-08,267.7,14.3,0,0.435833333333333,16.9470833333333,0.188333333333333,0.86,67,-1.01799503471704,114.749656128107,75.9513246290501,81.4108967221321,78.3046113760294
NA,NA,NA,2021-03-09,266.9,17.4,0,0.577083333333333,18.9708333333333,0.17375,0.88,68,-1.21382153327393,119.410263940465,75.2209944034828,78.755689808781,80.7347578274846
NA,NA,NA,2021-03-10,204,21.25,0,0.899166666666667,18.9629166666667,0.17,0.95,69,0.0198954962204467,60.7102066110468,79.6284605111847,73.3580141508292,77.0283111474815
NA,NA,NA,2021-03-11,262,21.65,0,1.07666666666667,21.5454166666667,0.173333333333333,1,70,-1.53438186345662,95.7541534926762,103.424090513536,102.168885507516,106.983128113583
NA,NA,NA,2021-03-12,253.1,20.65,0,1.05041666666667,23.41125,0.179583333333333,1.1,71,-1.59691545094628,93.0079566431503,101.666427173694,104.995927803655,105.468194369448
NA,NA,NA,2021-03-13,257.8,20.3,0,0.91625,24.1054166666667,0.183333333333333,1.18,72,-2.2165993541843,100.926740805182,111.197923203991,109.292815486786,110.732830288409
NA,NA,NA,2021-03-14,265.1,22.25,0,1.27,23.6247826086957,0.18304347826087,1.07,73,-2.26588546726099,110.914193021223,111.628875807974,105.845235276326,108.274004087918
NA,NA,NA,2021-03-15,208.8,23.85,18.288,1.41125,22.8645833333333,0.175416666666667,1.22,74,-0.782760785537352,79.2937023627778,106.468674212681,105.180758599945,108.18451336387
NA,NA,NA,2021-03-16,243.6,24.65,0.192,1.45708333333333,23.4316666666667,0.162083333333333,1.27,75,-2.42873511670104,85.7886190435077,96.4031169986558,96.40251251085,95.1698104749432
NA,NA,NA,2021-03-17,259.2,21.05,17.184,1.72291666666667,23.67375,0.1675,0.62,76,-2.11525245006704,87.5891044564647,96.128778159285,95.213874903553,97.1177044836879
NA,NA,NA,2021-03-18,259.1,16.35,0,1.5825,20.4779166666667,0.16,0.83,77,-1.30811786446478,93.6544815585902,77.8077891954475,80.4078886686037,82.0482738417804
NA,NA,NA,2021-03-19,218.6,13.05,0,0.685,15.5083333333333,0.17,0.54,78,-0.302610148518106,74.5598600693423,72.2872006913686,69.5068124596516,71.6359943229371
NA,NA,NA,2021-03-20,144.4,14.15,0,0.254583333333333,15.6891666666667,0.176666666666667,0.66,79,-0.0108054749253085,70.5975396500372,78.0268616009975,74.7860380115271,77.2358462166451
NA,NA,NA,2021-03-21,267,15.8,0,0.446666666666667,18.5629166666667,0.17875,0.87,80,-1.62711138041347,119.208774361046,74.7666638040876,78.7565918681241,78.0664003607683
NA,NA,NA,2021-03-22,275.1,19.35,0,0.879166666666667,19.0775,0.168333333333333,1.01,81,-1.82139245866863,123.895073134221,89.8773035910327,92.2214992805258,93.729070646791
NA,NA,NA,2021-03-23,156.6,19.7,83.376,1.77458333333333,18.9041666666667,0.149583333333333,0.44,82,-0.42270885988834,66.1426331711922,79.6954212187811,74.9729319631882,77.3395801366577
NA,NA,NA,2021-03-24,191.9,19.45,4.992,2.48333333333333,18.44625,0.1125,0.61,83,-0.66104784247236,64.3853150397965,85.1735151282973,82.8044401244586,87.2087094287338
NA,NA,NA,2021-03-25,258.4,23.35,0.432,2.435,20.6395833333333,0.101666666666667,0.82,84,-2.17029915736997,82.8887171315341,114.944203814025,115.791522542826,121.113141649795
NA,NA,NA,2021-03-26,248.8,24.15,0,2.0775,22.9479166666667,0.105833333333333,1.02,85,-2.95706232063199,95.6401780523999,117.703593609033,116.071928004837,118.216361160211
NA,NA,NA,2021-03-27,277.9,25.75,0,2.04333333333333,24.2295833333333,0.0841666666666667,1.36,86,-4.03109002013513,121.569765186118,134.984958051333,128.767446762276,131.088863705931
NA,NA,NA,2021-03-28,184.9,21,1.056,1.78083333333333,23.9325,0.09875,0.72,87,-2.65389254740448,86.9265030856723,109.279901451507,114.384823728731,117.318108343767
NA,NA,NA,2021-03-29,206.3,18.4,0,1.24208333333333,18.8404166666667,0.115833333333333,0.96,88,-1.64702173080551,78.4473826613605,96.7807968472107,100.478279327248,99.5252607267881
NA,NA,NA,2021-03-30,274.5,23.8,0,1.59916666666667,21.3641666666667,0.1075,1.05,89,-3.52999997437015,108.920041167612,121.729656392722,118.86677820327,119.475406044893
NA,NA,NA,2021-03-31,223.6,21.2,0.288,1.49166666666667,23.28375,0.12,0.97,90,-2.8562797958058,95.7157278071732,116.019210952168,122.953452730493,119.504314812507
NA,NA,NA,2021-04-01,310.5,13.95,0,0.537916666666667,16.3475,0.125833333333333,0.9,91,-2.98774146572823,142.077043974145,98.8037795017653,98.1821302026169,94.400929701983
NA,NA,NA,2021-04-02,306.5,11.8,0,0.258333333333333,12.8320833333333,0.143333333333333,0.76,92,-2.66036568391406,139.815668720134,76.2511749325367,76.8304644682607,78.9779091538061
NA,NA,NA,2021-04-03,208.6,16.25,0,0.655,17.4404166666667,0.1575,0.77,93,-1.2446548739145,73.5849352846567,67.243347602419,73.2891313214166,77.3737992522856
NA,NA,NA,2021-04-04,294.4,16.85,0,0.81125,19.79,0.167916666666667,0.75,94,-2.88250680238619,138.112970574736,74.4857671883899,76.224556868233,79.2652789523464
NA,NA,NA,2021-04-05,303.8,18.1,0,0.964166666666667,21.4658333333333,0.169583333333333,0.79,95,-2.99123101825652,141.876555514085,85.8418781123115,84.0832305162047,92.118454048095
NA,NA,NA,2021-04-06,264.6,22.55,0,1.21,22.7229166666667,0.151666666666667,0.97,96,-3.28481048206396,112.315743937644,99.4174239669278,98.2391335358535,100.155335232809
NA,NA,NA,2021-04-07,268.9,22.95,15.456,1.47875,23.4466666666667,0.135416666666667,0.86,97,-3.56913032480503,103.099061134617,133.04654679447,123.800864464514,126.471270409031
NA,NA,NA,2021-04-08,284.9,22.5,0,1.61458333333333,24.9095833333333,0.135416666666667,0.86,98,-4.30550866243968,114.235593611377,128.218144922812,127.840218204127,129.76474122847
NA,NA,NA,2021-04-09,284.7,24.05,21.696,1.59791666666667,26.2316666666667,0.1425,0.72,99,-4.05443036650052,104.61004871172,143.841113564446,136.247152944141,135.906511465623
NA,NA,NA,2021-04-10,207.6,21.55,3.12,2.03125,24.1020833333333,0.127083333333333,0.28,100,-2.53189337974085,80.9111021143249,115.654106937364,117.489302760866,123.842768402459
NA,NA,NA,2021-04-11,310.4,20.85,0,1.60125,24.5308333333333,0.135833333333333,0.86,101,-4.38862051396799,121.088982354335,120.310047872494,124.318752735568,125.955085722359
NA,NA,NA,2021-04-12,319.2,22.85,0,1.40875,24.7504166666667,0.138333333333333,1.33,102,-5.01558100052637,141.086549233802,127.566794661328,126.492209229695,124.191584225303
NA,NA,NA,2021-04-13,179.1,21.2,38.016,1.74541666666667,22.2283333333333,0.12875,0.49,103,-1.45364940842295,69.3790690762589,117.056956711779,118.548102625208,123.945655741623
NA,NA,NA,2021-04-14,149.3,20.45,22.608,2.28291666666667,19.04125,0.120833333333333,0.2,104,-0.805183478393229,73.9318253570316,102.575161901377,105.333407214767,111.407642374127
NA,NA,NA,2021-04-15,181.8,20.6,12.624,2.13291666666667,19.5683333333333,0.108333333333333,0.49,105,-1.13564599862038,64.6815307950958,107.739546696851,105.116347043177,112.756098792451
NA,NA,NA,2021-04-16,188.3,19.4,11.712,1.87125,20.2004166666667,0.102916666666667,0.36,106,-1.20310398899134,67.6079277759338,114.225172957647,112.516805525683,121.179042865734
NA,NA,NA,2021-04-17,147.3,19.2,17.136,1.76291666666667,19.5179166666667,0.095,0.16,107,-1.07035691286363,78.1243184524611,115.603198253653,108.120974560699,116.147998716484
NA,NA,NA,2021-04-18,130.1,18.25,0,1.50875,18.4491666666667,0.0891666666666667,0.57,108,-1.33941270808476,75.6123718882947,95.0680284878609,100.018312170538,97.4794984872854
NA,NA,NA,2021-04-19,314.8,19.5,0,1.31041666666667,19.3191666666667,0.09125,0.92,109,-3.66939212334005,127.222467923688,118.31532156262,115.217977385956,114.454018944323
NA,NA,NA,2021-04-20,248.9,19.9,0,1.38125,22.3820833333333,0.0958333333333333,1,110,-2.91722190294674,95.8457170468048,128.773787978413,128.923864712496,124.700395812318
NA,NA,NA,2021-04-21,326.5,16.4,0,1.09333333333333,21.8720833333333,0.0995833333333333,0.54,111,-3.67285603272701,140.299383419176,119.974098023322,118.775160732378,117.145989759436
NA,NA,NA,2021-04-22,329,16.6,0,0.9175,18.9845833333333,0.104583333333333,0.7,112,-3.27704046795341,138.554155874127,105.300709679817,104.865145167942,101.252765265581
NA,NA,NA,2021-04-23,291.3,21.75,0.384,1.58708333333333,20.1645833333333,0.11,0.82,113,-2.98196541319858,109.179846381454,124.087843588743,122.880956576113,123.734078831995
NA,NA,NA,2021-04-24,238.6,22.6,0,1.81583333333333,21.9691666666667,0.115,0.67,114,-2.13039546631117,72.4829259302188,123.028011735639,122.165789718818,122.896373714102
NA,NA,NA,2021-04-25,335.9,19.4,0,1.37083333333333,23.1620833333333,0.133333333333333,0.99,115,-4.76291989114825,144.079652428699,127.590478587994,130.464607694615,122.733537358994
NA,NA,NA,2021-04-26,331.7,21.95,0,1.40333333333333,24.6375,0.133333333333333,1.08,116,-5.4015001281967,134.576595002619,139.671039099855,137.314063568973,134.468030724596
NA,NA,NA,2021-04-27,287,25.5,0,1.74,25.0929166666667,0.119166666666667,1.09,117,-5.06097601115333,112.903882265872,141.821943584842,140.324559292152,133.093016619178
NA,NA,NA,2021-04-28,259.3,26.2,0,1.955,26.4816666666667,0.125416666666667,1.28,118,-4.77908305775804,108.768801653814,159.55084339199,154.016939980586,151.443546729705
NA,NA,NA,2021-04-29,321.5,26.4,0,2.00916666666667,26.87625,0.141666666666667,1.36,119,-5.35411561230357,137.174720316501,154.583838412914,147.736272133617,151.21469927174
NA,NA,NA,2021-04-30,256.3,24.9,0,1.76875,27.6275,0.14375,0.69,120,-4.3360747268747,98.1017482636848,160.790028833896,163.896611044896,157.405182461469
NA,NA,NA,2021-05-01,306.1,23.45,0.192,1.60333333333333,25.8170833333333,0.140416666666667,0.84,121,-4.99322593229692,117.381241924563,128.809209518143,129.440980356389,122.263431682654
NA,NA,NA,2021-05-02,238.7,22.95,10.512,1.91625,24.9695833333333,0.134583333333333,0.44,122,-3.2320701231148,89.2736102999302,162.787581560388,158.14249005016,155.183855612166
NA,NA,NA,2021-05-03,331.9,26.65,0.528,2.2225,25.3858333333333,0.13625,0.74,123,-4.86572234709128,116.953099950986,148.840562466267,143.760296583151,137.721969965919
NA,NA,NA,2021-05-04,296.2,25.7,17.568,2.28041666666667,26.3916666666667,0.133333333333333,0.38,124,-4.10576036310174,106.624746152147,175.742872946702,163.942078606538,160.407098452435
NA,NA,NA,2021-05-05,162.6,23.65,8.928,1.97875,25.28375,0.13625,0.19,125,-2.95270337567347,87.5367511400696,154.091070125267,161.009406765428,157.240391847773
NA,NA,NA,2021-05-06,359.1,22,0,1.43208333333333,25.3783333333333,0.136666666666667,0.85,126,-5.67553211253608,127.991793734456,152.774021066934,146.748022844182,145.288817114975
NA,NA,NA,2021-05-07,377,23.25,0,0.976666666666667,26.525,0.140416666666667,1.45,127,-6.10356292160924,158.830274941001,135.978045770907,129.665585804012,131.556752439745
NA,NA,NA,2021-05-08,368.1,24.6,0,1.03833333333333,26.3566666666667,0.13375,1.33,128,-5.89666709507953,150.048022360163,144.609666030108,142.541598053787,142.939211325145
NA,NA,NA,2021-05-09,320.2,25.3,54.048,1.58208333333333,26.6375,0.124166666666667,1.05,129,-5.16009811913339,124.358714420202,171.505703120603,160.549397452154,157.684241313836
NA,NA,NA,2021-05-10,251.5,24.85,20.688,1.74791666666667,25.63625,0.1225,0.6,130,-3.70709599650087,89.715878429964,165.50606128113,160.216043258208,158.470471976507
NA,NA,NA,2021-05-11,245.8,24.05,26.592,1.62083333333333,25.9825,0.100416666666667,0.35,131,-3.74509957826107,87.2009146271353,179.780028815699,176.920779146899,177.990047213258
NA,NA,NA,2021-05-12,292.7,23.45,1.776,1.4975,25.5991666666667,0.0904166666666667,0.39,132,-4.37240881597809,110.204214212304,196.174445991328,199.023655403834,189.453578587407
NA,NA,NA,2021-05-13,174.7,21.3,0,1.11041666666667,24.9504166666667,0.0891666666666667,0.57,133,-3.24895048840873,95.490940718132,159.382265227423,167.89223202653,172.85071665746
NA,NA,NA,2021-05-14,376.4,21.2,0,1.04166666666667,24.4570833333333,0.0816666666666667,0.94,134,-5.56427048800164,140.965358885715,159.738918778079,156.109522522224,156.086837407499
NA,NA,NA,2021-05-15,378.3,22.9,0,1.16958333333333,25.5233333333333,0.0933333333333333,0.95,135,-5.88068649163178,142.879893775216,194.147452247168,189.037920396836,189.257095866772
NA,NA,NA,2021-05-16,349.9,24.75,0.528,1.38666666666667,25.2045833333333,0.103333333333333,0.99,136,-5.77371410189129,125.854169179007,193.014206239609,191.945352609348,182.288427268011
NA,NA,NA,2021-05-17,214.1,22.65,31.776,1.66333333333333,24.5329166666667,0.108333333333333,0.26,137,-3.00425855846503,85.8193549141688,151.920817265572,164.82186653913,161.297424641932
NA,NA,NA,2021-05-18,277.8,22.95,0.432,1.99625,24.2966666666667,0.104166666666667,0.5,138,-3.76748695306387,104.659147788728,161.844650389335,163.39814807323,164.532540491115
NA,NA,NA,2021-05-19,302.8,25.5,5.232,2.30416666666667,25.1716666666667,0.0933333333333333,0.91,139,-4.45335695825288,108.304711595212,204.323773502373,216.255355707806,201.382818981232
NA,NA,NA,2021-05-20,288.5,24.55,9.504,2.79125,25.005,0.0895833333333333,0.65,140,-3.70849541623201,101.601573874236,202.339013504633,212.356677520366,205.591322559107
NA,NA,NA,2021-05-21,285,24.85,0.864,3.13208333333333,24.3645833333333,0.100416666666667,0.84,141,-3.92684084417684,106.448067783505,160.063908385753,165.223838006359,162.847636232593
NA,NA,NA,2021-05-22,376.5,24.2,0,2.90083333333333,24.9141666666667,0.0916666666666667,0.78,142,-5.10024095891273,124.590204341212,163.499386318516,163.153134017505,161.795617151787
NA,NA,NA,2021-05-23,374.7,24.2,0,2.43291666666667,25.93125,0.110416666666667,1.06,143,-5.46019891272545,131.947547861796,186.094580250574,179.187609470137,178.713982960551
NA,NA,NA,2021-05-24,338.2,24.7,0,2.12833333333333,26.58375,0.112083333333333,0.95,144,-5.58293218227563,126.656775865016,215.116712938087,207.448629265439,202.576671175248
NA,NA,NA,2021-05-25,376.8,25.1,0,2.05375,27.1570833333333,0.11375,1.07,145,-5.57483388987705,134.362302611183,197.057459207893,183.420951394616,184.915816142841
NA,NA,NA,2021-05-26,370.2,26.05,0,1.92333333333333,28.60625,0.127916666666667,1.21,146,-5.91869247671958,137.986894512022,198.079658318374,187.556685015614,191.693124730602
NA,NA,NA,2021-05-27,368.9,26.4,0,1.71208333333333,29.5933333333333,0.123333333333333,1.09,147,-6.04029076738571,135.580373039808,200.165227260214,194.454108369628,192.606785892077
-7.53806954545455,253.787078947368,163.11559187234,2021-05-28,351.8,25.95,0,1.60333333333333,29.1229166666667,0.12375,0.85,148,-7.53806954545455,163.11559187234,253.787078947368,253.787078947368,253.787078947368
NA,255.65312,NA,2021-05-29,259.8,23.65,0,1.40333333333333,26.8858333333333,0.1275,0.49,149,-4.36738948334262,95.8435833869456,255.65312,255.65312,255.65312
NA,NA,NA,2021-05-30,379.4,24.5,0,1.28375,26.4466666666667,0.1275,0.89,150,-5.91403078078583,138.467476858484,199.724710751847,189.590392269283,191.09715511974
-4.99927642553191,174.896835555556,153.962310454545,2021-05-31,382.7,25.45,0,1.35583333333333,27.855,0.127083333333333,1.21,151,-4.99927642553191,153.962310454545,174.896835555556,174.896835555556,174.896835555556
-5.50698313043478,142.131140540541,119.974277673913,2021-06-01,371.1,26.85,0.576,1.60333333333333,28.495,0.114583333333333,1.01,152,-5.50698313043478,119.974277673913,142.131140540541,142.131140540541,142.131140540541
-4.6935718974359,195.499586206897,110.259850487805,2021-06-02,343.4,26.35,1.056,1.68291666666667,28.30125,0.130416666666667,0.76,153,-4.6935718974359,110.259850487805,195.499586206897,195.499586206897,195.499586206897
NA,NA,NA,2021-06-03,328.7,26.2,4.32,1.59375,28.6741666666667,0.14625,0.89,154,-5.16639511851904,116.627779681399,216.315463463291,215.501592138419,200.301627273237
NA,NA,NA,2021-06-04,265.6,25.7,5.232,1.38875,28.09,0.14,0.64,155,-3.7766782803326,94.7196356969336,216.602931106801,228.810865295019,226.410476963358
-2.42923517073171,NA,72.5027581395349,2021-06-05,228.2,23.6,3.744,1.65833333333333,27.01625,0.125,0.33,156,-2.42923517073171,72.5027581395349,208.981392801076,222.165739491942,222.055594349725
NA,NA,NA,2021-06-06,173.1,25.2,6,2.19708333333333,26.0145833333333,0.124166666666667,0.61,157,-2.68329488443176,82.0499400036466,189.988026787808,212.24407079638,211.79923040825
NA,NA,NA,2021-06-07,366.6,27.9,0,2.18166666666667,27.15,0.14375,1.05,158,-5.68132003634055,127.147496127078,201.55142317751,187.033466774071,187.476201722698
NA,NA,NA,2021-06-08,378,28.2,0,2.08625,29.1491666666667,0.14875,1.05,159,-5.97123948314032,135.580820253608,191.494640412134,184.369811804847,182.339329305343
NA,NA,NA,2021-06-09,286.1,27.2,0,1.92583333333333,30.3483333333333,0.153333333333333,0.85,160,-4.57593572644662,117.207798635898,202.156055901159,208.15556008574,200.337154435732
NA,NA,NA,2021-06-10,356.4,28,0,1.76,30.3970833333333,0.148333333333333,1.15,161,-5.55273788130641,134.004719891623,202.043837435257,196.645362730028,192.266929678306
NA,NA,NA,2021-06-11,336.5,27.8,0,1.63541666666667,30.395,0.145833333333333,1.05,162,-5.59473356887272,131.686177943474,199.120077654287,199.672998250864,192.051965478592
NA,NA,NA,2021-06-12,379.5,29.4,0,1.39875,31.4775,0.1475,1.17,163,-5.3832934789166,138.147507528935,186.064815427967,183.029865458603,181.747673408294
NA,NA,NA,2021-06-13,306.9,28.6,7.392,1.13791666666667,32.0608333333333,0.139166666666667,1.05,164,-4.62906811686388,123.634209648307,177.061598793003,188.77774290902,183.962582351185
NA,NA,NA,2021-06-14,369.8,28.55,0,1.08458333333333,29.9033333333333,0.1275,1.07,165,-6.2834482019977,140.02767100906,196.230073225376,197.196482029601,198.013091029609
NA,NA,NA,2021-06-15,361.8,28.95,2.4,1.12166666666667,32.35375,0.128333333333333,1.19,166,-5.50492975294013,135.246650581657,206.22969561769,204.202824818246,201.673179846413
-9.05163034210526,235.207903225806,133.102451581395,2021-06-16,336.6,28.7,0,1.07958333333333,32.2279166666667,0.132916666666667,1.05,167,-9.05163034210526,133.102451581395,235.207903225806,235.207903225806,235.207903225806
-5.17167534782609,241.281808510638,203.509208043478,2021-06-17,367.9,28.8,0,1.01666666666667,30.4308333333333,0.132916666666667,1.3,168,-5.17167534782609,203.509208043478,241.281808510638,241.281808510638,241.281808510638
NA,NA,NA,2021-06-18,145.8,24.5,24.912,1.41666666666667,28.6416666666667,0.12,0.48,169,-2.67090291887733,80.1822601777234,219.137943972528,235.999526737951,235.966581732372
-4.84230355555556,253.15875,128.637506382979,2021-06-19,195.6,27.35,0.288,1.95708333333333,27.2441666666667,0.139166666666667,0.93,170,-4.84230355555556,128.637506382979,253.15875,253.15875,253.15875
-4.82719848888889,290.890505,119.750136666667,2021-06-20,280.9,26.5,0.528,1.68083333333333,28.1220833333333,0.133333333333333,0.86,171,-4.82719848888889,119.750136666667,290.890505,290.890505,290.890505
NA,205.28135483871,NA,2021-06-21,227.3,26.5,23.376,1.645,27.38875,0.12375,0.84,172,-3.03141981634687,83.102366425371,205.28135483871,205.28135483871,205.28135483871
-2.75304702439024,280.263127272727,83.5833754,2021-06-22,232.6,27.05,5.952,1.6,27.4079166666667,0.11,0.92,173,-2.75304702439024,83.5833754,280.263127272727,280.263127272727,280.263127272727
-3.92098644444444,236.776817647059,50.4168293333333,2021-06-23,298.3,28.1,6.384,1.4875,28.1329166666667,0.107083333333333,0.93,174,-3.92098644444444,50.4168293333333,236.776817647059,236.776817647059,236.776817647059
-6.6702627027027,185.511371428571,101.25529172973,2021-06-24,314.3,28.2,1.584,1.42208333333333,29.1954166666667,0.100833333333333,1.08,175,-6.6702627027027,101.25529172973,185.511371428571,185.511371428571,185.511371428571
-3.25264773846154,234.073386842105,106.028896444444,2021-06-25,271,27.45,3.072,1.38958333333333,29.55125,0.0979166666666667,0.84,176,-3.25264773846154,106.028896444444,234.073386842105,234.073386842105,234.073386842105
-3.13881595555556,213.371916666667,109.297094577083,2021-06-26,271.6,27.9,4.176,1.51833333333333,29.13,0.102916666666667,1.17,177,-3.13881595555556,109.297094577083,213.371916666667,213.371916666667,213.371916666667
-4.07664527906977,209.493857142857,105.14567826087,2021-06-27,263.9,26.4,6.672,1.79666666666667,28.7666666666667,0.107083333333333,1.03,178,-4.07664527906977,105.14567826087,209.493857142857,209.493857142857,209.493857142857
-4.65863422222222,222.199846153846,95.2230408510638,2021-06-28,307.3,26.45,3.024,1.90875,28.4691666666667,0.1175,1,179,-4.65863422222222,95.2230408510638,222.199846153846,222.199846153846,222.199846153846
-2.92403634146341,237.005111111111,92.0403304651163,2021-06-29,313.9,27,7.584,1.85833333333333,28.8008333333333,0.113333333333333,0.95,180,-2.92403634146341,92.0403304651163,237.005111111111,237.005111111111,237.005111111111
-3.65789381818182,249.43316969697,113.850355555556,2021-06-30,310.8,27.35,12.288,1.71916666666667,29.3779166666667,0.10375,1.01,181,-3.65789381818182,113.850355555556,249.43316969697,249.43316969697,249.43316969697
-4.68366504761905,323.872709677419,93.7143686444444,2021-07-01,326.7,27.7,2.4,1.55708333333333,29.95875,0.0995833333333333,1.09,182,-4.68366504761905,93.7143686444444,323.872709677419,323.872709677419,323.872709677419
-6.10063487179487,291.335,174.757753641026,2021-07-02,304,28.1,6.336,1.30708333333333,30.705,0.1,1,183,-6.10063487179487,174.757753641026,291.335,291.335,291.335
-1.065682,303.75567037037,67.7571553043478,2021-07-03,255.4,26.6,2.832,1.00083333333333,28.8825,0.1,0.68,184,-1.065682,67.7571553043478,303.75567037037,303.75567037037,303.75567037037
-4.99172533333333,291.294242424242,125.132858043478,2021-07-04,275.5,26.75,2.688,0.897916666666667,28.465,0.10375,0.91,185,-4.99172533333333,125.132858043478,291.294242424242,291.294242424242,291.294242424242
-3.86836244444444,228.354476315789,101.239083391304,2021-07-05,298.9,27.05,2.736,1.06791666666667,29.98875,0.11125,0.94,186,-3.86836244444444,101.239083391304,228.354476315789,228.354476315789,228.354476315789
-3.22080179487179,209.71843,106.881121482927,2021-07-06,288.4,27.45,0.384,1.18083333333333,29.9420833333333,0.115833333333333,1.03,187,-3.22080179487179,106.881121482927,209.71843,209.71843,209.71843
NA,NA,107.214794243902,2021-07-07,241.6,28,8.784,1.16166666666667,29.3608333333333,0.120416666666667,0.95,188,-2.86798576714512,107.214794243902,225.666444194159,231.267767050725,221.2469586922
-2.34897394473684,221.231222222222,83.1622911578947,2021-07-08,302.1,27.65,0.624,1.25416666666667,29.5491666666667,0.123333333333333,0.99,189,-2.34897394473684,83.1622911578947,221.231222222222,221.231222222222,221.231222222222
-1.97695813953488,221.97758,54.4804424444444,2021-07-09,261.3,27.65,0.96,1.32416666666667,28.5025,0.132916666666667,0.48,190,-1.97695813953488,54.4804424444444,221.97758,221.97758,221.97758
-3.99975502222222,220.733729411765,110.654216186304,2021-07-10,275.2,28.65,0.384,1.31833333333333,29.2491666666667,0.139583333333333,0.94,191,-3.99975502222222,110.654216186304,220.733729411765,220.733729411765,220.733729411765
-0.842425813953488,260.965256,100.921532761905,2021-07-11,307.5,26.95,6.432,1.28916666666667,29.2120833333333,0.137083333333333,0.65,192,-0.842425813953488,100.921532761905,260.965256,260.965256,260.965256
-1.31479604878049,253.79895,79.3609677142857,2021-07-12,256.9,27.6,5.76,1.21416666666667,27.7054166666667,0.126666666666667,0.66,193,-1.31479604878049,79.3609677142857,253.79895,253.79895,253.79895
-4.26229534883721,187.236563888889,126.495804772727,2021-07-13,364.7,28.5,0,1.21083333333333,29.04375,0.12875,1.18,194,-4.26229534883721,126.495804772727,187.236563888889,187.236563888889,187.236563888889
-4.00721744186047,203.097115151515,137.374352727273,2021-07-14,284,28.65,1.056,1.24125,30.8829166666667,0.13375,1.13,195,-4.00721744186047,137.374352727273,203.097115151515,203.097115151515,203.097115151515
-3.42754387804878,191.68225,120.409156111111,2021-07-15,283.4,27.95,1.296,1.27291666666667,31.0954166666667,0.1375,1.07,196,-3.42754387804878,120.409156111111,191.68225,191.68225,191.68225
0.281825641025641,NA,86.3956714473684,2021-07-16,260.9,27.6,2.688,1.20416666666667,30.8295833333333,0.136666666666667,1.02,197,0.281825641025641,86.3956714473684,212.201082607212,192.476881684964,190.40371268637
-1.80319775,NA,104.96235952381,2021-07-17,283.3,28.1,3.888,1.28125,30.0058333333333,0.130416666666667,1.11,198,-1.80319775,104.96235952381,210.902315614697,216.771468742477,210.481789240799
-5.42082530769231,NA,77.9542325348837,2021-07-18,245.8,27.8,6.96,1.27708333333333,29.5491666666667,0.130416666666667,0.92,199,-5.42082530769231,77.9542325348837,229.264768631542,229.980619181797,225.520659505767
-3.761013,269.399013793103,102.683273302326,2021-07-19,279.9,27.65,0.432,1.21125,29.6058333333333,0.12625,0.96,200,-3.761013,102.683273302326,269.399013793103,269.399013793103,269.399013793103
-1.653448375,NA,78.051208675,2021-07-20,249,25.95,0.72,1.20625,29.0004166666667,0.1275,0.91,201,-1.653448375,78.051208675,222.009107386121,233.898442823517,227.099469558654
-4.4582231627907,219.167864285714,167.684111904762,2021-07-21,279.9,28.6,0,1.21625,29.0379166666667,0.13,1.27,202,-4.4582231627907,167.684111904762,219.167864285714,219.167864285714,219.167864285714
-1.56852380952381,250.520547368421,146.852724651163,2021-07-22,340.2,29.6,0,1.16583333333333,30.2525,0.1375,1.26,203,-1.56852380952381,146.852724651163,250.520547368421,250.520547368421,250.520547368421
-0.982197608695652,284.002804347826,145.769575869565,2021-07-23,335.5,30.7,0,0.957083333333333,31.7733333333333,0.135833333333333,1.37,204,-0.982197608695652,145.769575869565,284.002804347826,284.002804347826,284.002804347826
-3.11105666666667,220.19099047619,179.578041422222,2021-07-24,255.6,30.55,2.4,0.685416666666667,32.8345833333333,0.135,1.42,205,-3.11105666666667,179.578041422222,220.19099047619,220.19099047619,220.19099047619
-1.73240752380952,187.814843589744,95.71931855,2021-07-25,269.4,29.35,0.144,0.71,31.7766666666667,0.136666666666667,1.12,206,-1.73240752380952,95.71931855,187.814843589744,187.814843589744,187.814843589744
-3.08119425,155.228882195122,131.021542095238,2021-07-26,384,29.35,0,0.89375,31.9466666666667,0.1475,1.21,207,-3.08119425,131.021542095238,155.228882195122,155.228882195122,155.228882195122
-2.56330286486486,147.962851282051,153.477191384615,2021-07-27,387.1,29.9,0,1.02333333333333,32.6129166666667,0.154583333333333,1.26,208,-2.56330286486486,153.477191384615,147.962851282051,147.962851282051,147.962851282051
-0.121272945945946,215.79254,120.739036023256,2021-07-28,353.1,29.9,1.248,1.05583333333333,32.7075,0.16,1.28,209,-0.121272945945946,120.739036023256,215.79254,215.79254,215.79254
-1.03822375,127.068882439024,107.9603319,2021-07-29,311.7,29.55,0.384,1.09583333333333,32.1370833333333,0.16,1.2,210,-1.03822375,107.9603319,127.068882439024,127.068882439024,127.068882439024
-0.372291555555556,188.919066666667,129.185504162791,2021-07-30,364.1,30.35,0,0.937083333333333,32.2679166666667,0.16,1.35,211,-0.372291555555556,129.185504162791,188.919066666667,188.919066666667,188.919066666667
0.45066875,127.724316666667,84.2871106904762,2021-07-31,318.6,29.3,1.056,0.840416666666667,30.6420833333333,0.16,1.01,212,0.45066875,84.2871106904762,127.724316666667,127.724316666667,127.724316666667
NA,163.884730857143,163.083605657895,2021-08-01,332.6,29.8,1.728,0.860833333333333,29.6183333333333,0.1675,1.09,213,-2.48914568471726,163.083605657895,163.884730857143,163.884730857143,163.884730857143
NA,120.261591666667,81.5831810833333,2021-08-02,255.4,28.55,4.992,0.865416666666667,29.8270833333333,0.175833333333333,0.76,214,-2.31889167534658,81.5831810833333,120.261591666667,120.261591666667,120.261591666667
NA,NA,NA,2021-08-03,225.6,27.15,12.48,0.796666666666667,28.3291666666667,0.179166666666667,0.81,215,-1.84233891334263,82.035399773957,162.402873257399,164.73422812986,155.31128926185
-2.26591791489362,114.884728947368,156.011158714286,2021-08-04,221.2,27.4,0,0.807916666666667,28.6591666666667,0.17,0.98,216,-2.26591791489362,156.011158714286,114.884728947368,114.884728947368,114.884728947368
-6.94925202702703,53.8147,160.396798609756,2021-08-05,378.7,27,0,0.784583333333333,28.3483333333333,0.17,1.07,217,-6.94925202702703,160.396798609756,53.8147,53.8147,53.8147
-2.34968365853659,66.7494575757576,103.390255205128,2021-08-06,246.1,28.3,0,0.904583333333333,28.78125,0.17,1.03,218,-2.34968365853659,103.390255205128,66.7494575757576,66.7494575757576,66.7494575757576
0.681971380952381,120.066386486486,139.4721255,2021-08-07,318.1,29.65,0,1.04416666666667,30.2404166666667,0.175833333333333,1.25,219,0.681971380952381,139.4721255,120.066386486486,120.066386486486,120.066386486486
0.896177976744186,91.1151361111111,103.369847219512,2021-08-08,281,29.75,0.624,1.08208333333333,30.9125,0.179166666666667,1.2,220,0.896177976744186,103.369847219512,91.1151361111111,91.1151361111111,91.1151361111111
-1.61887215,85.1689162162162,120.081752025641,2021-08-09,299.1,29.15,0.384,1.09125,30.8325,0.17375,1.04,221,-1.61887215,120.081752025641,85.1689162162162,85.1689162162162,85.1689162162162
-0.784614135135135,116.206261290323,109.439941688095,2021-08-10,335.1,29.85,1.728,1.07958333333333,31.1745833333333,0.160833333333333,1.07,222,-0.784614135135135,109.439941688095,116.206261290323,116.206261290323,116.206261290323
-0.0143271052631578,98.6168137931034,76.6470197857143,2021-08-11,239.4,28.35,12.288,1.13125,30.8945833333333,0.150416666666667,1.08,223,-0.0143271052631578,76.6470197857143,98.6168137931034,98.6168137931034,98.6168137931034
0.0419683,98.1729212121212,95.9108997435897,2021-08-12,289.3,28.45,0.384,1.13625,30.23,0.15,1.05,224,0.0419683,95.9108997435897,98.1729212121212,98.1729212121212,98.1729212121212
-0.356887135135135,NA,98.8301418918919,2021-08-13,285.6,28.5,22.08,1.03916666666667,29.9179166666667,0.14,0.94,225,-0.356887135135135,98.8301418918919,139.221627071931,135.837762202493,134.459752742337
-0.96614780952381,81.7228581481481,149.666695886364,2021-08-14,350.4,29.45,0,0.990416666666667,30.53625,0.142083333333333,1.41,226,-0.96614780952381,149.666695886364,81.7228581481481,81.7228581481481,81.7228581481481
0.537754815789474,NA,126.71418327027,2021-08-15,298.1,29.2,12.432,1.12833333333333,31.5070833333333,0.140416666666667,1.13,227,0.537754815789474,126.71418327027,136.159708981604,130.988381861169,131.520487485451
-0.807814318181818,113.083235405405,162.894014902439,2021-08-16,334.8,29.4,0,1.25541666666667,30.5708333333333,0.13875,1.35,228,-0.807814318181818,162.894014902439,113.083235405405,113.083235405405,113.083235405405
-1.52338956756757,77.3518947058824,130.705881388889,2021-08-17,306.9,29.7,1.008,1.46208333333333,31.3145833333333,0.14125,1.29,229,-1.52338956756757,130.705881388889,77.3518947058824,77.3518947058824,77.3518947058824
-3.38095428571429,89.0908055,127.714292214286,2021-08-18,298.1,30.1,3.408,1.68416666666667,31.9079166666667,0.150416666666667,1.37,230,-3.38095428571429,127.714292214286,89.0908055,89.0908055,89.0908055
-1.98805142857143,141.305782352941,106.549255957447,2021-08-19,263.7,29.45,1.008,1.70958333333333,31.5445833333333,0.165416666666667,1.21,231,-1.98805142857143,106.549255957447,141.305782352941,141.305782352941,141.305782352941
-3.00174438636364,234.46092,122.053294586957,2021-08-20,344.7,29.85,0,1.70208333333333,31.60875,0.169166666666667,1.24,232,-3.00174438636364,122.053294586957,234.46092,234.46092,234.46092
-2.57318802272727,247.2504375,118.3899808,2021-08-21,347.7,30.2,0,1.6025,31.4641666666667,0.17,1.39,233,-2.57318802272727,118.3899808,247.2504375,247.2504375,247.2504375
-2.39176385714286,265.208221428571,121.788315975,2021-08-22,349.6,30.15,0,1.45875,31.51875,0.17,1.61,234,-2.39176385714286,121.788315975,265.208221428571,265.208221428571,265.208221428571
-1.77280206818182,289.113997674419,129.395405152174,2021-08-23,269.5,30.1,0.912,1.26583333333333,31.9375,0.164583333333333,1.52,235,-1.77280206818182,129.395405152174,289.113997674419,289.113997674419,289.113997674419
-1.59764577777778,288.950143589744,169.308743409091,2021-08-24,245.1,30.55,0.768,1.20958333333333,32.48375,0.158333333333333,1.44,236,-1.59764577777778,169.308743409091,288.950143589744,288.950143589744,288.950143589744
NA,316.8358,NA,2021-08-25,286.1,30.05,17.472,1.16041666666667,30.8845833333333,0.158333333333333,1.36,237,-1.01621275834413,117.635676430526,316.8358,316.8358,316.8358
1.78499880487805,NA,68.6239891081081,2021-08-26,224.1,27.5,9.936,1.38958333333333,29.24,0.15,0.84,238,1.78499880487805,68.6239891081081,218.400678859643,193.19879996131,188.891453655549
2.17885789473684,347.985769230769,60.2426622790698,2021-08-27,170.6,26.35,3.696,1.65916666666667,28.7383333333333,0.150833333333333,0.62,239,2.17885789473684,60.2426622790698,347.985769230769,347.985769230769,347.985769230769
-1.51092537777778,307.953789473684,84.2550176086957,2021-08-28,252.5,27.7,7.632,1.81916666666667,28.1391666666667,0.157916666666667,0.77,240,-1.51092537777778,84.2550176086957,307.953789473684,307.953789473684,307.953789473684
NA,NA,NA,2021-08-29,159.6,25.25,72.72,2.83708333333333,26.2670833333333,0.150833333333333,0.21,241,-0.89417220940309,78.7060365558025,195.357906602611,206.277953199312,203.659895285608
-0.86937891627907,NA,138.276686521739,2021-08-30,183.7,27.25,4.608,5.81791666666667,25.7179166666667,0.15,0.89,242,-0.86937891627907,138.276686521739,185.823721308614,199.674535613807,199.526881207807
-2.97242436842105,NA,NA,2021-08-31,220.5,29.05,7.488,4.23416666666667,26.9408333333333,0.145833333333333,1.15,243,-2.97242436842105,103.455777143877,205.127290826638,218.883518188991,211.16994466547
NA,NA,80.6220138461538,2021-09-01,226,28.3,1.392,3.19208333333333,27.4575,0.14,1.11,244,-1.86055215307389,80.6220138461538,214.434139073598,227.223855092228,223.701014926224
-0.1792348,NA,NA,2021-09-02,283,28.9,0.24,2.51708333333333,27.97125,0.140833333333333,1.01,245,-0.1792348,111.984077808488,205.317380970316,188.70937934445,187.915278813365
-1.38285048648649,NA,163.721497864865,2021-09-03,303.7,28.3,0,2.05333333333333,29.5608333333333,0.143333333333333,1.2,246,-1.38285048648649,163.721497864865,214.6183496675,210.490528336444,211.055741451843
0.787089731707317,NA,158.80420995122,2021-09-04,307.2,28.45,0,1.75416666666667,30.5204166666667,0.147916666666667,1.31,247,0.787089731707317,158.80420995122,201.26890059785,167.983993658815,183.644597807997
NA,NA,NA,2021-09-05,286.3,28.65,0,1.61583333333333,30.2654166666667,0.15625,1.23,248,-2.45525412618855,122.390295126621,208.060943333791,203.162756727925,212.194771587246
NA,NA,NA,2021-09-06,222.9,27.75,4.752,1.54166666666667,29.0266666666667,0.155,0.84,249,-2.10365407257431,79.343118777814,216.126786398309,228.774242122612,223.383955953331
NA,NA,NA,2021-09-07,246,28.1,5.376,1.515,28.8954166666667,0.150833333333333,1.11,250,-2.25601469555047,89.4017254855187,211.606003494495,226.592813648111,224.740754949952
NA,NA,NA,2021-09-08,207.6,26.4,1.68,1.49833333333333,28.9233333333333,0.15,0.88,251,-1.8947843437112,84.6301922272436,221.082811427339,233.455638422359,226.063062791351
NA,NA,NA,2021-09-09,289.7,26.75,0,1.16583333333333,29.3454166666667,0.15,0.99,252,-2.39438984557731,113.70354389378,190.798839670384,206.27619118676,200.097206736519
-0.782782682926829,NA,145.991409302326,2021-09-10,313.8,25,0,0.969166666666667,28.4579166666667,0.15,1.11,253,-0.782782682926829,145.991409302326,166.549106452638,164.95548984047,169.671677581789
-1.21828392682927,NA,147.700309210526,2021-09-11,309.4,27.5,0,1.22791666666667,28.6308333333333,0.1475,1.14,254,-1.21828392682927,147.700309210526,208.847325335933,215.277731807265,206.975267063824
NA,NA,NA,2021-09-12,178.4,26.6,10.944,1.54041666666667,27.5308333333333,0.1375,0.88,255,-1.55023899866461,85.0655343293064,220.930453898174,232.679326153871,228.137464625758
-0.564458866666667,NA,98.0080700666667,2021-09-13,225.9,27.55,1.296,1.62833333333333,27.2908333333333,0.134166666666667,0.99,256,-0.564458866666667,98.0080700666667,215.1918944629,207.766936650028,208.388816134633
NA,NA,NA,2021-09-14,152,23.75,49.296,1.82291666666667,26.9829166666667,0.130833333333333,0.22,257,-1.45598304661069,75.6038730105894,213.014955668227,230.14381557048,226.638265906633
NA,NA,NA,2021-09-15,153.4,25.15,8.88,2.53041666666667,25.8083333333333,0.12,0.94,258,-1.80867110910557,86.2341387525287,199.415803300105,225.674824236967,225.398596524441
-0.580494347826087,NA,75.3175968090909,2021-09-16,164.5,27.45,2.208,2.4925,27.0766666666667,0.111666666666667,1.3,259,-0.580494347826087,75.3175968090909,226.525151898769,221.80101540099,226.78615535947
NA,NA,NA,2021-09-17,150.8,26.25,3.216,2.415,27.2370833333333,0.115,0.77,260,-1.56793335524287,78.674093649661,226.19651907792,242.407804264324,246.833483350163
-1.6632705952381,NA,67.833540902439,2021-09-18,163.7,26.3,8.736,2.21625,27.2041666666667,0.12,0.8,261,-1.6632705952381,67.833540902439,211.643447174253,228.856761909056,224.63766272456
-0.732546522727273,NA,80.9694303075,2021-09-19,187.8,26.55,9.072,2.04583333333333,27.65875,0.120833333333333,0.9,262,-0.732546522727273,80.9694303075,225.448906291477,220.850709678829,220.924002352149
NA,NA,75.6002171666667,2021-09-20,228.5,27.15,3.456,2.00875,27.9120833333333,0.120416666666667,1.04,263,-1.92957285351151,75.6002171666667,226.75051229993,233.636644383577,237.358817352033
NA,NA,NA,2021-09-21,226.4,27.75,4.464,1.90666666666667,28.6858333333333,0.130833333333333,1.02,264,-2.00811462694662,83.0435381176095,223.754924099559,233.143928542212,233.204189195016
NA,NA,NA,2021-09-22,207.6,22.35,0,1.45125,27.11375,0.122083333333333,0.5,265,-2.100723259271,82.5722238030666,206.945454596205,223.133445899067,218.511051650252
-2.76412023809524,295.147252272727,136.12159,2021-09-23,299.7,21.55,0,0.995416666666667,23.6695833333333,0.121666666666667,0.93,266,-2.76412023809524,136.12159,295.147252272727,295.147252272727,295.147252272727
-2.49096882222222,258.159748888889,108.916070444444,2021-09-24,263.7,21.25,0,1.23208333333333,24.4266666666667,0.139583333333333,1.01,267,-2.49096882222222,108.916070444444,258.159748888889,258.159748888889,258.159748888889
-3.16824937674419,271.72018,118.658375560976,2021-09-25,234.5,21.8,0,1.33916666666667,24.95875,0.17125,0.98,268,-3.16824937674419,118.658375560976,271.72018,271.72018,271.72018
-2.6447976547619,264.0989136,93.1369718604651,2021-09-26,262.8,23.35,0,1.35916666666667,25.8570833333333,0.172916666666667,1.06,269,-2.6447976547619,93.1369718604651,264.0989136,264.0989136,264.0989136
-1.06124585333333,208.402170731707,57.5492368372093,2021-09-27,250,25.5,0,1.46541666666667,26.3741666666667,0.18,0.93,270,-1.06124585333333,57.5492368372093,208.402170731707,208.402170731707,208.402170731707
NA,181.881053243243,53.2176872222222,2021-09-28,171.2,25.75,3.984,1.55791666666667,26.7345833333333,0.189166666666667,0.58,271,-0.939255246956023,53.2176872222222,181.881053243243,181.881053243243,181.881053243243
NA,182.37806,NA,2021-09-29,126.6,24.5,13.104,1.86291666666667,25.3595833333333,0.18125,0.55,272,-0.41631653869703,68.0435752461074,182.37806,182.37806,182.37806
-0.0287181777777777,245.445962222222,49.1631717608696,2021-09-30,211.5,27.65,0.912,2.005,25.0404166666667,0.19,1.18,273,-0.0287181777777777,49.1631717608696,245.445962222222,245.445962222222,245.445962222222
-0.417360063829787,231.183340425532,62.5080362857143,2021-10-01,235.1,28.15,0,1.96583333333333,26.1675,0.19375,1.37,274,-0.417360063829787,62.5080362857143,231.183340425532,231.183340425532,231.183340425532
NA,222.213622222222,NA,2021-10-02,158.2,27.2,4.08,1.99041666666667,26.6433333333333,0.199166666666667,1.19,275,-1.32440110660746,69.8081464346662,222.213622222222,222.213622222222,222.213622222222
-2.12427141025641,239.74348974359,55.4840699,2021-10-03,161,27.25,1.92,1.97625,26.9620833333333,0.199166666666667,1.37,276,-2.12427141025641,55.4840699,239.74348974359,239.74348974359,239.74348974359
NA,373.81054,NA,2021-10-04,153.3,26.75,1.056,1.91625,27.7370833333333,0.190833333333333,1.2,277,-1.51589187238689,77.679451550684,373.81054,373.81054,373.81054
-3.12216102777778,306.017289285714,92.3235401578947,2021-10-05,194,26.2,0,1.74791666666667,27.8045833333333,0.190833333333333,1.14,278,-3.12216102777778,92.3235401578947,306.017289285714,306.017289285714,306.017289285714
-2.70552208108108,354.6678,96.5280882727273,2021-10-06,235.8,26.9,0,1.60833333333333,28.4945833333333,0.1925,1.29,279,-2.70552208108108,96.5280882727273,354.6678,354.6678,354.6678
-2.98194155263158,220.684032258065,102.812545833333,2021-10-07,245.4,27.5,0,1.45583333333333,28.71875,0.19,1.23,280,-2.98194155263158,102.812545833333,220.684032258065,220.684032258065,220.684032258065
-2.82516158536585,237.605697058824,113.09463605,2021-10-08,257.1,26.9,0,1.42041666666667,28.5945833333333,0.18875,1.27,281,-2.82516158536585,113.09463605,237.605697058824,237.605697058824,237.605697058824
-2.22441072972973,365.895644444444,82.0946749210526,2021-10-09,259.2,27,0,1.43458333333333,28.565,0.182083333333333,1.41,282,-2.22441072972973,82.0946749210526,365.895644444444,365.895644444444,365.895644444444
-2.76197516666667,206.968921212121,85.0765617948718,2021-10-10,259.1,27.15,0,1.52416666666667,28.3975,0.180416666666667,1.28,283,-2.76197516666667,85.0765617948718,206.968921212121,206.968921212121,206.968921212121
-0.97759352173913,210.029589361702,52.8274530888889,2021-10-11,252.8,28.4,0,1.71916666666667,27.4254166666667,0.178333333333333,1.41,284,-0.97759352173913,52.8274530888889,210.029589361702,210.029589361702,210.029589361702
-1.29216317777778,223.561130434783,75.2608186744186,2021-10-12,248.5,27.8,0,1.78791666666667,27.3291666666667,0.179583333333333,1.33,285,-1.29216317777778,75.2608186744186,223.561130434783,223.561130434783,223.561130434783
-1.32639722222222,213.492477272727,71.0151164390244,2021-10-13,253.2,28.7,0,1.80083333333333,27.3533333333333,0.179583333333333,1.4,286,-1.32639722222222,71.0151164390244,213.492477272727,213.492477272727,213.492477272727
-0.567233441860465,226.405717948718,62.864083,2021-10-14,233.8,28.05,0,1.88041666666667,27.65125,0.179583333333333,1.21,287,-0.567233441860465,62.864083,226.405717948718,226.405717948718,226.405717948718
-1.671032375,220.966463636364,66.3053884186047,2021-10-15,241,28.3,0,1.87166666666667,27.88625,0.18,1.24,288,-1.671032375,66.3053884186047,220.966463636364,220.966463636364,220.966463636364
-0.0761736170212765,327.394642857143,156.870425581395,2021-10-16,235.5,22,0,1.33125,25.0329166666667,0.178333333333333,0.8,289,-0.0761736170212765,156.870425581395,327.394642857143,327.394642857143,327.394642857143
-0.991568361702128,228.834058536585,105.243556511628,2021-10-17,257.4,21.5,0,0.81875,19.7595833333333,0.170833333333333,1.35,290,-0.991568361702128,105.243556511628,228.834058536585,228.834058536585,228.834058536585
-2.07817370833333,159.093374468085,72.1043343720455,2021-10-18,192.7,21.9,0,0.9725,20.1595833333333,0.174583333333333,1.18,291,-2.07817370833333,72.1043343720455,159.093374468085,159.093374468085,159.093374468085
-1.95536081395349,145.369871428571,73.4564637,2021-10-19,239.4,24.75,0,1.16541666666667,22.3083333333333,0.193333333333333,1.2,292,-1.95536081395349,73.4564637,145.369871428571,145.369871428571,145.369871428571
-0.694867627906977,141.165921212121,41.0721460454545,2021-10-20,211.8,27.8,0,1.57125,24.22375,0.202083333333333,1.43,293,-0.694867627906977,41.0721460454545,141.165921212121,141.165921212121,141.165921212121
-1.26286965853659,NA,72.0519011785714,2021-10-21,203,27.25,0,1.71916666666667,26.2229166666667,0.209583333333333,1.39,294,-1.26286965853659,72.0519011785714,181.283758680147,179.253751645241,182.305268796924
-1.24063233333333,185.729833333333,72.785142902439,2021-10-22,207.3,27.15,0,1.69166666666667,27.0025,0.21,1.25,295,-1.24063233333333,72.785142902439,185.729833333333,185.729833333333,185.729833333333
-0.66593680952381,172.088878787879,58.068489047619,2021-10-23,204.4,27,0,1.6775,26.9291666666667,0.21,1.21,296,-0.66593680952381,58.068489047619,172.088878787879,172.088878787879,172.088878787879
-0.147164510638298,177.525131578947,42.7203944680851,2021-10-24,199.4,26.5,0,1.90083333333333,26.2670833333333,0.207916666666667,1.13,297,-0.147164510638298,42.7203944680851,177.525131578947,177.525131578947,177.525131578947
NA,119.439054166667,79.1970975555556,2021-10-25,228.3,26.65,0,1.94916666666667,26.4008333333333,0.20375,1.11,298,-0.644541947609778,79.1970975555556,119.439054166667,119.439054166667,119.439054166667
-0.815930311111111,160.394927906977,62.0361409302326,2021-10-26,224.9,25.2,0,1.74166666666667,26.605,0.2,1.16,299,-0.815930311111111,62.0361409302326,160.394927906977,160.394927906977,160.394927906977
0.903852289473684,180.389613157895,52.5221292105263,2021-10-27,177.3,24.6,15.456,1.95958333333333,25.7345833333333,0.197916666666667,0.8,300,0.903852289473684,52.5221292105263,180.389613157895,180.389613157895,180.389613157895
-0.253857369565217,204.245841304348,115.681714583333,2021-10-28,217.1,20.1,0,1.95083333333333,23.0933333333333,0.19,0.9,301,-0.253857369565217,115.681714583333,204.245841304348,204.245841304348,204.245841304348
0.00682,194.128208333333,96.4309479166667,2021-10-29,221.2,15.85,0,1.34416666666667,19.5833333333333,0.19,0.71,302,0.00682,96.4309479166667,194.128208333333,194.128208333333,194.128208333333
-1.99311904545455,200.2926825,53.4289562093023,2021-10-30,204.6,15.3,0,0.747916666666667,18.6108333333333,0.177916666666667,0.62,303,-1.99311904545455,53.4289562093023,200.2926825,200.2926825,200.2926825
-1.63518781395349,160.071608108108,53.2179178,2021-10-31,213.5,18.8,0,0.742916666666667,19.4533333333333,0.17,0.82,304,-1.63518781395349,53.2179178,160.071608108108,160.071608108108,160.071608108108
-1.58222348333333,168.109564,59.9833955658537,2021-11-01,197.1,20,0,0.800833333333333,20.7145833333333,0.171666666666667,0.89,305,-1.58222348333333,59.9833955658537,168.109564,168.109564,168.109564
-1.37204855813953,149.524881818182,70.1447383953488,2021-11-02,205.8,19.2,0,0.760833333333333,21.5433333333333,0.184583333333333,0.82,306,-1.37204855813953,70.1447383953488,149.524881818182,149.524881818182,149.524881818182
-1.49652233333333,198.502056410256,52.5851431333333,2021-11-03,185.4,17.4,0,0.767916666666667,20.4995833333333,0.19,0.48,307,-1.49652233333333,52.5851431333333,198.502056410256,198.502056410256,198.502056410256
-0.8563475625,179.493983333333,55.8353520833333,2021-11-04,131.7,15.75,0,0.87625,19.0425,0.192083333333333,0.45,308,-0.8563475625,55.8353520833333,179.493983333333,179.493983333333,179.493983333333
0.880211093181818,108.514442857143,26.9262970212766,2021-11-05,81.3,14.55,0,0.819166666666667,16.3920833333333,0.195833333333333,0.24,309,0.880211093181818,26.9262970212766,108.514442857143,108.514442857143,108.514442857143
-1.61907751590909,100.47213030303,55.1695176341463,2021-11-06,202.9,14.75,0,0.900833333333333,16.0891666666667,0.2,0.46,310,-1.61907751590909,55.1695176341463,100.47213030303,100.47213030303,100.47213030303
-1.27397394594595,NA,59.3075043783784,2021-11-07,204.3,15.45,0,1.01,17.06625,0.20125,0.67,311,-1.27397394594595,59.3075043783784,91.0121077191636,96.9066883921897,89.6977879479707
NA,NA,46.2235886046512,2021-11-08,200.3,17.05,0,1.0525,17.97375,0.2075,0.74,312,-0.728357104139139,46.2235886046512,83.7313961611288,84.2542898433078,77.6053507577953
NA,NA,41.1765492820513,2021-11-09,186.8,17.75,0,1.06666666666667,18.9491666666667,0.21,0.69,313,-0.647798750271222,41.1765492820513,90.0850013793328,89.8694215949042,89.6681657877609
-1.82463301282051,97.8146575757576,38.3040232272727,2021-11-10,171.6,21.1,0,1.14916666666667,19.8341666666667,0.21,0.78,314,-1.82463301282051,38.3040232272727,97.8146575757576,97.8146575757576,97.8146575757576
-1.21644964285714,67.2786333333333,61.5674559459459,2021-11-11,172.6,21.2,0,1.28125,20.4866666666667,0.21,0.61,315,-1.21644964285714,61.5674559459459,67.2786333333333,67.2786333333333,67.2786333333333
-0.308397,167.696778571429,36.6426451190476,2021-11-12,191.1,18.3,0,1.30041666666667,20.2008333333333,0.21,0.59,316,-0.308397,36.6426451190476,167.696778571429,167.696778571429,167.696778571429
-0.840208240425532,67.4455933333333,72.4631672916667,2021-11-13,188.7,11.8,0,1.16666666666667,17.9179166666667,0.21,0.48,317,-0.840208240425532,72.4631672916667,67.4455933333333,67.4455933333333,67.4455933333333
-1.073011,112.383336842105,44.9882275555556,2021-11-14,177.1,14.3,0,1.01,15.8683333333333,0.201666666666667,0.75,318,-1.073011,44.9882275555556,112.383336842105,112.383336842105,112.383336842105
-0.773515024390244,55.9667817241379,37.5390955405405,2021-11-15,169.2,17.65,0,1.1525,16.9591666666667,0.202083333333333,0.77,319,-0.773515024390244,37.5390955405405,55.9667817241379,55.9667817241379,55.9667817241379
0.454545976744186,NA,33.5587225581395,2021-11-16,163.8,19.4,0,1.21416666666667,18.345,0.20875,0.71,320,0.454545976744186,33.5587225581395,78.9216063046317,68.1586144283857,67.3294932546621
0.540081043478261,66.0946794871795,19.901605173913,2021-11-17,183.1,22.35,0,1.32583333333333,19.3833333333333,0.200833333333333,0.76,321,0.540081043478261,19.901605173913,66.0946794871795,66.0946794871795,66.0946794871795
1.499194675,76.6490485714286,55.111351525,2021-11-18,161.6,18.65,1.008,1.37041666666667,20.1254166666667,0.2,0.57,322,1.499194675,55.111351525,76.6490485714286,76.6490485714286,76.6490485714286
-0.305781106382979,58.5100312820513,71.3210216666667,2021-11-19,174.1,15.45,0,0.9675,16.6958333333333,0.2,0.63,323,-0.305781106382979,71.3210216666667,58.5100312820513,58.5100312820513,58.5100312820513
-0.575468222222222,148.360695862069,31.165841902439,2021-11-20,178,18.15,0,0.947083333333333,16.40625,0.194166666666667,0.61,324,-0.575468222222222,31.165841902439,148.360695862069,148.360695862069,148.360695862069
NA,NA,30.6332061794872,2021-11-21,171.5,21.15,2.976,1.1575,18.4375,0.2,0.74,325,0.250865294912543,30.6332061794872,73.641044919625,70.3186272455595,65.0685876270356
2.3362258572093,68.106865625,36.3324681395349,2021-11-22,159.4,15.35,0,1.17375,18.8408333333333,0.207916666666667,0.21,326,2.3362258572093,36.3324681395349,68.106865625,68.106865625,68.106865625
-0.769779044444444,64.50348,49.9566977073171,2021-11-23,180.5,13.05,0,0.943333333333333,15.8620833333333,0.203333333333333,0.62,327,-0.769779044444444,49.9566977073171,64.50348,64.50348,64.50348
-0.346604046341463,77.723755,35.9751893157895,2021-11-24,151.5,17.25,0,1.08791666666667,15.7595833333333,0.2,0.65,328,-0.346604046341463,35.9751893157895,77.723755,77.723755,77.723755
0.26556475,53.3773072972973,24.1897075,2021-11-25,119.5,19.35,0.432,1.33083333333333,17.3333333333333,0.2075,0.63,329,0.26556475,24.1897075,53.3773072972973,53.3773072972973,53.3773072972973
-0.239259533333333,54.5777753783784,57.9019404255319,2021-11-26,160.3,12.35,0,1.09416666666667,17.5695833333333,0.21,0.26,330,-0.239259533333333,57.9019404255319,54.5777753783784,54.5777753783784,54.5777753783784
0.251886309302326,84.7051903225806,NA,2021-11-27,117.7,12.35,0.672,0.99375,15.0583333333333,0.202083333333333,0.45,331,0.251886309302326,47.276231277828,84.7051903225806,84.7051903225806,84.7051903225806
0.245501771052632,41.7788795833333,46.1186048684211,2021-11-28,37.2,14.1,0.24,1.05541666666667,15.1283333333333,0.20125,0.39,332,0.245501771052632,46.1186048684211,41.7788795833333,41.7788795833333,41.7788795833333
-1.14451373947368,80.6295422222222,39.815360902439,2021-11-29,175.3,13.15,0,0.927083333333333,14.8683333333333,0.207083333333333,0.52,333,-1.14451373947368,39.815360902439,80.6295422222222,80.6295422222222,80.6295422222222
-1.01364040526316,46.5220533333333,39.2344742459459,2021-11-30,154.4,15.3,0,0.993333333333333,15.29375,0.201666666666667,0.67,334,-1.01364040526316,39.2344742459459,46.5220533333333,46.5220533333333,46.5220533333333
-2.5143203025,NA,25.186148785,2021-12-01,160.3,18.2,0,1.08791666666667,16.2416666666667,0.209583333333333,0.76,335,-2.5143203025,25.186148785,66.0481710471341,81.7698538760194,81.0517084648959
-1.09668654615385,NA,23.2096125,2021-12-02,171,18.15,0,1.12958333333333,17.6420833333333,0.21,0.69,336,-1.09668654615385,23.2096125,68.2700900463342,78.2391888972241,78.111147394933
-0.153743944444444,NA,NA,2021-12-03,159,18.45,0,1.10958333333333,18.5879166666667,0.21,0.73,337,-0.153743944444444,31.5802511545719,60.5231554933721,60.544474305645,59.2652279507653
NA,NA,23.95505,2021-12-04,162.5,20.9,0,1.085,19.8533333333333,0.21,0.77,338,0.419270442424059,23.95505,83.9099074767365,75.8032119587391,74.394472035169
0.132340325,NA,26.40186665,2021-12-05,157,21.6,0,1.14125,20.5425,0.211666666666667,0.91,339,0.132340325,26.40186665,102.868692178954,91.7336949566275,92.0595412839023
0.819118285714286,NA,51.9568032380952,2021-12-06,150.3,22.05,3.84,1.28625,20.8679166666667,0.22,0.78,340,0.819118285714286,51.9568032380952,96.8282445019916,87.4444263138648,90.6333976211942
NA,NA,NA,2021-12-07,105.8,16.95,1.008,1.22458333333333,20.1358333333333,0.22,0.28,341,1.00732041247964,41.5768297720744,80.6107929508617,78.0712169157613,80.2891579875509
NA,NA,NA,2021-12-08,119,17.1,0.48,1.17625,19.1195833333333,0.215833333333333,0.42,342,0.773661965207674,36.5953457905461,73.3159564205289,69.7071194546476,71.3325941966642
NA,NA,NA,2021-12-09,93.5,22.3,1.104,1.20708333333333,18.65,0.210416666666667,1.03,343,0.62542641166615,29.5562165725448,91.1247149409564,79.188985666215,71.7260498517973
NA,NA,NA,2021-12-10,148.6,25,0,1.29375,21.2029166666667,0.210416666666667,1.04,344,0.26653956105137,39.5571047568874,114.072409311208,100.3531371238,96.289628151668
NA,NA,NA,2021-12-11,138.5,19.35,0.912,1.31416666666667,21.8779166666667,0.217916666666667,0.73,345,0.916749662079463,38.5887156400137,90.8763709131995,87.606623396467,86.6387376193849
NA,NA,NA,2021-12-12,143.8,14,0,0.955833333333333,17.275,0.212083333333333,0.45,346,-0.0167275700222595,47.8875080286079,68.7805545498707,71.8975724845266,71.2881804336718
NA,NA,NA,2021-12-13,88.6,18.2,0,0.871666666666667,16.7154166666667,0.202916666666667,0.52,347,0.099763594959342,33.1452083030819,74.3295531746107,73.946164245886,71.5513613873658
NA,NA,NA,2021-12-14,141.7,21.15,0,0.925416666666667,18.2775,0.196666666666667,0.75,348,0.228632811989095,31.0930889293377,79.1687926370876,84.8093755493222,75.7286630373531
NA,NA,NA,2021-12-15,150.7,22.35,0,1.01916666666667,20.02,0.212083333333333,0.93,349,0.207103066397169,36.8020053505475,105.19060413603,94.9831327899576,94.749166076797
NA,NA,NA,2021-12-16,153.5,23.3,0,1.1825,20.5041666666667,0.22,1.05,350,0.387401671407003,39.7785045731737,114.903632710788,103.482401817507,100.594766328834
NA,NA,NA,2021-12-17,142,22.35,0.384,1.29166666666667,20.6820833333333,0.220833333333333,0.88,351,0.64356858159173,39.1144584995038,110.686762011846,96.3655503665117,93.6588884782167
NA,NA,NA,2021-12-18,119.6,20.75,5.952,1.37083333333333,20.7733333333333,0.229166666666667,0.66,352,1.21561952878693,43.1849563774588,87.3617654971508,83.8484251726597,85.6306183882011
NA,NA,NA,2021-12-19,80.1,11.95,0,1.32333333333333,17.7441666666667,0.22,0.17,353,0.782464346896849,54.1815604938191,69.0256041417241,69.8039589591689,68.2506679158037
NA,NA,NA,2021-12-20,30.8,10,0.528,1.18625,13.0541666666667,0.21625,0.26,354,0.530568718922233,46.9349282226944,64.3817380682918,65.9173961207233,66.0964572822727
NA,NA,NA,2021-12-21,91.2,9.25,0,0.905416666666667,11.4145833333333,0.213333333333333,0.28,355,0.126239927377393,45.350457530339,62.5640583993463,66.97984451514,66.4022359444007
NA,NA,NA,2021-12-22,166.5,12.75,0,0.692916666666667,11.21625,0.2075,0.64,356,-0.167104451449869,40.5226375879479,72.8589438244467,74.6015312090859,71.077755604801
NA,NA,NA,2021-12-23,157,14.35,0,0.685833333333333,12.6991666666667,0.1925,0.54,357,-0.069656558937553,37.6059503039434,86.422724799709,91.2552447179663,86.9856556363828
NA,NA,NA,2021-12-24,160,20.2,0,0.736666666666667,15.14875,0.205416666666667,0.88,358,0.00977384181993252,32.2105458911475,87.0906603932529,81.1308554448433,73.864680823608
NA,NA,NA,2021-12-25,161,21.1,0,0.83375,17.5108333333333,0.211666666666667,0.72,359,0.312313480901587,30.6376327177581,71.9856227451457,75.1437821525913,68.7049217044031
NA,NA,NA,2021-12-26,161.5,22,0,0.902916666666667,18.9858333333333,0.21125,0.81,360,0.329323115900199,33.2784404410943,93.6335032509485,86.9964459585708,83.8149857716341
NA,NA,NA,2021-12-27,162.8,23.4,0,0.9175,19.72,0.21,0.92,361,-0.100284421782525,35.5013476436555,104.352777096398,99.3165487357789,94.717347287376
NA,NA,NA,2021-12-28,154.1,24.1,4.992,1.09583333333333,20.625,0.21,0.97,362,0.42663419006606,38.9977938077542,116.727491015981,104.043357392638,104.632591513982
NA,NA,NA,2021-12-29,149.2,24.85,0,1.43916666666667,21.9683333333333,0.200833333333333,0.95,363,0.442470420542907,43.1314773574124,112.505354904908,96.8282687320678,95.6141392241237
NA,NA,NA,2021-12-30,156.3,25.9,0,1.50375,22.8966666666667,0.2,1.11,364,0.236924292208482,52.5203269620733,114.291871160527,110.349517365137,109.369214162168
NA,NA,NA,2021-12-31,151.3,25.65,0,1.48541666666667,23.4083333333333,0.2,1.15,365,0.0629067751340844,52.6994956120138,123.537037395137,117.848276998063,114.82127257875
NA,NA,NA,2022-01-01,149.2,25.7,4.656,1.76416666666667,23.4204166666667,0.197083333333333,1.25,1,-0.89464313500845,74.8908272108484,116.93550937273,113.777901989746,117.145402094656
NA,NA,NA,2022-01-02,95.2,14,2.832,1.76208333333333,21.6175,0.19625,0.62,2,0.511353974529627,70.510601533036,73.6836502669911,67.482062482504,67.6714298231633
NA,NA,NA,2022-01-03,151.8,6.95,0,0.9825,12.94875,0.20875,0.46,3,0.314896812811223,71.0364223199808,61.6702782398254,58.9015370482973,61.472395797021
NA,NA,NA,2022-01-04,98.9,10.7,0,0.5925,11.0641666666667,0.200416666666667,0.51,4,0.269795844263296,68.8511812819789,59.2824979593737,55.1163237706135,55.3981930204931
NA,NA,NA,2022-01-05,65.4,17.25,0,0.644583333333333,12.2345833333333,0.19625,0.74,5,0.53256216582427,53.8069790829197,58.3848365994623,48.7862644864584,56.504382755259
NA,NA,NA,2022-01-06,156.8,15.95,0.288,0.778333333333333,14.3816666666667,0.19,0.68,6,0.495146217761795,57.2558522792973,66.5848730130305,60.0762290827191,63.3183266308181
NA,NA,NA,2022-01-07,170.3,10.45,0,0.596666666666667,12.6508333333333,0.193333333333333,0.48,7,0.380933160152556,68.7602039470118,65.6632521781528,61.6544555975959,63.0165316627169
NA,NA,NA,2022-01-08,68.7,17.75,0,0.745833333333333,13.2129166666667,0.189166666666667,0.65,8,0.499029601498758,57.146159980347,68.0489191215674,58.0026860146459,63.3816340606149
NA,NA,NA,2022-01-09,143.8,20.2,0.24,1.05666666666667,16.6504166666667,0.183333333333333,0.81,9,0.874964162873407,51.1343319101489,70.9168919621206,64.5009915038851,65.8697583397932
NA,NA,NA,2022-01-10,103.8,12.3,0,0.901666666666667,16.1270833333333,0.18,0.44,10,0.516739972968579,66.5393628598663,70.8076764801184,64.6456080263071,69.4322837371856
NA,NA,NA,2022-01-11,178.6,11.8,0,0.45625,10.7345833333333,0.18125,0.73,11,0.357293976057241,61.2584838453961,54.6129422295795,48.6423114264341,54.6070114060081
NA,NA,NA,2022-01-12,55.3,11.3,0,0.472916666666667,11.5333333333333,0.17375,0.52,12,0.241301989517459,67.7356981165472,53.8153711259259,46.8638646545839,55.3341915222298
NA,NA,NA,2022-01-13,178,14.15,0,0.536666666666667,12.1191666666667,0.177916666666667,0.81,13,0.340181216276042,56.9587398573164,57.523915750763,52.5073580377829,57.1330635032327
NA,NA,NA,2022-01-14,178,15.65,0,0.557916666666667,13.4341666666667,0.18,0.86,14,0.364686075177432,55.277651003677,64.4786813816018,57.4802978940402,62.4272232288196
NA,NA,NA,2022-01-15,81.1,10.95,4.848,0.71125,14.2845833333333,0.18,0.37,15,0.526331134000557,71.9567575459366,69.0209313267594,63.7717472531382,67.489186181411
NA,NA,NA,2022-01-16,137.8,6.25,0,0.297083333333333,9.575,0.184583333333333,0.42,16,0.23766318455471,71.5048798163114,63.8841655194511,58.858618850896,65.9843113564953
NA,NA,NA,2022-01-17,187.1,9.85,0,0.0904166666666667,8.47041666666667,0.191666666666667,0.59,17,0.0288096125766828,70.6145086381949,60.986221621502,58.100940208448,63.171888324521
NA,NA,NA,2022-01-18,176.3,12.55,0,0.139583333333333,10.7195833333333,0.185,0.61,18,0.217550378269974,63.6995310387441,58.9345435429123,56.2630568770386,60.9478253000568
NA,NA,NA,2022-01-19,177.8,18.95,3.312,0.34125,13.34125,0.177916666666667,0.87,19,0.450009868994863,57.4788930511988,70.250161456076,64.4191700685488,69.8846101703004
NA,NA,NA,2022-01-20,89.2,9.45,1.872,0.575833333333333,13.91875,0.164166666666667,0.19,20,0.171376593533817,80.9900013081897,61.1395330865713,62.4791791519398,64.7247060046104
NA,NA,NA,2022-01-21,47,3.5,0.336,0.265833333333333,7.475,0.169583333333333,0.25,21,0.138792148572534,77.052726304692,57.910451670811,55.2900206585915,62.6562494612729
NA,NA,NA,2022-01-22,174.9,5.45,0,0.0726666666666667,4.932,0.170666666666667,0.37,22,0.118157718094571,71.0764812225594,58.5815454353168,57.7007664723557,61.7212621431405
NA,NA,NA,2022-01-23,194.9,6.85,0,0.06,7.70583333333333,0.170833333333333,0.52,23,-0.0702626519817579,71.9214194205924,55.3475549305361,53.0909178189068,60.9109902280931
NA,NA,NA,2022-01-24,78.1,9.5,9.696,0.269583333333333,8.29666666666667,0.174166666666667,0.41,24,0.349271814265957,70.6208749788625,66.719469611823,55.7233784817825,66.906741855062
NA,NA,NA,2022-01-25,65.9,10.1,1.536,0.65625,9.34583333333333,0.146666666666667,0.2,25,-0.285003760739861,81.7202743728806,58.4116822368088,53.2089705719733,58.6486153498881
NA,NA,NA,2022-01-26,174,9.85,0,0.555416666666667,9.36333333333333,0.140833333333333,0.39,26,-0.517625724701423,75.2231013408592,60.3627764259993,58.5195808735416,62.7416614941781
NA,NA,NA,2022-01-27,192.2,12.2,0,0.52875,9.87791666666667,0.150833333333333,0.64,27,-0.387554690123739,69.7282380098393,46.6955673741643,46.317306950547,51.7286585058969
NA,NA,NA,2022-01-28,140.4,9.25,0,0.51875,9.85541666666667,0.149166666666667,0.57,28,-0.445135634333246,76.1933235409115,49.113705259219,48.2582494334211,53.414636629063
NA,NA,NA,2022-01-29,206.5,7.6,0,0.225416666666667,7.99541666666667,0.168333333333333,0.61,29,-0.227053935940004,72.5483467206019,46.4294102053832,49.2879413166422,55.6103333536439
NA,NA,NA,2022-01-30,202,12.95,0,0.268333333333333,9.27458333333333,0.16125,0.82,30,0.10280082314501,60.903269765754,49.3405255310309,49.2468284409455,51.0322449378234
NA,NA,NA,2022-01-31,193.2,14.85,0,0.449583333333333,12.08,0.161666666666667,0.72,31,0.109127027106877,57.6433889815296,44.3881290891479,43.2990966263503,49.1385207319997
NA,NA,NA,2022-02-01,131.7,18.25,2.256,1.24041666666667,11.7691666666667,0.152916666666667,0.76,32,0.144691081638092,59.2678086721634,49.102777741361,45.3446867906397,49.4609993235761
NA,NA,NA,2022-02-02,119.5,19.4,6.144,1.55083333333333,13.64125,0.1575,0.84,33,0.22463471201855,57.4559628713239,58.3034448623679,52.5489837663767,53.3209121957706
NA,NA,NA,2022-02-03,121.2,14.7,32.976,1.85541666666667,15.85,0.157083333333333,0.41,34,0.0905566744888983,69.4746535931168,62.518069633558,53.4952088086657,57.8568965400441
NA,NA,NA,2022-02-04,49.1,3.8,2.064,2.1575,11.3016666666667,0.1575,0.15,35,-0.087126241144335,82.3586964156547,47.8142340278465,41.3527249699376,48.3500878668698
NA,NA,NA,2022-02-05,198.1,6.55,0,1.92125,7.46375,0.145,0.45,36,-0.575778211038339,75.3350120485126,38.1857839327319,40.7701567920891,46.6455774401829
NA,NA,NA,2022-02-06,199.1,9.65,0,1.73166666666667,8.88625,0.14,0.52,37,-0.627198569248241,74.5854223829487,44.67414788866,45.3797393030598,51.8483311963763
NA,NA,NA,2022-02-07,159.2,11.05,0,1.66583333333333,9.875,0.14625,0.57,38,-0.37663620611843,73.0615902004782,40.2672794711626,42.798001145583,46.5977416882784
NA,NA,NA,2022-02-08,210.7,11.6,0,1.8475,10.1975,0.15,0.7,39,-0.223767059852966,70.8572422115056,30.4144044309374,29.7940229733809,36.3841808947187
NA,NA,NA,2022-02-09,215.5,12.45,0,1.95625,11.5375,0.1525,0.76,40,-0.15680810550937,63.5693408920228,27.4212809102535,28.0680210943973,33.7479835959122
NA,26.290236875,56.3755510810811,2022-02-10,206.1,14.15,0,1.90583333333333,12.47,0.155833333333333,0.85,41,-0.0468014531479526,56.3755510810811,26.290236875,26.290236875,26.290236875
1.35250186111111,122.826424,63.7184892682927,2022-02-11,212.6,15.3,0,1.82375,13.7454166666667,0.16,0.81,42,1.35250186111111,63.7184892682927,122.826424,122.826424,122.826424
NA,16.5216343461538,75.2378668780488,2022-02-12,191,13.45,0.528,1.85666666666667,14.9304166666667,0.16,0.68,43,0.207301925498005,75.2378668780488,16.5216343461538,16.5216343461538,16.5216343461538
-1.58420114545455,7.68556874418605,126.542672340426,2022-02-13,218.3,9.15,0,1.99708333333333,12.1216666666667,0.16,0.58,44,-1.58420114545455,126.542672340426,7.68556874418605,7.68556874418605,7.68556874418605
NA,56.85564625,43.39465,2022-02-14,218,12.25,0,2.10708333333333,11.27375,0.164166666666667,0.92,45,0.106463187827464,43.39465,56.85564625,56.85564625,56.85564625
NA,-3.38742264705882,33.4427819148936,2022-02-15,199.1,14.65,0,2.32083333333333,12.37625,0.166666666666667,0.72,46,0.268373599800041,33.4427819148936,-3.38742264705882,-3.38742264705882,-3.38742264705882
0.986802704545455,11.7155168292683,10.8062433255814,2022-02-16,216.9,20,0.144,2.465,14.1716666666667,0.17,0.94,47,0.986802704545455,10.8062433255814,11.7155168292683,11.7155168292683,11.7155168292683
1.30405182105263,2.61059353125,6.551718,2022-02-17,191,18.6,1.152,2.42625,17.4079166666667,0.174166666666667,0.45,48,1.30405182105263,6.551718,2.61059353125,2.61059353125,2.61059353125
0.195346511627907,89.3343710789474,133.634353191489,2022-02-18,200.1,10.8,0,2.415,16.02875,0.179166666666667,0.19,49,0.195346511627907,133.634353191489,89.3343710789474,89.3343710789474,89.3343710789474
0.087202031627907,15.2524814285714,84.8154326086956,2022-02-19,227.8,12.55,0,2.26916666666667,12.4845833333333,0.176666666666667,0.75,50,0.087202031627907,84.8154326086956,15.2524814285714,15.2524814285714,15.2524814285714
0.650578985555556,270.62626974359,29.5802404666667,2022-02-20,194.2,16.65,0,2.25083333333333,13.1454166666667,0.170416666666667,0.78,51,0.650578985555556,29.5802404666667,270.62626974359,270.62626974359,270.62626974359
-0.166086897435897,22.18134,3.73339609756098,2022-02-21,180.8,21.7,0,2.29166666666667,15.7270833333333,0.17,0.98,52,-0.166086897435897,3.73339609756098,22.18134,22.18134,22.18134
1.83409766585366,23.4140418333333,NA,2022-02-22,224.6,24.65,0,2.42041666666667,18.87125,0.17,1.25,53,1.83409766585366,43.8928365333621,23.4140418333333,23.4140418333333,23.4140418333333
NA,NA,24.7169135555556,2022-02-23,225.4,24.85,0,2.46416666666667,20.5795833333333,0.17,1.26,54,0.0708651991856468,24.7169135555556,69.6518460420189,65.1925384626715,65.9609262743421
0.233088176666667,33.9769248,23.4925754166667,2022-02-24,197.8,20.5,0.192,2.48375,21.43125,0.17,0.74,55,0.233088176666667,23.4925754166667,33.9769248,33.9769248,33.9769248
0.397593360465116,NA,116.528028931818,2022-02-25,119.6,13.45,0,2.55708333333333,18.68125,0.17,0.24,56,0.397593360465116,116.528028931818,57.9237030856809,51.2998922848843,59.1825543751797
-0.0770801848780488,NA,31.8670851304348,2022-02-26,194.8,14.95,0.816,2.54833333333333,14.7254166666667,0.17,0.48,57,-0.0770801848780488,31.8670851304348,47.9702709928041,44.5584123840161,46.6372660900481
NA,NA,51.6033038,2022-02-27,84,13.15,1.392,2.64041666666667,14.7429166666667,0.17,0.46,58,0.489608842042856,51.6033038,52.3141068677216,45.2833279983776,51.7980370152623
0.0503821372093023,NA,87.3761506666667,2022-02-28,245.5,13.95,0,2.62208333333333,13.2983333333333,0.17,0.8,59,0.0503821372093023,87.3761506666667,55.317197760494,49.6908215966018,51.6152504002616
0.201131226976744,NA,84.6390819565217,2022-03-01,240,14.6,0,1.69333333333333,14.4375,0.177083333333333,0.93,60,0.201131226976744,84.6390819565217,67.0553477437112,61.0400386229207,59.9408243296573
0.581037611904762,NA,79.643082173913,2022-03-02,258,16.85,0,0.947083333333333,15.8570833333333,0.184166666666667,1.12,61,0.581037611904762,79.643082173913,81.4070596587951,78.9842213192101,78.7199694818692
NA,NA,58.7434717297297,2022-03-03,138.8,16.65,0,0.72375,15.9816666666667,0.192083333333333,0.85,62,0.202363410467113,58.7434717297297,77.6573108304707,69.7012286476244,70.2487729922661
0.730377035135135,NA,85.612071,2022-03-04,237.4,16.6,0,0.634583333333333,16.9679166666667,0.195416666666667,0.78,63,0.730377035135135,85.612071,68.6562011523399,68.9219477777604,67.8507621247108
0.721774,NA,51.4400315,2022-03-05,253.2,22.45,0,0.894166666666667,19.05375,0.202916666666667,1.11,64,0.721774,51.4400315,92.5696437495527,87.6315222800924,90.0142989336899
1.01957436956522,NA,55.7102757142857,2022-03-06,249.2,23.3,0,1.23583333333333,21.4441666666667,0.203333333333333,0.96,65,1.01957436956522,55.7102757142857,99.5854758009707,90.9190392699715,90.094088835767
1.41542581395349,NA,87.041254,2022-03-07,196.5,21.75,3.024,1.34416666666667,23.40875,0.183333333333333,0.71,66,1.41542581395349,87.041254,92.6943178669135,81.0260292768757,87.232517000396
0.2691188,NA,59.0772524444444,2022-03-08,158.8,16.85,5.376,1.04583333333333,21.1454166666667,0.174166666666667,0.1,67,0.2691188,59.0772524444444,98.519320690835,84.5194007768945,88.1340747889638
NA,NA,55.5449127659574,2022-03-09,50.8,12.55,1.968,0.874166666666667,17.2154166666667,0.171666666666667,0.16,68,0.312350702612958,55.5449127659574,78.4413776812164,72.5887991237994,76.6448854739647
-0.263997911111111,NA,93.0236303181818,2022-03-10,143.5,17,0.96,0.66625,16.1525,0.17625,0.58,69,-0.263997911111111,93.0236303181818,75.7395728586143,69.6285640636711,73.6270860865468
NA,NA,94.2608655853658,2022-03-11,181.2,14.15,14.784,0.884583333333333,19.2291666666667,0.169166666666667,0.2,70,-0.065134690047586,94.2608655853658,96.865192933345,84.9732377345,86.1244511219847
-1.18515012291667,70.1273840909091,168.7573625,2022-03-12,278.1,8.6,0,0.6775,14.6275,0.157083333333333,0.47,71,-1.18515012291667,168.7573625,70.1273840909091,70.1273840909091,70.1273840909091
-0.487409311111111,97.1927568181818,78.7826587826087,2022-03-13,250.1,10.4,0,0.179565217391304,13.7408695652174,0.182608695652174,0.54,72,-0.487409311111111,78.7826587826087,97.1927568181818,97.1927568181818,97.1927568181818
0.0593124772727273,80.6734634146341,81.7775970222222,2022-03-14,258.3,16.9,5.952,0.373333333333333,15.2725,0.35125,0.73,73,0.0593124772727273,81.7775970222222,80.6734634146341,80.6734634146341,80.6734634146341
2.69431913157895,55.1543447368421,96.9453939534884,2022-03-15,235.4,18.7,0.144,0.645416666666667,18.7866666666667,0.3275,0.7,74,2.69431913157895,96.9453939534884,55.1543447368421,55.1543447368421,55.1543447368421
-0.850609666666667,57.628009047619,83.898654047619,2022-03-16,234.9,16.55,0,0.645833333333333,19.965,0.245833333333333,0.53,75,-0.850609666666667,83.898654047619,57.628009047619,57.628009047619,57.628009047619
-0.238882209302326,70.1310931707317,84.2209086363636,2022-03-17,252.4,18.45,0,0.744166666666667,20.8358333333333,0.15,0.71,76,-0.238882209302326,84.2209086363636,70.1310931707317,70.1310931707317,70.1310931707317
1.10802535416667,88.1429595238095,144.641521304348,2022-03-18,218.2,20.95,0,1.09083333333333,22.3220833333333,0.16125,0.93,77,1.10802535416667,144.641521304348,88.1429595238095,88.1429595238095,88.1429595238095
-1.04999138125,50.9554311111111,136.960603645833,2022-03-19,280.6,16.65,0,0.684166666666667,20.0129166666667,0.1475,0.82,78,-1.04999138125,136.960603645833,50.9554311111111,50.9554311111111,50.9554311111111
-1.65295294594595,102.578371034483,130.427863179487,2022-03-20,288.8,17.4,0,0.38375,19.2295833333333,0.16,1.07,79,-1.65295294594595,130.427863179487,102.578371034483,102.578371034483,102.578371034483
-1.03043238409091,NA,92.7426409302326,2022-03-21,265.1,20.3,0,0.92375,20.27625,0.16,0.84,80,-1.03043238409091,92.7426409302326,89.6834673303558,89.1297159610452,95.8249260907609
0.147121421052632,NA,44.9517072727273,2022-03-22,203.2,20.05,3.504,1.7625,21.8729166666667,0.167083333333333,0.27,81,0.147121421052632,44.9517072727273,84.6900406065692,77.000596936462,75.5582808459665
-2.11911953658537,50.8391035714286,126.089637111111,2022-03-23,263.3,16.65,0,1.62791666666667,20.1491666666667,0.175,0.76,82,-2.11911953658537,126.089637111111,50.8391035714286,50.8391035714286,50.8391035714286
-2.63309328571429,60.3599740740741,158.405812272727,2022-03-24,289.2,17.45,0,1.12083333333333,19.7958333333333,0.180416666666667,0.96,83,-2.63309328571429,158.405812272727,60.3599740740741,60.3599740740741,60.3599740740741
-1.70189246666667,NA,129.321910851064,2022-03-25,294.9,17.95,0,0.904166666666667,19.4479166666667,0.175416666666667,1.15,84,-1.70189246666667,129.321910851064,95.6601174577022,95.5679135303218,94.7829357525222
-2.56652086046512,NA,115.71400772093,2022-03-26,293.5,18.65,0,0.63375,20.0758333333333,0.160833333333333,1.29,85,-2.56652086046512,115.71400772093,97.0364339538977,93.6341972644499,97.3947053990105
-3.64000720930233,NA,150.416491972222,2022-03-27,293.6,19.4,0,0.662083333333333,21.0745833333333,0.16,1.17,86,-3.64000720930233,150.416491972222,100.062700674809,99.362115897263,99.1281364975545
-2.76481048780488,NA,150.418738815789,2022-03-28,287.7,22.3,0,0.721666666666667,22.6529166666667,0.150416666666667,1.12,87,-2.76481048780488,150.418738815789,100.193155603485,97.9802657360319,101.698768511348
-2.18343646666667,NA,111.636119047619,2022-03-29,277.4,23.3,0,1.07083333333333,23.6691666666667,0.1575,1.03,88,-2.18343646666667,111.636119047619,90.1509615044996,90.6237792459509,94.8840087554961
-3.25483753658537,NA,98.3400255813954,2022-03-30,252.6,21.55,15.264,1.89333333333333,23.4841666666667,0.175,0.5,89,-3.25483753658537,98.3400255813954,106.514926678197,101.140141692428,107.864980462678
-3.10266811111111,NA,126.264440425532,2022-03-31,283.1,18.1,0,1.91916666666667,22.1641666666667,0.174166666666667,0.6,90,-3.10266811111111,126.264440425532,77.3754182113252,82.0011376146832,85.6561186414812
-3.53758878571429,NA,140.783022820513,2022-04-01,297.3,18.6,0.384,1.28708333333333,21.38375,0.19,0.99,91,-3.53758878571429,140.783022820513,95.4467057321925,99.298956963698,99.7900767351811
-1.64221489189189,NA,103.278786275,2022-04-02,217.8,18,2.544,1.16708333333333,21.03625,0.189583333333333,0.58,92,-1.64221489189189,103.278786275,92.1468546455034,96.2570964053491,99.9683584688331
-4.29225528604651,NA,141.224760144186,2022-04-03,303.5,19.85,0,1.16916666666667,21.92875,0.179166666666667,1.07,93,-4.29225528604651,141.224760144186,106.057815043201,99.6330588991663,106.376943989623
-3.54939825,NA,116.78971,2022-04-04,286.5,21.1,1.056,1.335,23.0716666666667,0.170416666666667,0.76,94,-3.54939825,116.78971,87.6365598513995,90.1948608424651,95.343237938289
-4.29043985106383,NA,82.6278031914894,2022-04-05,210.8,24.85,0,1.72416666666667,24.0783333333333,0.151666666666667,0.73,95,-4.29043985106383,82.6278031914894,82.2752910829603,84.4621666396031,87.7503385662616
-4.43533863404255,NA,132.916287234043,2022-04-06,294.3,23.15,0,1.67666666666667,25.8216666666667,0.159583333333333,0.56,96,-4.43533863404255,132.916287234043,116.605877731945,117.276665981878,119.000560320535
-3.0939647826087,NA,216.552319565217,2022-04-07,319.5,18.1,0,1.19333333333333,23.0879166666667,0.159166666666667,1.05,97,-3.0939647826087,216.552319565217,95.811175127427,98.4139897765167,101.915767966083
-4.50671686956522,NA,165.418386666667,2022-04-08,322.7,16.2,0,0.605,19.5504166666667,0.17,1,98,-4.50671686956522,165.418386666667,85.7021156959977,85.5455030156815,82.6968395135689
-3.710955,NA,138.40759173913,2022-04-09,323.1,16.85,0,0.301666666666667,18.7533333333333,0.174166666666667,1.17,99,-3.710955,138.40759173913,92.1090693436086,90.1417275171895,84.8314654546054
-4.11628234791667,NA,121.258263139535,2022-04-10,317.3,20.4,0,0.315,20.1633333333333,0.17,0.97,100,-4.11628234791667,121.258263139535,99.5878338805418,99.5205672267149,99.6314940770556
-0.611554325581395,NA,31.4745402954545,2022-04-11,197.2,21.75,1.104,0.721666666666667,20.8570833333333,0.16125,0.53,101,-0.611554325581395,31.4745402954545,103.27506411755,97.9756543847419,98.2414451486046
-1.63024420512821,NA,43.3358882222222,2022-04-12,246.1,24.15,0.192,1.08625,21.0733333333333,0.155416666666667,0.7,102,-1.63024420512821,43.3358882222222,87.8297425695669,89.3994592358486,94.653073182014
-5.04127723255814,NA,110.810244222222,2022-04-13,275.1,23.55,32.496,1.67916666666667,23.11375,0.160833333333333,0.67,103,-5.04127723255814,110.810244222222,102.30332580943,93.5383824163278,94.59250208802
-6.37064922727273,NA,111.986421276596,2022-04-14,181.1,21.45,0.192,1.84166666666667,23.9904166666667,0.149583333333333,0.62,104,-6.37064922727273,111.986421276596,81.4410185624552,85.5433201745518,93.6415233535832
-2.50894585106383,NA,74.63718625,2022-04-15,293.8,24.25,0,1.62333333333333,24.1404166666667,0.150833333333333,0.82,105,-2.50894585106383,74.63718625,85.6509075988975,87.4653626121498,92.4730448278984
-5.60916617021277,NA,112.760585434783,2022-04-16,295.4,25.6,0,1.68958333333333,24.975,0.1525,0.99,106,-5.60916617021277,112.760585434783,110.154197363618,104.513782545494,106.57735296464
-6.37824802916667,NA,132.668081208333,2022-04-17,294.6,25.5,0.192,1.5475,26.3441666666667,0.1625,0.98,107,-6.37824802916667,132.668081208333,109.065036283833,104.408579670024,115.63954111417
-6.8026397826087,NA,155.862838382979,2022-04-18,317.4,19.85,0,1.27708333333333,26.02875,0.16,0.18,108,-6.8026397826087,155.862838382979,127.058639137856,127.505451984158,134.573649089193
NA,NA,NA,2022-04-19,296.6,17.4,0,0.91875,22.1820833333333,0.160416666666667,0.79,109,-3.23692743158214,136.093658572753,86.3675484161584,85.3680460792431,91.2061483039462
NA,NA,NA,2022-04-20,274.4,22.15,0,1.40125,21.3254166666667,0.1525,0.83,110,-2.94681809305836,109.709492554384,95.5597672755982,93.4216982389021,97.113307205933
NA,NA,NA,2022-04-21,312.1,23.65,0,1.63916666666667,23.3833333333333,0.15,0.99,111,-4.59316468643378,121.627794134279,94.1086631428366,93.3315408644511,94.5732795434092
NA,NA,NA,2022-04-22,324.9,23.55,0,1.72208333333333,24.94,0.159166666666667,1.12,112,-5.61876528592843,132.98974887227,108.488561314885,106.60507307982,110.154447295557
NA,NA,NA,2022-04-23,322.3,24.1,0,1.85791666666667,25.4066666666667,0.164583333333333,0.96,113,-5.68132992020437,127.066265337911,120.030110665437,116.690549505754,116.844708725524
NA,NA,NA,2022-04-24,293.8,24.7,1.392,2.04291666666667,25.8520833333333,0.16875,1.02,114,-4.7520528239588,120.481363382164,115.175824021581,112.14865902919,112.908259056935
NA,NA,NA,2022-04-25,320.4,24.55,2.496,2.0975,26.9845833333333,0.168333333333333,1.02,115,-5.15891245861834,125.327551095542,137.729023227038,130.449408776338,130.954867361235
NA,NA,NA,2022-04-26,252.3,21.7,0,1.85625,25.8425,0.162916666666667,0.55,116,-3.74956917163659,99.509322119895,127.679289099437,129.529903058431,122.86805713321
NA,NA,NA,2022-04-27,329.7,20.4,0,1.52625,24.4954166666667,0.16375,1.12,117,-5.23050673327487,135.28970833906,104.848965961585,103.698594892815,105.388684182328
NA,NA,NA,2022-04-28,338.3,22.1,0,1.485,24.5220833333333,0.162083333333333,1.29,118,-5.44814319716708,139.117457352614,109.582104505738,104.549624528664,106.904968278475
NA,NA,NA,2022-04-29,302.3,23.25,0,1.58166666666667,25.2816666666667,0.15125,1.02,119,-5.02501905975319,121.302736696752,120.547970870636,112.993694818589,111.989428452459
NA,NA,NA,2022-04-30,318.8,25.15,0,1.76458333333333,26.1308333333333,0.163333333333333,1.07,120,-5.9441431722028,129.619377538629,127.564615960538,120.219915837171,121.454678737224
NA,NA,NA,2022-05-01,275.9,23.9,2.304,1.82625,26.625,0.169166666666667,0.73,121,-4.44464870576618,112.492960235967,118.720807046268,123.850219240683,116.428960810652
NA,127.036896296296,NA,2022-05-02,338.2,26.15,0,1.83958333333333,27.1483333333333,0.17,1.01,122,-6.3463242066467,131.623861132329,127.036896296296,127.036896296296,127.036896296296
-7.59935217391304,141.758158139535,141.615236595745,2022-05-03,361.4,26.15,0,1.93625,27.525,0.170416666666667,1.08,123,-7.59935217391304,141.615236595745,141.758158139535,141.758158139535,141.758158139535
-6.31451953488372,185.127916666667,145.974831463415,2022-05-04,357.2,26.3,0,1.85041666666667,28.335,0.17,1.08,124,-6.31451953488372,145.974831463415,185.127916666667,185.127916666667,185.127916666667
-6.62884310869565,185.744802777778,139.271484978261,2022-05-05,348.9,25.1,16.944,1.81291666666667,28.3795833333333,0.17,0.83,125,-6.62884310869565,139.271484978261,185.744802777778,185.744802777778,185.744802777778
-5.55688234146341,206.431485185185,123.828453333333,2022-05-06,312.9,25.75,6.768,1.86125,27.18,0.155,0.88,126,-5.55688234146341,123.828453333333,206.431485185185,206.431485185185,206.431485185185
-6.90172248888889,NA,130.092945581395,2022-05-07,362.2,26.3,0,1.78125,27.8033333333333,0.157083333333333,1.06,127,-6.90172248888889,130.092945581395,164.177623278602,165.619406753316,164.907611996181
-6.71258744680851,NA,135.058241333333,2022-05-08,369.1,26.85,0,1.61166666666667,28.9020833333333,0.159166666666667,1.12,128,-6.71258744680851,135.058241333333,154.601386235561,156.839793288398,156.339803526536
-5.11880606382979,NA,137.379078608696,2022-05-09,369.6,26.95,0,1.6225,29.2779166666667,0.152916666666667,1.19,129,-5.11880606382979,137.379078608696,161.612986835411,154.745422522861,156.15805468012
-5.62324017021277,NA,134.571895531915,2022-05-10,373,25.4,0,1.75791666666667,28.68125,0.154166666666667,0.9,130,-5.62324017021277,134.571895531915,169.433401283846,164.242627416048,164.469286635644
-6.85188382222222,214.498125925926,140.816597272727,2022-05-11,371.7,25.8,0,1.7675,28.3458333333333,0.15375,1.17,131,-6.85188382222222,140.816597272727,214.498125925926,214.498125925926,214.498125925926
-7.5136114893617,216.697666666667,156.21568826087,2022-05-12,322.9,26.7,10.608,1.61625,28.7908333333333,0.155416666666667,1.29,132,-7.5136114893617,156.21568826087,216.697666666667,216.697666666667,216.697666666667
-8.38698210526316,244.556634285714,162.2843955,2022-05-13,255.6,25.95,2.976,1.57083333333333,28.8141666666667,0.15,0.79,133,-8.38698210526316,162.2843955,244.556634285714,244.556634285714,244.556634285714
-8.43004433333333,259.073175,159.192636622222,2022-05-14,346.4,26.35,0,1.34708333333333,27.76875,0.153333333333333,1.04,134,-8.43004433333333,159.192636622222,259.073175,259.073175,259.073175
-6.876486,239.008520930233,154.871436,2022-05-15,258.1,26.4,0.24,1.03583333333333,28.21875,0.16,0.97,135,-6.876486,154.871436,239.008520930233,239.008520930233,239.008520930233
-5.45817365116279,233.319976744186,139.851419318182,2022-05-16,325.7,27.8,0,0.971666666666667,28.5825,0.1625,1.23,136,-5.45817365116279,139.851419318182,233.319976744186,233.319976744186,233.319976744186
-5.3175152173913,228.204833333333,112.018327533333,2022-05-17,357.7,28.05,0,1.03125,28.61125,0.167916666666667,1.21,137,-5.3175152173913,112.018327533333,228.204833333333,228.204833333333,228.204833333333
-10.1170321621622,229.939552631579,202.190006564103,2022-05-18,372.5,28.05,0,1.11041666666667,28.95625,0.168333333333333,1.42,138,-10.1170321621622,202.190006564103,229.939552631579,229.939552631579,229.939552631579
NA,NA,NA,2022-05-19,356.5,28.15,0,1.23833333333333,29.11,0.165416666666667,1.36,139,-7.04486151586602,151.019438016407,199.52022643011,207.862775817796,201.881838244234
NA,159.414148275862,NA,2022-05-20,343.2,28.9,0,1.57958333333333,28.9720833333333,0.169166666666667,1.26,140,-6.66828837182156,140.272537048053,159.414148275862,159.414148275862,159.414148275862
NA,NA,NA,2022-05-21,279.2,27.6,0.528,1.955,28.56125,0.17625,0.81,141,-4.45911694990758,113.925081546784,194.641920343833,198.170591949182,189.531314114616
NA,133.896423333333,NA,2022-05-22,295.5,26.5,0.816,1.94416666666667,27.67125,0.165833333333333,0.93,142,-5.40001473508038,113.341572885882,133.896423333333,133.896423333333,133.896423333333
NA,NA,95.5343412820513,2022-05-23,283.8,26.3,4.08,1.75541666666667,27.6029166666667,0.166666666666667,0.88,143,-4.92046765972401,95.5343412820513,190.737731168625,188.115202465102,186.651339882002
-4.06535823809524,NA,110.599248863636,2022-05-24,333.2,27.8,0.24,1.83666666666667,27.4795833333333,0.166666666666667,1.01,144,-4.06535823809524,110.599248863636,199.150314706738,197.81540399406,195.839737316276
NA,NA,77.5170788536585,2022-05-25,240.8,26,28.56,2.19666666666667,26.8970833333333,0.170416666666667,0.61,145,-3.21279691521455,77.5170788536585,189.32695620797,194.512901003134,194.254080903546
NA,263.2761,140.793676216216,2022-05-26,231.7,25.6,0,2.01208333333333,25.9604166666667,0.14875,0.97,146,-4.09649339398732,140.793676216216,263.2761,263.2761,263.2761
NA,NA,NA,2022-05-27,373.7,26.35,0,1.66958333333333,26.2204166666667,0.15,1.09,147,-6.12823352502226,135.605501253609,191.188792623655,172.904785175452,181.559637867739
NA,NA,NA,2022-05-28,382.2,25.25,0,1.405,26.3995833333333,0.154166666666667,1.23,148,-6.33587687177086,144.397424034393,187.432190581536,169.334086177448,180.819641383024
NA,NA,NA,2022-05-29,383.6,27.25,0,1.42833333333333,26.455,0.16,1.26,149,-6.46052687961797,141.677815937476,192.751216030776,174.721051687443,185.779865894263
-5.25331514634146,NA,144.590409761905,2022-05-30,362.1,28.45,1.056,1.59458333333333,27.00125,0.155833333333333,1.11,150,-5.25331514634146,144.590409761905,193.332306761617,182.920661965643,188.921442867604
-5.103163725,NA,110.71589925,2022-05-31,359,28,0.912,1.81958333333333,27.455,0.16375,1.03,151,-5.103163725,110.71589925,196.98057611746,189.558460796584,185.743906825347
NA,NA,NA,2022-06-01,338.2,27.75,6.048,1.845,27.6766666666667,0.163333333333333,0.87,152,-5.43546059120018,115.856213382078,202.54433886283,196.720526168216,189.221005594856
NA,NA,NA,2022-06-02,382.7,27.9,0.24,1.70333333333333,28.5120833333333,0.163333333333333,1.13,153,-6.3955871120841,134.891509165234,184.213990928032,179.995406695121,181.19698217022
NA,NA,NA,2022-06-03,354.5,28.2,0,1.56916666666667,28.8841666666667,0.157916666666667,1.07,154,-6.58620133916836,132.546798215597,199.021883631175,200.469510792936,195.02584637554
NA,NA,NA,2022-06-04,366.6,27.9,0,1.41541666666667,29.0079166666667,0.155416666666667,1.06,155,-6.36950382898567,133.624499201334,199.974047488377,197.456569549679,193.264764523462
NA,NA,NA,2022-06-05,320.9,28,1.296,1.4,28.7783333333333,0.1575,1.05,156,-5.68882436661215,127.79036585379,205.17555472631,207.438966406023,198.734443236492
NA,NA,NA,2022-06-06,363.4,28.85,0,1.49375,28.4504166666667,0.1625,1.05,157,-6.46576429225774,130.634930942683,189.363331517815,187.30571944416,186.595793209356
NA,NA,NA,2022-06-07,332.1,29.35,0,1.60416666666667,28.3245833333333,0.16375,0.95,158,-5.97072089888975,128.523874581971,187.660594231803,185.589800000028,181.7129713043
-7.67997567567568,215.796325,153.083374625,2022-06-08,347,29.75,0,1.62208333333333,28.3108333333333,0.162916666666667,1.14,159,-7.67997567567568,153.083374625,215.796325,215.796325,215.796325
-6.78792139534884,265.908785714286,176.59555825,2022-06-09,358.7,30.3,3.888,1.42708333333333,28.9620833333333,0.16,1.26,160,-6.78792139534884,176.59555825,265.908785714286,265.908785714286,265.908785714286
NA,301.492775757576,66.5055996829268,2022-06-10,235.4,26.2,12.24,1.27916666666667,28.4570833333333,0.15375,0.18,161,-3.15964962213102,66.5055996829268,301.492775757576,301.492775757576,301.492775757576
-6.70300817948718,326.004237837838,154.686571589744,2022-06-11,296.7,28.8,0,1.15125,27.0745833333333,0.1575,0.96,162,-6.70300817948718,154.686571589744,326.004237837838,326.004237837838,326.004237837838
NA,203.241086666667,NA,2022-06-12,364.5,30.05,0,1.12458333333333,27.25625,0.165416666666667,1.16,163,-6.27088641697891,143.301541006683,203.241086666667,203.241086666667,203.241086666667
NA,NA,NA,2022-06-13,371.9,30.2,2.976,1.15166666666667,27.8008333333333,0.16125,NA,164,NA,NA,NA,NA,NA
NA,NA,NA,2022-06-14,341,29.9,0,1.16833333333333,28.1854166666667,0.16,1.22,165,-6.13996489293253,147.223946247521,199.381498718498,202.323764598917,201.187733132603
NA,NA,NA,2022-06-15,365.4,30.2,0,1.11416666666667,28.7020833333333,0.1575,1.48,166,-6.02077000175075,154.024619331774,192.957640254165,197.744353755434,193.399982139937
NA,NA,NA,2022-06-16,308.4,30.45,4.08,1.04875,29.33,0.154583333333333,1.35,167,-4.6661498235001,136.546492605737,170.95191190203,176.436687752463,176.094727295297
NA,NA,NA,2022-06-17,362.2,30.75,0.144,1.0775,29.8108333333333,0.153333333333333,1.34,168,-5.18151064763643,149.54478794875,187.074687811909,192.569598484891,185.567150692587
NA,NA,NA,2022-06-18,374.7,32.1,0,1.05,30.2433333333333,0.15,1.6,169,-4.66263579209896,159.934365031787,196.802072535175,190.055155982509,186.440305543939
NA,NA,NA,2022-06-19,340.6,30.75,0,1.01083333333333,30.7183333333333,0.1525,1.15,170,-4.92671458855278,152.881296528987,170.927240717867,179.845057806891,176.584171742019
NA,NA,NA,2022-06-20,379.6,31.05,0,1.11708333333333,30.64625,0.153333333333333,1.25,171,-4.52188231149718,153.444420768406,184.68745811774,185.411491036719,179.977263384303
NA,NA,NA,2022-06-21,348.4,30.4,6.96,1.27583333333333,30.185,0.154166666666667,1.36,172,-4.14962419830003,142.123700177618,195.921651499499,197.766234248947,190.254572356305
NA,NA,NA,2022-06-22,383.3,31.65,0,1.06833333333333,30.0791666666667,0.145416666666667,1.58,173,-4.20716698342632,158.635540504659,194.756861450384,189.295048443915,183.1897263027
NA,NA,NA,2022-06-23,282.3,32.55,0,0.84625,30.4729166666667,0.150833333333333,1.71,174,-3.25266058066505,142.318371389485,191.344768462456,187.24726582252,192.116781704273
NA,NA,NA,2022-06-24,364.5,32.75,0,0.71375,30.4175,0.156666666666667,1.96,175,-3.63088076236987,158.156034185219,190.730602125518,188.286215643278,182.624023038213
NA,NA,NA,2022-06-25,361.9,31.35,2.352,0.688333333333333,30.4016666666667,0.15625,1.67,176,-2.87938741796598,152.059614907269,199.06502830515,194.584105669497,186.717179016227
NA,NA,NA,2022-06-26,267.6,27.75,5.136,0.745,29.5120833333333,0.1625,0.68,177,-2.98846257830814,100.634680568992,161.888214475837,165.408895265669,166.30697943815
NA,150.75927037037,NA,2022-06-27,269.9,28.65,0.528,0.756666666666667,28.6245833333333,0.16125,0.98,178,-3.6516375825721,115.742056166052,150.75927037037,150.75927037037,150.75927037037
NA,NA,NA,2022-06-28,331,29.5,0.432,0.802083333333333,28.315,0.16375,1.22,179,-3.91192960523634,140.386273290793,152.065917274041,150.973481782275,153.525134809454
-1.08133026315789,121.007457142857,115.764566944444,2022-06-29,290.3,29.25,4.176,0.949583333333333,28.3,0.167916666666667,1.12,180,-1.08133026315789,115.764566944444,121.007457142857,121.007457142857,121.007457142857
NA,NA,NA,2022-06-30,307.4,28.25,1.056,1.09541666666667,28.4745833333333,0.17,0.98,181,-3.63323809110735,125.752190090234,152.921731623329,146.048354787799,151.960938856019
NA,117.620780645161,NA,2022-07-01,303.3,28.25,2.928,1.2075,28.4304166666667,0.17,0.95,182,-3.53577291429658,118.400548317145,117.620780645161,117.620780645161,117.620780645161
NA,NA,NA,2022-07-02,318.5,29.3,1.92,1.26916666666667,28.4879166666667,0.17,1.14,183,-3.50098770232402,128.001505758529,169.538508573925,162.537346794442,160.069124382884
NA,NA,NA,2022-07-03,273.2,29.7,2.64,1.28583333333333,28.8820833333333,0.171666666666667,0.95,184,-2.93278903125846,112.960895492983,175.705157534301,179.105078667243,168.140811163154
NA,NA,NA,2022-07-04,310,30,2.304,1.28916666666667,29.4095833333333,0.179166666666667,1.05,185,-3.15879593497866,127.558663094376,166.399505453415,167.028099045895,164.212572717536
NA,NA,NA,2022-07-05,262,27.05,4.368,1.23166666666667,29.3679166666667,0.185833333333333,0.54,186,-2.34858520538225,79.8123782743404,185.532058570597,194.361226898781,190.91098725922
NA,NA,NA,2022-07-06,301.2,28.7,2.496,1.15958333333333,28.7195833333333,0.183333333333333,1.02,187,-3.36604214373384,124.95133439622,147.04518492629,145.278004269432,146.816716043694
NA,NA,NA,2022-07-07,286.2,29.75,0.336,1.07916666666667,29.35875,0.18,1.2,188,-2.41414573332324,101.470540539076,147.127153756117,146.049202746481,149.408509302496
NA,NA,NA,2022-07-08,308.3,30.05,2.448,1.0325,29.71125,0.1775,1.24,189,-2.50369203992339,118.581763652536,144.603488150592,142.813228542708,150.041076361822
NA,NA,NA,2022-07-09,313.2,30.85,4.464,1.02625,29.7383333333333,0.18,1.16,190,-2.46205769832176,112.589854380912,154.434654763308,151.047494287231,153.291718502703
NA,NA,NA,2022-07-10,235.7,27.9,0,0.98375,29.6183333333333,0.175,0.74,191,-2.51779920459088,87.6756657872421,167.131949444486,163.492004067109,170.448028788322
NA,NA,NA,2022-07-11,277.5,29.75,0,0.947083333333333,29.4558333333333,0.173333333333333,1.05,192,-3.0649152935522,129.004999652363,133.201845510382,132.453881848754,140.977217801879
NA,NA,NA,2022-07-12,244.2,28.7,2.736,0.944583333333333,29.3320833333333,0.1725,0.85,193,-2.59222240398256,94.5150629518448,141.814045393633,140.423612735878,146.129925112778
NA,NA,NA,2022-07-13,307.7,28.5,0.144,1.00875,28.9691666666667,0.170833333333333,0.89,194,-3.48421779665352,127.22145632127,138.62476937623,128.455397983733,141.090083490539
NA,NA,NA,2022-07-14,329,28.8,2.736,1.04083333333333,28.8175,0.171666666666667,1.01,195,-3.42165653616869,134.796910126133,127.794313331271,121.00977433654,136.138344703784
NA,NA,NA,2022-07-15,226.1,27.7,0.384,1.01375,28.5183333333333,0.170833333333333,0.85,196,-2.64487097121317,93.5238325894958,172.678275706734,169.983745169822,173.227786345165
-3.20227702702703,73.8476088,162.819067777778,2022-07-16,292.3,28.4,0.912,0.982916666666667,28.63875,0.17,1.01,197,-3.20227702702703,162.819067777778,73.8476088,73.8476088,73.8476088
NA,89.8199135483871,149.991431026316,2022-07-17,335.4,29.2,3.12,0.959583333333333,28.8020833333333,0.169583333333333,1.01,198,-2.98259844916204,149.991431026316,89.8199135483871,89.8199135483871,89.8199135483871
-4.3999855,79.7097944444444,156.133093704545,2022-07-18,303.1,29.7,0,1.01583333333333,29.3891666666667,0.17,1.2,199,-4.3999855,156.133093704545,79.7097944444444,79.7097944444444,79.7097944444444
-4.0971031875,83.8880838461538,175.3822665,2022-07-19,336.4,30.35,0,1.05,29.9620833333333,0.17,1.3,200,-4.0971031875,175.3822665,83.8880838461538,83.8880838461538,83.8880838461538
-2.91304488888889,99.3543702702703,187.9158236,2022-07-20,342.5,29.8,0.672,1.0125,30.21875,0.172083333333333,1.19,201,-2.91304488888889,187.9158236,99.3543702702703,99.3543702702703,99.3543702702703
NA,96.8479574285714,138.55607574359,2022-07-21,336.6,28.9,8.16,1.00875,29.9733333333333,0.177083333333333,0.98,202,-2.78107627650633,138.55607574359,96.8479574285714,96.8479574285714,96.8479574285714
NA,NA,NA,2022-07-22,302.1,28.7,0.96,0.971666666666667,28.7995833333333,0.171666666666667,0.86,203,-3.0748864288128,128.090080071409,127.929847544128,119.338965855846,129.28100454791
NA,NA,NA,2022-07-23,323.3,29.2,6.864,0.957916666666667,28.9720833333333,0.179166666666667,0.89,204,-3.02389199979679,126.642033261834,131.762211479,123.891278459025,128.712736455004
NA,NA,NA,2022-07-24,334.1,29.5,3.936,0.995416666666667,29.4929166666667,0.18,0.96,205,-3.07607670363981,135.049833510907,135.618888249175,128.93927365556,132.666250251334
NA,NA,NA,2022-07-25,287.3,28.15,10.56,1.11291666666667,29.615,0.184583333333333,0.9,206,-2.75024447021573,105.852711961437,144.419866773313,142.811949797883,138.877016909312
NA,NA,NA,2022-07-26,310.8,29.2,2.544,1.21625,29.48375,0.189166666666667,1.04,207,-3.21020051676724,124.886269062263,137.357156679131,138.306375560749,142.725972574214
-4.4455755,100.149343243243,146.346765795455,2022-07-27,288.7,28.6,1.152,1.29125,29.81,0.19,1.03,208,-4.4455755,146.346765795455,100.149343243243,100.149343243243,100.149343243243
NA,73.3196133333333,111.079027675,2022-07-28,294.1,28.85,10.176,1.37041666666667,30.0408333333333,0.192916666666667,0.94,209,-2.76125909093924,111.079027675,73.3196133333333,73.3196133333333,73.3196133333333
-4.9595107,57.7952142857143,86.2166438974359,2022-07-29,315.6,28.4,5.184,1.35,29.66125,0.207083333333333,0.88,210,-4.9595107,86.2166438974359,57.7952142857143,57.7952142857143,57.7952142857143
-3.71500268780488,176.517425,122.462697880488,2022-07-30,341.4,29.15,0.48,1.26916666666667,29.7054166666667,0.207916666666667,1,211,-3.71500268780488,122.462697880488,176.517425,176.517425,176.517425
-3.311197225,93.657346875,101.602988395349,2022-07-31,283.1,28.8,1.68,1.26291666666667,29.43375,0.204583333333333,1.06,212,-3.311197225,101.602988395349,93.657346875,93.657346875,93.657346875
NA,NA,74.793728974359,2022-08-01,190.5,28.65,10.704,1.42541666666667,29.0279166666667,0.203333333333333,1.07,213,-1.59200331184154,74.793728974359,159.875943044112,163.185269609676,160.124592063721
-1.05741361111111,117.506066666667,NA,2022-08-02,231.1,26.4,5.136,1.43958333333333,27.6679166666667,0.20375,0.62,214,-1.05741361111111,81.2753803253372,117.506066666667,117.506066666667,117.506066666667
-10.7148651351351,117.973869230769,112.4474786,2022-08-03,274.5,28.2,2.496,1.29166666666667,27.7925,0.199166666666667,0.82,215,-10.7148651351351,112.4474786,117.973869230769,117.973869230769,117.973869230769
-3.25990015789474,NA,NA,2022-08-04,261.3,27.8,6.576,1.20583333333333,27.9016666666667,0.199583333333333,1.08,216,-3.25990015789474,101.031953363278,168.583314052001,177.549823013622,174.338615169072
-1.94096732432432,180.820230769231,125.942885,2022-08-05,281.3,29.3,4.128,1.37125,28.45625,0.195,1.07,217,-1.94096732432432,125.942885,180.820230769231,180.820230769231,180.820230769231
-3.162366,169.70182962963,91.286336097561,2022-08-06,221.8,28.65,4.032,1.49375,28.5104166666667,0.197083333333333,0.97,218,-3.162366,91.286336097561,169.70182962963,169.70182962963,169.70182962963
-4.37155389473684,237.634846153846,113.116534775,2022-08-07,339.7,29.45,2.64,1.51458333333333,28.42,0.2,1.03,219,-4.37155389473684,113.116534775,237.634846153846,237.634846153846,237.634846153846
-3.2552292525,NA,69.2843478666667,2022-08-08,278.7,28.25,2.544,1.51666666666667,28.395,0.2,0.86,220,-3.2552292525,69.2843478666667,170.55655102136,168.504608733174,174.684183486284
-4.97173155,NA,121.990046428571,2022-08-09,275.7,27.55,8.976,1.52875,28.5875,0.201666666666667,0.88,221,-4.97173155,121.990046428571,166.360619226548,159.32230375966,157.480456619222
-2.78265063636364,NA,82.1481482391304,2022-08-10,201.1,26.95,3.456,1.59125,28.7954166666667,0.203333333333333,0.83,222,-2.78265063636364,82.1481482391304,170.774388031496,172.6729370272,168.174041745383
-2.75867531111111,NA,96.9230506976744,2022-08-11,189.5,26.3,0.768,1.66125,28.1933333333333,0.204583333333333,0.75,223,-2.75867531111111,96.9230506976744,163.512076609499,172.901213773306,168.485599421123
-3.54301137777778,NA,105.10937372093,2022-08-12,233.3,27,0,1.71166666666667,28.4466666666667,0.206666666666667,0.99,224,-3.54301137777778,105.10937372093,178.494807439321,172.776841503508,176.887744241401
-3.78259466666667,NA,117.02174372093,2022-08-13,268,28.85,0.288,1.71208333333333,28.8158333333333,0.214166666666667,1.07,225,-3.78259466666667,117.02174372093,167.888787893186,171.10324329017,166.501751460004
-3.85123081395349,NA,122.785060916279,2022-08-14,288.1,29.35,0.432,1.53375,29.1995833333333,0.2175,1.18,226,-3.85123081395349,122.785060916279,168.023949793105,169.904716510149,171.365003241887
-1.01064364444444,NA,126.694884976087,2022-08-15,327.4,30.1,0,1.28708333333333,29.63875,0.215833333333333,1.16,227,-1.01064364444444,126.694884976087,161.628839093596,154.811746833307,160.680730847884
-1.58042940909091,NA,145.821499787234,2022-08-16,315.8,30.35,0,1.02458333333333,29.9345833333333,0.21375,1.24,228,-1.58042940909091,145.821499787234,144.408527543931,147.060469251531,144.94593596787
-4.14751476744186,NA,112.489501888889,2022-08-17,323.5,30.75,0,0.852916666666667,30.08875,0.212083333333333,1.09,229,-4.14751476744186,112.489501888889,154.888669902909,152.566247202808,155.932129847701
-3.45674273170732,NA,91.5127567113636,2022-08-18,287.8,28,4.032,0.787916666666667,29.6816666666667,0.21125,0.68,230,-3.45674273170732,91.5127567113636,136.776479926957,135.528904416339,139.718338557521
NA,NA,81.9792803589744,2022-08-19,289.2,28.55,24.672,0.9575,28.8179166666667,0.18875,0.94,231,-2.32209754710471,81.9792803589744,130.424432762759,131.869219916453,132.31298505687
NA,206.186732,NA,2022-08-20,231.6,29.1,13.056,1.09625,27.2504166666667,0.172083333333333,0.82,232,-1.54085387635565,84.8045463777667,206.186732,206.186732,206.186732
-2.18726923255814,292.794219230769,71.5679937179487,2022-08-21,315.1,29.5,0.96,1.16125,27.2058333333333,0.17,0.96,233,-2.18726923255814,71.5679937179487,292.794219230769,292.794219230769,292.794219230769
NA,NA,NA,2022-08-22,303.7,29.65,1.2,1.17416666666667,27.67625,0.1725,0.98,234,-2.46701904524491,113.610354660264,215.462633447189,217.636710119558,204.343526578955
NA,NA,NA,2022-08-23,210.7,28.4,1.2,1.23416666666667,27.5654166666667,0.172916666666667,0.73,235,-1.8391836550846,82.867657394556,187.071311751196,209.195311008622,199.393185665595
NA,NA,NA,2022-08-24,224.9,28.2,8.016,1.38791666666667,27.38625,0.18375,0.7,236,-1.45777622844907,79.4565004958755,187.697527925729,200.883897880585,194.497697687752
NA,NA,NA,2022-08-25,213.2,27.65,4.992,1.45375,27.2783333333333,0.17,0.85,237,-2.10659811805916,80.0005754215535,194.083569632386,207.970912930508,206.707850108453
NA,NA,NA,2022-08-26,242.3,26.25,1.056,1.52375,26.9820833333333,0.163333333333333,0.66,238,-1.84815134715238,76.4307410323382,205.936996322312,217.22494188926,211.61238155451
NA,NA,NA,2022-08-27,236.2,27.85,4.608,1.50833333333333,27.0870833333333,0.1675,0.89,239,-2.18179102034999,82.2155688554779,208.789623293948,218.343137046013,212.724510993977
NA,NA,NA,2022-08-28,253.8,29.15,0.624,1.55625,27.9991666666667,0.164166666666667,1.14,240,-2.38120644636882,101.712049707604,214.766280642706,221.860843414544,216.702175963611
NA,NA,NA,2022-08-29,249.1,29.4,5.904,1.55,28.2129166666667,0.168333333333333,1.05,241,-2.27072224510669,94.1683348736976,195.451447735879,212.99012091573,208.132379146124
NA,NA,NA,2022-08-30,305.4,29.85,0,1.45625,28.3841666666667,0.17,1.19,242,-2.99901295719106,135.632764363583,222.149506181192,222.526142835412,221.657695266899
NA,NA,NA,2022-08-31,310.7,29.15,0,1.29291666666667,28.7679166666667,0.17,1.18,243,-2.83954964174338,131.697846002015,204.698040986058,209.026049695738,204.571999818604
-3.84676762162162,293.227702857143,152.954563948718,2022-09-01,278.4,29.75,0,1.3725,29.3491666666667,0.167083333333333,1.18,244,-3.84676762162162,152.954563948718,293.227702857143,293.227702857143,293.227702857143
-3.19426828205128,259.501573333333,99.1753076248837,2022-09-02,222.4,29.5,0,1.45708333333333,29.3558333333333,0.157083333333333,1.27,245,-3.19426828205128,99.1753076248837,259.501573333333,259.501573333333,259.501573333333
NA,NA,74.4473440555556,2022-09-03,181.5,28.3,6.096,1.51125,28.5233333333333,0.160833333333333,0.83,246,-1.73796609660029,74.4473440555556,211.343698979604,222.515894831438,216.545137906697
-1.41931995,NA,68.0639728139535,2022-09-04,235.4,27.8,0.192,1.38291666666667,27.02125,0.17375,0.92,247,-1.41931995,68.0639728139535,221.056201139625,218.246199881479,218.585136652258
NA,NA,108.142580025641,2022-09-05,265.2,28.7,0.336,1.32666666666667,27.1108333333333,0.17625,1.09,248,-2.83027382890613,108.142580025641,208.669072733786,217.290844975403,204.004648783922
-1.98256297560976,NA,56.874739025,2022-09-06,227.1,28.4,0,1.27,26.875,0.18,0.86,249,-1.98256297560976,56.874739025,203.737509194727,210.486660063,203.982522631638
-3.03950909090909,NA,107.877234128205,2022-09-07,266.1,26.4,5.136,1.1975,27.0533333333333,0.178333333333333,0.88,250,-3.03950909090909,107.877234128205,199.654138951779,212.347037988013,194.537118422284
-4.27747538461538,NA,136.848299325,2022-09-08,272.7,26.9,0.624,1.14125,26.735,0.182916666666667,0.99,251,-4.27747538461538,136.848299325,176.050212826206,187.323376932131,189.945365712625
-2.44568458974359,NA,NA,2022-09-09,219.7,27.1,3.024,1.21708333333333,26.955,0.17375,0.88,252,-2.44568458974359,81.3197761788206,201.693540784664,213.109057382951,204.351948420045
NA,NA,119.606703315789,2022-09-10,167.9,28.25,0.576,1.415,27.8583333333333,0.160833333333333,0.93,253,-1.85722710085141,119.606703315789,218.126889871041,230.640080428061,222.085186285765
-2.56172125,NA,134.2274795,2022-09-11,264.9,28.6,2.4,1.41791666666667,27.825,0.171666666666667,1.12,254,-2.56172125,134.2274795,203.721118550555,218.682134215514,212.655948106337
-1.66333209090909,NA,118.027934204545,2022-09-12,153.2,28,0,1.37875,27.3095833333333,0.185416666666667,0.96,255,-1.66333209090909,118.027934204545,236.728721841893,237.763718744303,236.483736917592
-3.15926855813953,NA,130.623216659091,2022-09-13,293.9,27.2,0,1.34083333333333,26.7858333333333,0.19,0.94,256,-3.15926855813953,130.623216659091,202.584943333736,212.410252670614,208.638692970438
-3.5017244,NA,144.187156972973,2022-09-14,308.3,26.35,0,1.38,26.2370833333333,0.18875,1.28,257,-3.5017244,144.187156972973,217.330271546961,215.859766005241,221.979785814317
-3.93680462790698,253.927712195122,126.916819165854,2022-09-15,277.2,28.3,0,1.46083333333333,26.065,0.184583333333333,1.17,258,-3.93680462790698,126.916819165854,253.927712195122,253.927712195122,253.927712195122
-2.87903887804878,184.594538095238,118.803409181818,2022-09-16,300.6,28.95,0,1.52,26.19875,0.18875,1.1,259,-2.87903887804878,118.803409181818,184.594538095238,184.594538095238,184.594538095238
-0.684551951219512,174.490525,105.113509073171,2022-09-17,237.2,29.15,1.2,1.62666666666667,27.2395833333333,0.195833333333333,1.04,260,-0.684551951219512,105.113509073171,174.490525,174.490525,174.490525
-0.339856347826087,155.141347826087,98.9015599090909,2022-09-18,248.6,29.25,1.92,1.77458333333333,28.5670833333333,0.1975,1.1,261,-0.339856347826087,98.9015599090909,155.141347826087,155.141347826087,155.141347826087
-2.95809974358974,263.7689,124.825983076923,2022-09-19,272.5,28.9,0,1.72375,26.7345833333333,0.210416666666667,1.22,262,-2.95809974358974,124.825983076923,263.7689,263.7689,263.7689
-4.59664389189189,148.382306666667,124.408401075,2022-09-20,286.9,28.6,0,1.58666666666667,26.8204166666667,0.218333333333333,1.37,263,-4.59664389189189,124.408401075,148.382306666667,148.382306666667,148.382306666667
-2.205018,165.407469230769,142.954254421622,2022-09-21,289,29.55,0.24,1.4975,27.0904166666667,0.22,1.65,264,-2.205018,142.954254421622,165.407469230769,165.407469230769,165.407469230769
-0.609294261904762,242.790446875,138.669890952381,2022-09-22,282.6,29.85,0,1.49458333333333,27.55625,0.22,1.52,265,-0.609294261904762,138.669890952381,242.790446875,242.790446875,242.790446875
-1.76654109756098,220.694002941176,112.520781684211,2022-09-23,282.4,28.7,0,1.375,27.5883333333333,0.222083333333333,1.35,266,-1.76654109756098,112.520781684211,220.694002941176,220.694002941176,220.694002941176
-1.43844933333333,NA,121.92787135,2022-09-24,284.8,28.65,0,1.31875,27.8004166666667,0.22,1.37,267,-1.43844933333333,121.92787135,185.795050807339,187.583216537495,188.257144225683
-3.65884866666667,NA,105.93748175,2022-09-25,258.9,29.05,0,1.39583333333333,27.7275,0.22,1.46,268,-3.65884866666667,105.93748175,200.056197494151,198.104666349044,195.87450010032
0.590726170212766,NA,107.255217659574,2022-09-26,227.7,26.45,0,1.43791666666667,27.7170833333333,0.224166666666667,1.31,269,0.590726170212766,107.255217659574,194.212967427572,168.444363939231,171.889746998165
-0.590949834042553,NA,144.06346875,2022-09-27,293,25.05,0,1.12666666666667,25.4204166666667,0.228333333333333,1.6,270,-0.590949834042553,144.06346875,156.835728083578,155.89626165709,181.507854387725
-0.315804255319149,NA,147.682995833333,2022-09-28,293.5,23,0,0.837916666666667,22.6716666666667,0.226666666666667,1.52,271,-0.315804255319149,147.682995833333,158.364795580613,145.494102417426,162.419971601805
-0.8605561875,NA,106.359454166667,2022-09-29,292.4,21.55,0,0.717916666666667,20.4908333333333,0.23,1.23,272,-0.8605561875,106.359454166667,137.530054002902,131.782102888387,142.267970033301
-3.97375907631579,NA,93.7272778048781,2022-09-30,286.7,22.1,0,0.650833333333333,19.88625,0.23,1.2,273,-3.97375907631579,93.7272778048781,131.09237869523,126.405814746207,126.960195280289
-3.3072835,NA,98.2387884871795,2022-10-01,286.8,22.85,0,0.677083333333333,20.2858333333333,0.222083333333333,1.4,274,-3.3072835,98.2387884871795,156.687304049776,145.383251317687,149.512638321109
-2.92067792105263,NA,93.1369602525,2022-10-02,284.4,23.2,0,0.7875,21.1783333333333,0.21875,1.51,275,-2.92067792105263,93.1369602525,161.877467583842,149.184007285336,155.97616513026
-3.01413858888889,NA,94.4700736410256,2022-10-03,276.9,25,0,0.687916666666667,21.1679166666667,0.22125,1.4,276,-3.01413858888889,94.4700736410256,159.058988902873,150.014648209534,150.284153053123
-1.83584518918919,207.991868421053,66.7804327692308,2022-10-04,212,25.35,0.432,0.770833333333333,21.9541666666667,0.225833333333333,0.91,277,-1.83584518918919,66.7804327692308,207.991868421053,207.991868421053,207.991868421053
NA,78.1365533333333,111.526669833333,2022-10-05,236.3,25.85,0,0.95125,24.0179166666667,0.227916666666667,0.91,278,-1.49217331580222,111.526669833333,78.1365533333333,78.1365533333333,78.1365533333333
-3.20330490243902,61.6467657894737,86.4581228372093,2022-10-06,255.6,25.25,0,1.09375,25.5283333333333,0.24,1.12,279,-3.20330490243902,86.4581228372093,61.6467657894737,61.6467657894737,61.6467657894737
NA,166.120228571429,NA,2022-10-07,248.8,26,0,1.08666666666667,25.1891666666667,0.24,1.62,280,-1.34614166905295,99.3368689250506,166.120228571429,166.120228571429,166.120228571429
-0.0901965906976744,92.5513365853659,93.7182855813953,2022-10-08,241.7,23.7,0,0.938333333333333,23.9995833333333,0.23625,1.33,281,-0.0901965906976744,93.7182855813953,92.5513365853659,92.5513365853659,92.5513365853659
-1.37852126829268,70.7919712820513,90.8986359111111,2022-10-09,202.8,22.65,0,0.8175,22.3520833333333,0.237916666666667,1.26,282,-1.37852126829268,90.8986359111111,70.7919712820513,70.7919712820513,70.7919712820513
-2.25559354545455,109.523670769231,97.7160638333333,2022-10-10,263.1,23,0,0.995416666666667,22.7495833333333,0.2375,1.26,283,-2.25559354545455,97.7160638333333,109.523670769231,109.523670769231,109.523670769231
-0.103725951219512,86.2115971428571,79.5141870789474,2022-10-11,182.7,22.85,0.24,1.1425,23.0625,0.245416666666667,1.05,284,-0.103725951219512,79.5141870789474,86.2115971428571,86.2115971428571,86.2115971428571
2.37731418918919,87.711462962963,80.810814054054,2022-10-12,219,26.8,0.48,1.3,24.3666666666667,0.249583333333333,1.22,285,2.37731418918919,80.810814054054,87.711462962963,87.711462962963,87.711462962963
-0.420167686923077,59.95644784,NA,2022-10-13,218.9,24.75,0,1.30208333333333,24.9170833333333,0.252083333333333,0.77,286,-0.420167686923077,77.9475072750115,59.95644784,59.95644784,59.95644784
1.06280570212766,86.0276540540541,89.4860980545455,2022-10-14,255.8,25.2,0,1.25458333333333,23.4020833333333,0.25,1.18,287,1.06280570212766,89.4860980545455,86.0276540540541,86.0276540540541,86.0276540540541
-2.38504059459459,75.919028,84.5219062631579,2022-10-15,254.3,24.4,0,1.31625,23.01875,0.25,1.14,288,-2.38504059459459,84.5219062631579,75.919028,75.919028,75.919028
NA,NA,NA,2022-10-16,211.2,25.85,2.304,1.29625,22.3654166666667,0.2525,0.97,289,0.256102239587731,70.6035089542945,95.6651899204294,83.9813384977248,83.6905779290051
1.973542025,58.6744034482759,68.1655806595745,2022-10-17,186.4,19.45,0,1.24625,22.3091666666667,0.26,0.39,290,1.973542025,68.1655806595745,58.6744034482759,58.6744034482759,58.6744034482759
-0.654265666666667,50.56839025,95.2327041666667,2022-10-18,228.2,13.2,0,0.737916666666667,19.3333333333333,0.256666666666667,0.77,291,-0.654265666666667,95.2327041666667,50.56839025,50.56839025,50.56839025
-1.07285743478261,62.6719610526316,56.654720212766,2022-10-19,257.3,13.25,0,0.44,15.4383333333333,0.25375,0.77,292,-1.07285743478261,56.654720212766,62.6719610526316,62.6719610526316,62.6719610526316
-1.67079826315789,63.6694333333333,57.7987543333333,2022-10-20,255,15.2,0,0.598333333333333,14.8466666666667,0.250416666666667,1.03,293,-1.67079826315789,57.7987543333333,63.6694333333333,63.6694333333333,63.6694333333333
-1.03447990731707,55.0108647058824,50.663468972973,2022-10-21,245.4,20.55,0,0.724166666666667,16.1270833333333,0.251666666666667,1.05,294,-1.03447990731707,50.663468972973,55.0108647058824,55.0108647058824,55.0108647058824
0.236909190476191,69.7914666666667,45.0400246153846,2022-10-22,238,21.45,0,0.85625,18.6566666666667,0.25625,0.84,295,0.236909190476191,45.0400246153846,69.7914666666667,69.7914666666667,69.7914666666667
0.204288073170732,71.8356576923077,43.5170687333333,2022-10-23,241.6,24.85,0,1.13,20.9133333333333,0.254583333333333,0.86,296,0.204288073170732,43.5170687333333,71.8356576923077,71.8356576923077,71.8356576923077
-0.132473138888889,NA,57.6965402702703,2022-10-24,217.4,26.15,1.776,1.27875,21.7541666666667,0.26,1.01,297,-0.132473138888889,57.6965402702703,96.4152704264315,87.8460840538392,87.9418439070317
3.96833523913043,NA,76.8011872666667,2022-10-25,157.8,22.8,1.152,1.46958333333333,22.6241666666667,0.252916666666667,0.59,298,3.96833523913043,76.8011872666667,85.0748644573281,77.8706921009482,74.6799970693001
-1.00706374468085,NA,65.48375525,2022-10-26,241.4,18.5,0,1.03,19.8916666666667,0.26,1.01,299,-1.00706374468085,65.48375525,100.25400755089,110.492295111388,112.768847246678
-0.0305444302325582,NA,44.6533856097561,2022-10-27,219,19.55,0,0.961666666666667,18.93875,0.26,0.76,300,-0.0305444302325582,44.6533856097561,78.9396042358459,68.9785542715214,69.4569892237718
NA,NA,NA,2022-10-28,158.6,19.25,0,1.08125,18.6841666666667,0.26,0.52,301,0.677584358142021,54.4854612274101,73.1049018708115,63.067846478151,63.0874517361893
NA,NA,NA,2022-10-29,153.6,23.45,6.864,1.32125,19.84875,0.259166666666667,0.43,302,1.31126470874374,56.6709824544266,93.0159259956578,79.5677009579543,78.4804755778744
NA,NA,NA,2022-10-30,223.6,21.55,0,1.29375,20.0025,0.26,0.58,303,-0.109317901988894,59.8021184023534,84.8174988431118,78.935403108549,83.1508669835361
NA,NA,NA,2022-10-31,127.8,19.9,0,1.16583333333333,19.1795833333333,0.26,0.77,304,0.660624066511725,47.6705507183835,84.79041330451,72.0144526840615,68.7863397065877
-1.52512288888889,NA,53.1387810810811,2022-11-01,205.7,21.45,0,1.17625,18.9854166666667,0.250833333333333,0.96,305,-1.52512288888889,53.1387810810811,92.3548105778558,97.5313981332297,102.150620182429
0.0754659459459459,NA,51.3527975135135,2022-11-02,159.8,22.3,0,1.13416666666667,19.3745833333333,0.254583333333333,0.99,306,0.0754659459459459,51.3527975135135,98.099197158974,84.0003304294417,84.4066189473194
0.36031043902439,NA,42.1789707619048,2022-11-03,202,24.8,0,1.11333333333333,19.88,0.262083333333333,1.19,307,0.36031043902439,42.1789707619048,104.73105018102,96.7513379768871,94.0686144149308
1.59947572553191,NA,35.8937946666667,2022-11-04,182.4,25.7,0.192,1.35916666666667,21.965,0.263333333333333,1.16,308,1.59947572553191,35.8937946666667,103.451744352415,100.632418867442,95.8170564131892
NA,NA,NA,2022-11-05,90,21.65,20.88,1.81708333333333,22.7516666666667,0.264166666666667,0.59,309,1.51929407898286,53.0103700180944,95.8300167011752,81.8610122897118,84.4143740085939
-0.508208186046512,NA,44.94247855,2022-11-06,180.6,25.65,0,1.8525,22.2604166666667,0.26,1.06,310,-0.508208186046512,44.94247855,95.8685627236665,92.4286565513522,91.8505704826421
1.26123218780488,NA,52.9647049189189,2022-11-07,186.5,26.35,0,1.61916666666667,22.9941666666667,0.260833333333333,1.18,311,1.26123218780488,52.9647049189189,97.5856034406448,95.6338645282937,94.1018235102045
-0.825130394736842,NA,75.8762903783784,2022-11-08,189.8,25.75,0,1.42375,23.81125,0.26,1.24,312,-0.825130394736842,75.8762903783784,96.5700170789049,111.712869009619,108.74775915896
-0.297647238095238,60.33028,67.5722582432432,2022-11-09,194,22.65,0,1.30625,23.4208333333333,0.26,0.85,313,-0.297647238095238,67.5722582432432,60.33028,60.33028,60.33028
-0.586679038095238,197.23728,50.7829330166667,2022-11-10,182.2,20.45,0,1.27583333333333,21.9216666666667,0.26,0.99,314,-0.586679038095238,50.7829330166667,197.23728,197.23728,197.23728
1.34899892857143,158.930602857143,52.8342045945946,2022-11-11,196.3,20.45,0.24,1.15875,20.7725,0.26,1.14,315,1.34899892857143,52.8342045945946,158.930602857143,158.930602857143,158.930602857143
NA,38.0319164285714,65.1794278378378,2022-11-12,103.5,12.9,0.816,0.956666666666667,19.0079166666667,0.26,0.28,316,0.773891917710199,65.1794278378378,38.0319164285714,38.0319164285714,38.0319164285714
-0.101791681818182,95.8066172413793,57.1755860666667,2022-11-13,182.6,10.9,0,0.412083333333333,13.1620833333333,0.26,0.56,317,-0.101791681818182,57.1755860666667,95.8066172413793,95.8066172413793,95.8066172413793
1.68118989473684,NA,43.767628627907,2022-11-14,140.7,15.2,21.168,0.45,12.23875,0.259166666666667,0.32,318,1.68118989473684,43.767628627907,70.8642966761403,66.5271855210345,68.4198967775438
1.15112488888889,26.9643214814815,65.7765158974359,2022-11-15,168,11.75,0,0.98125,14.2145833333333,0.234583333333333,0.11,319,1.15112488888889,65.7765158974359,26.9643214814815,26.9643214814815,26.9643214814815
0.413987680851064,101.730458536585,55.8633854166667,2022-11-16,122.4,10.75,0,0.6425,11.8675,0.229166666666667,0.45,320,0.413987680851064,55.8633854166667,101.730458536585,101.730458536585,101.730458536585
-0.0554472727272727,70.323838,34.4057303863636,2022-11-17,88.8,10.05,0,0.467083333333333,11.1083333333333,0.22,0.44,321,-0.0554472727272727,34.4057303863636,70.323838,70.323838,70.323838
-1.6373103,78.9965,NA,2022-11-18,173,11.15,0.576,0.47375,10.295,0.22,0.5,322,-1.6373103,48.34514854457,78.9965,78.9965,78.9965
NA,NA,46.1946872916667,2022-11-19,52.7,10.45,4.608,0.539583333333333,10.8004166666667,0.217916666666667,0.28,323,0.483460072336459,46.1946872916667,53.3550392994854,47.7944786823521,51.9921571134071
NA,34.824204,NA,2022-11-20,136.4,11.35,0,0.3975,10.4916666666667,0.21,0.47,324,-0.248664050871517,45.72607203937,34.824204,34.824204,34.824204
-0.301929552173913,10.1487413793103,40.0901906521739,2022-11-21,77.7,11.9,0,0.458333333333333,10.82,0.21,0.55,325,-0.301929552173913,40.0901906521739,10.1487413793103,10.1487413793103,10.1487413793103
NA,NA,27.7591075,2022-11-22,43.4,14.45,0.24,0.550833333333333,11.3741666666667,0.208333333333333,0.48,326,0.101691206334232,27.7591075,48.9830029221816,49.6283068472117,52.6849010307104
NA,NA,NA,2022-11-23,71.8,18.85,0,0.648333333333333,12.5991666666667,0.20875,0.83,327,0.113019059747714,31.439554309888,67.6024036088892,61.1269114225252,58.7016037119746
1.598250275,NA,15.8473060555556,2022-11-24,121.1,19.85,9.696,0.882916666666667,14.3908333333333,0.22875,0.48,328,1.598250275,15.8473060555556,66.8664876814881,63.589516163237,61.1149505010617
NA,NA,NA,2022-11-25,69,18.35,0.336,1.12083333333333,16.2875,0.243333333333333,0.43,329,0.814761712183526,33.9134506060986,56.6618625912024,54.1205419727364,54.7772390561157
NA,NA,NA,2022-11-26,65.5,17.7,16.896,1.32333333333333,16.87875,0.231666666666667,0.25,330,1.23978032210001,40.4759341569856,66.0448584552149,63.2946587294983,62.1668605032752
NA,NA,NA,2022-11-27,176.7,18.4,0,1.4725,17.1379166666667,0.2225,0.78,331,-0.225651369179771,43.7304781448783,75.8773543522138,65.5802008836359,66.5240142937814
NA,NA,NA,2022-11-28,86.7,19.9,0,1.33958333333333,17.9458333333333,0.224166666666667,0.84,332,0.68071678564557,34.3210476125186,71.9739800464283,62.5113305903378,56.658025179812
1.48805111422222,NA,7.8733025,2022-11-29,95.9,24.15,9.696,1.3525,18.775,0.225,0.9,333,1.48805111422222,7.8733025,85.6791046434264,75.6738491092141,65.5987410524715
2.24854978723404,NA,102.387823386364,2022-11-30,129.1,14.2,0,1.39666666666667,20.0075,0.229583333333333,0.37,334,2.24854978723404,102.387823386364,79.0657629528333,71.0925771567816,74.7702217644938
-0.3198685,NA,49.4506902325581,2022-12-01,171.8,13.5,0,1.01666666666667,14.5504166666667,0.225833333333333,0.48,335,-0.3198685,49.4506902325581,70.691365067487,70.5395083256997,71.2504246249709
-0.283139325,NA,15.66590955,2022-12-02,149.8,15.65,0.144,1.13708333333333,14.2395833333333,0.22,0.69,336,-0.283139325,15.66590955,62.432773075577,59.2862408693338,58.1712439241764
2.41804173809524,NA,19.8344293783784,2022-12-03,137.9,22.1,0,1.16291666666667,16.6958333333333,0.225833333333333,0.97,337,2.41804173809524,19.8344293783784,87.652665233326,75.5903552402797,68.6944070721985
1.34892072051282,NA,24.4141667769231,2022-12-04,119.9,19.35,0,1.11541666666667,18.9479166666667,0.23,0.73,338,1.34892072051282,24.4141667769231,62.1072613960589,59.455960844098,56.0736688164984
NA,NA,14.9656706756757,2022-12-05,132.4,21.95,0.816,1.09291666666667,20.33875,0.23,0.82,339,1.00634421851716,14.9656706756757,96.4192026145642,85.8970660588997,84.9039162857087
2.14447614444444,NA,46.4316904878049,2022-12-06,159.1,24.95,0.24,1.30708333333333,20.3925,0.223333333333333,0.84,340,2.14447614444444,46.4316904878049,100.341175942544,85.6975836809844,84.7388787557629
0.6537471,NA,NA,2022-12-07,164.3,24.5,0,1.32458333333333,21.5116666666667,0.227916666666667,0.96,341,0.6537471,42.9532281183245,100.202002653271,88.9797712909401,87.8607092126044
2.49738385526316,NA,NA,2022-12-08,160.7,22.45,0,1.2275,22.87125,0.23625,0.86,342,2.49738385526316,56.6753393003095,84.4626221597897,78.7315232641321,81.4510016153211
1.91452558695652,53.2901696969697,41.8261073055556,2022-12-09,160.9,22.75,0,1.11916666666667,22.9070833333333,0.236666666666667,1.09,343,1.91452558695652,41.8261073055556,53.2901696969697,53.2901696969697,53.2901696969697
1.45310546341463,NA,NA,2022-12-10,167.3,23.65,0,1.10125,22.86125,0.234583333333333,1.1,344,1.45310546341463,52.3474457498818,96.9177681523124,98.0241909596448,99.1771378186268
NA,NA,22.1871621081081,2022-12-11,90.9,20.95,7.776,1.21416666666667,22.2925,0.232083333333333,0.55,345,1.43642003584697,22.1871621081081,88.1368200756313,86.0667863695415,86.5565615759193
1.93044111111111,NA,NA,2022-12-12,99.6,20.55,0,1.20291666666667,21.435,0.232916666666667,0.7,346,1.93044111111111,37.0582697430318,91.8514914471913,85.6421942006655,87.2574113095949
0.906512282608696,NA,17.7022327073171,2022-12-13,161.1,21.7,0,1.3475,21.0920833333333,0.231666666666667,0.77,347,0.906512282608696,17.7022327073171,89.8566275911526,85.6439530950767,83.5197803707345
NA,NA,NA,2022-12-14,105.4,19.3,17.52,1.79833333333333,21.0316666666667,0.236666666666667,0.39,348,1.32628459083754,49.5260234341327,92.4616603312599,83.5152458263417,89.3638836931651
NA,NA,NA,2022-12-15,170.1,14.4,0,1.67333333333333,17.8004166666667,0.23,0.73,349,0.304329556105441,47.5543279406163,77.0483927618329,71.5377856822109,70.2969283133155
-0.145041791891892,NA,52.0888451111111,2022-12-16,168.4,14.45,0,1.35583333333333,15.9695833333333,0.23,0.87,350,-0.145041791891892,52.0888451111111,82.6270472396841,80.3125256069686,77.0701330529333
0.66292558974359,NA,41.6182520909091,2022-12-17,39.6,12.1,0,1.18458333333333,14.2683333333333,0.23,0.36,351,0.66292558974359,41.6182520909091,63.4998778828027,64.7480603173886,62.6126878458959
-0.383969632972973,NA,44.9003043783784,2022-12-18,171.7,9.75,0,0.891666666666667,11.4829166666667,0.23,0.61,352,-0.383969632972973,44.9003043783784,72.3583914252195,79.1528869360135,73.2184890178578
NA,NA,71.4471409523809,2022-12-19,71.1,9.95,22.128,0.990416666666667,11.0995833333333,0.222083333333333,0.37,353,0.638711079906635,71.4471409523809,66.2241660767483,66.2336044173491,67.5547363340292
NA,NA,NA,2022-12-20,58.3,11.4,0.864,1.32041666666667,10.7445833333333,0.177916666666667,0.29,354,0.427754567280119,47.1703711399532,76.466937264568,76.050294969214,75.4029827324919
NA,NA,NA,2022-12-21,106.4,10.3,0.24,1.15291666666667,10.8575,0.2,0.2,355,0.396012611852591,46.6962032673438,65.7003144105054,67.1696430354375,67.3273517293091
NA,NA,NA,2022-12-22,96.2,8,0.528,1.25666666666667,11.9216666666667,0.2,0.16,356,0.578632946495453,47.8613942696494,72.2041019574367,71.7806081797614,70.7948499220554
-0.958918181818182,NA,79.2906125,2022-12-23,163.7,-0.8,0,0.835416666666667,8.415,0.195,0.26,357,-0.958918181818182,79.2906125,82.4549238792265,95.746487101386,92.2896483474901
-0.581736045454545,NA,33.9465300227273,2022-12-24,154.4,-0.2,0,0.3875,2.92791666666667,0.19,0.36,358,-0.581736045454545,33.9465300227273,77.7121959105731,87.6499304172012,86.9338132993255
0.242986643478261,NA,23.7916897333333,2022-12-25,171.2,5.2,0,0.28,3.43375,0.19,0.49,359,0.242986643478261,23.7916897333333,83.8764403840068,88.1810218736229,83.2917562026143
-0.844137578947368,NA,NA,2022-12-26,160.9,8.35,0,0.409583333333333,5.35625,0.19,0.52,360,-0.844137578947368,34.2147761520677,79.2866551133647,91.883877554765,86.9556980907325
-0.118789658536585,NA,15.1486308641026,2022-12-27,113.6,11.55,0,0.59,7.91541666666667,0.19,0.53,361,-0.118789658536585,15.1486308641026,73.0030272676569,76.5762212919473,74.9629151288184
0.537125468085106,NA,6.96338495454545,2022-12-28,109.4,14.8,0.528,0.784166666666667,9.59958333333333,0.19,0.7,362,0.537125468085106,6.96338495454545,79.0127770790676,75.0514905851641,72.7059570453793
1.41431255609756,NA,21.74583675,2022-12-29,101.8,19.55,0.24,1.025,11.37875,0.19,1.01,363,1.41431255609756,21.74583675,99.2557544549637,92.8475937355277,82.0960143722418
NA,NA,NA,2022-12-30,76.7,16.45,34.176,1.375,14.3691666666667,0.18125,0.4,364,0.728103118746303,41.5908389994999,87.8813888092015,86.3468112579384,80.5995569141928
NA,NA,NA,2022-12-31,147.5,17.05,0,1.54291666666667,15.8970833333333,0.169583333333333,0.51,365,0.0469781903656274,41.7605609262057,85.8843411080563,86.1561364012974,78.6640354010555
NA,NA,NA,2023-01-01,159.8,15.85,0,1.45125,16.0254166666667,0.16625,0.36,1,0.504758224342746,60.2052488849409,55.6988195476189,53.2094765021829,55.4111687915803
NA,NA,NA,2023-01-02,155,22.3,0,1.44625,17.4833333333333,0.169583333333333,0.88,2,0.486438909886835,51.0626739797216,63.5317996981585,55.0040258634026,58.5832084422574
NA,NA,NA,2023-01-03,133,20.3,10.464,1.63916666666667,18.0220833333333,0.146666666666667,0.47,3,-0.0655423781148927,67.737887673327,66.8722092550009,62.0138987914821,63.650898346481
NA,NA,NA,2023-01-04,167.6,18.85,0,1.77458333333333,19.5754166666667,0.154166666666667,0.94,4,0.0313226147722757,55.4657387717673,62.1972824573125,53.2345892076791,58.4409255322628
NA,NA,46.5018175263158,2023-01-05,173.7,16.1,0,1.51333333333333,18.4833333333333,0.17,0.97,5,0.457986415996418,46.5018175263158,56.0276751806239,50.7694598531363,50.0809036632245
NA,NA,56.6043584454545,2023-01-06,166.7,13.3,0,1.33666666666667,17.2366666666667,0.17,0.89,6,0.72049952864924,56.6043584454545,52.4072419583104,49.0667509762624,52.8783084925085
0.797001824772727,NA,41.9548901818182,2023-01-07,170.4,17.95,0,1.33958333333333,16.8795833333333,0.17,0.97,7,0.797001824772727,41.9548901818182,58.4437290880854,56.657998891225,53.218184379878
NA,NA,NA,2023-01-08,85.4,14.35,5.76,1.32875,17.2641666666667,0.17,0.36,8,0.603560636589143,66.228437213638,59.9969458344685,56.4355927439755,58.5028295578141
NA,NA,NA,2023-01-09,161.2,13.35,0,1.13916666666667,16.34875,0.175833333333333,0.45,9,0.642125912268026,63.6937790625265,67.8968583686806,60.8388099960877,63.789102132168
1.45606642857143,NA,39.2169661794872,2023-01-10,172.5,16.45,0,1.14666666666667,15.9145833333333,0.18,0.72,10,1.45606642857143,39.2169661794872,62.6241966048002,57.2555405570342,61.1031662000378
2.19569476086957,NA,44.7497518444444,2023-01-11,170.8,21.15,0,1.23375,16.8608333333333,0.174166666666667,1.06,11,2.19569476086957,44.7497518444444,68.5158324348021,62.4199801440255,60.9002862691918
NA,45.2701977272727,88.5348477777778,2023-01-12,150.1,18.3,1.632,1.39041666666667,18.0275,0.170833333333333,0.62,12,0.629618576311042,88.5348477777778,45.2701977272727,45.2701977272727,45.2701977272727
NA,NA,NA,2023-01-13,171,7.65,0,0.803333333333333,14.3166666666667,0.18,0.5,13,0.306609478686877,71.1644340970661,67.6235750994052,62.7658542993444,66.1473954546286
NA,NA,NA,2023-01-14,180.1,8,0,0.343333333333333,10.6875,0.184583333333333,0.54,14,0.0969643569861477,71.5424307698685,60.3065968107834,55.7425089107445,61.6652075511427
NA,NA,NA,2023-01-15,161.9,11.55,0,0.433333333333333,11.4433333333333,0.19,0.55,15,0.319393000498677,67.1030552254334,60.3403769116814,53.7098370136638,59.4489140171762
NA,NA,NA,2023-01-16,176.8,17.65,0.192,0.781666666666667,12.7145833333333,0.178333333333333,0.8,16,0.434826515436635,52.1545565769605,68.9406415037207,60.3649967847349,64.5392798450023
NA,NA,NA,2023-01-17,165,22.45,0.24,1.16791666666667,15.0995833333333,0.157083333333333,0.86,17,-0.019948218953932,52.1219578277127,62.6172383027692,55.6371485654492,62.0671269007239
NA,NA,NA,2023-01-18,156.3,20.4,3.456,1.35875,17.4858333333333,0.164583333333333,0.54,18,0.58023552643471,61.4409084208666,55.1593278253526,52.5141547244104,53.4048968797334
NA,NA,NA,2023-01-19,159.5,18.8,0,1.44416666666667,19.1716666666667,0.17,1.05,19,0.543465380885914,54.3857942903579,68.9591629113504,61.2244416811346,67.5909138116066
NA,NA,NA,2023-01-20,143.3,13.15,0,1.21458333333333,16.8295833333333,0.17,0.69,20,0.716073919186182,61.6332845566483,54.0121169134039,50.4955276483066,54.4933189500447
NA,NA,NA,2023-01-21,117.3,17.6,0.864,1.11583333333333,14.4683333333333,0.17,0.57,21,0.448876584332341,58.9976846635568,59.6744565133977,51.8789656083111,57.636283746484
NA,NA,NA,2023-01-22,75.6,10.95,0.192,1.25041666666667,14.1841666666667,0.17,0.12,22,0.506707065941201,73.9108815523216,61.8357792485345,58.0181910551201,62.9203646527585
NA,NA,NA,2023-01-23,193.3,10.05,0,0.866666666666667,12.1466666666667,0.17,0.55,23,-0.0696588342144174,71.5821618385621,49.6523608772792,48.7130651606588,56.2649181595094
NA,NA,NA,2023-01-24,101.2,14.75,5.328,0.99125,12.3941666666667,0.171666666666667,0.63,24,0.459856200138003,63.7057784391005,54.4597650769699,46.9746404431591,55.5211003921698
NA,NA,NA,2023-01-25,171,11.8,0,1.23458333333333,13.64875,0.16875,0.31,25,0.447785193366524,67.0491645628966,55.8351251181149,55.2371767489445,59.2764387945895
NA,NA,NA,2023-01-26,175.7,10.95,0,0.713333333333333,11.8966666666667,0.17,0.6,26,0.00154758458753465,68.5882777830134,48.4917772906846,48.4712332316777,51.5952944463426
NA,NA,NA,2023-01-27,189.4,11.6,0,0.449166666666667,12.05875,0.177083333333333,0.64,27,0.128962805097292,71.1785584317532,54.0321803325391,52.2685855729036,58.8268471956093
NA,NA,NA,2023-01-28,170,17.25,0,0.6125,13.28,0.18,0.75,28,0.612959297843493,53.785087091372,63.566136425127,56.5864918172763,62.9506919969853
NA,NA,NA,2023-01-29,140.2,19.45,2.016,0.909583333333333,15.4016666666667,0.179166666666667,0.68,29,0.70810447395784,62.5637913909437,66.0848062891322,58.770178569677,66.6699892969356
NA,NA,NA,2023-01-30,177.9,23,0,1.05666666666667,18.92375,0.172083333333333,1.12,30,-0.024784294201681,54.3417855318834,71.0700537496298,66.795142996686,74.7910017311514
NA,NA,NA,2023-01-31,134.4,21.15,0,2.18,18.3795833333333,0.180833333333333,0.81,31,0.802866795119295,51.0238163656843,54.8527100549716,51.9198384228917,54.950540628632
NA,NA,NA,2023-02-01,162.3,16.15,0,2.56375,13.52,0.164583333333333,0.26,32,0.568268081239276,61.4610661518135,43.5506225849675,40.4437083299479,47.8582905979621
NA,NA,NA,2023-02-02,71.3,17.55,0.864,2.53291666666667,11.5841666666667,0.158333333333333,0.43,33,0.158172741356952,61.5966396099451,43.1664832052403,35.1139843051041,43.6764369237589
NA,NA,NA,2023-02-03,190.6,11.55,0,2.36958333333333,11.0579166666667,0.154166666666667,0.7,34,-0.077781257560494,66.6434302114877,27.2428988330968,26.7523629279256,35.3765441999751
NA,NA,NA,2023-02-04,191.5,13.95,0,1.97041666666667,11.0504166666667,0.15,0.67,35,-0.205521204650444,66.7855598428813,29.6824623664554,27.4042809055936,35.2945913388663
NA,NA,NA,2023-02-05,153.3,15.35,0,1.8875,12.4945833333333,0.159583333333333,0.89,36,0.255998760715443,57.3513342221316,39.1947231672275,34.5049577164147,39.7480531188551
NA,NA,NA,2023-02-06,203.7,16.95,0,1.97916666666667,12.7808333333333,0.16,0.84,37,0.299633856107614,54.2521463974409,33.3129775502485,34.6439418666468,37.2720707760939
NA,NA,NA,2023-02-07,175.4,21.05,0,2.20208333333333,12.81625,0.155416666666667,1.07,38,0.119425635975978,46.3009116002912,43.2923923311115,45.2985638008739,42.8593460540223
NA,NA,NA,2023-02-08,134,19.9,24.144,2.27333333333333,14.18375,0.149583333333333,0.75,39,0.169369880986076,52.1426551784585,54.9290537119358,47.100069267637,51.8192395660937
NA,NA,NA,2023-02-09,115.7,18.2,0,2.49583333333333,14.6916666666667,0.14,0.57,40,-0.109638868030233,62.2901608164398,52.5058467631681,44.9807600944094,56.426218236887
NA,NA,NA,2023-02-10,54.6,14.8,0.72,2.22666666666667,12.09125,0.142916666666667,0.5,41,-0.161501753202606,63.2876981730936,41.9464993279585,34.9053717012814,44.4658466614842
NA,NA,NA,2023-02-11,113.4,11.7,0.624,2.06541666666667,9.97291666666667,0.15,0.39,42,-0.127628453437868,72.0149615589473,44.2033673268842,36.0661426630898,44.634398758417
NA,NA,NA,2023-02-12,222.6,12.1,0,1.8475,9.63083333333333,0.15,0.91,43,-0.339858349070752,66.5876792310536,35.2821884477889,36.8185592504052,39.7592568861598
NA,NA,NA,2023-02-13,218.3,16.5,0,1.81708333333333,11.3370833333333,0.149166666666667,0.93,44,-0.362068963658335,62.0342809950284,34.5413709639462,36.3115109405658,42.6545877443323
NA,NA,NA,2023-02-14,203.3,18.95,0,2.02833333333333,13.205,0.142083333333333,0.74,45,-0.126316695483175,58.7517148941545,41.8373402163476,41.5305964215208,47.6655432369972
NA,NA,NA,2023-02-15,193.6,24.25,0,2.25083333333333,15.235,0.14,0.87,46,-0.545105201907867,53.2093452780942,47.4864765810075,53.7871188005251,65.5535044691197
NA,NA,NA,2023-02-16,150.6,19.4,5.232,2.39208333333333,16.32,0.141666666666667,0.43,47,-0.0316683862409917,61.2576689280414,57.1962863565197,54.4158843568291,56.8860809452989
NA,NA,NA,2023-02-17,188.8,8.75,0,2.2375,13.49875,0.140416666666667,0.44,48,-0.401283960765671,74.9101101598655,52.7892399695757,56.9587878081122,62.1076335318806
NA,NA,NA,2023-02-18,209.8,11.8,0,1.90166666666667,10.5108333333333,0.14,0.58,49,-0.588222976748044,73.3074196654404,46.482766739084,47.2929636342341,53.7367700282813
NA,NA,NA,2023-02-19,192.8,16.9,0,1.90083333333333,12.3241666666667,0.14,0.73,50,-0.309803668109454,61.449766709208,44.4410194980589,43.1954147649246,50.5483658556125
NA,NA,NA,2023-02-20,186.5,21.9,0,1.89708333333333,15.005,0.14,0.87,51,-0.537437064360188,59.3377167729615,55.7566662125631,58.9976579854819,70.3089242891516
NA,NA,NA,2023-02-21,221.8,23.1,0,1.91291666666667,18.0075,0.140416666666667,1.21,52,-0.827374138102828,63.1737077943672,65.0922613903338,74.5064810581529,82.6851980007196
NA,NA,NA,2023-02-22,224.3,23.85,0,2.09041666666667,19.0508333333333,0.140833333333333,1.25,53,-0.683856318235949,60.8992442127389,69.1192966895388,79.6600269704708,89.8750218337961
NA,NA,NA,2023-02-23,217.1,24.4,0,2.33,19.6133333333333,0.14,1.1,54,-0.92429708223317,58.9918446619787,68.1683739174604,79.2829611142524,92.9975525678284
NA,NA,NA,2023-02-24,219.8,18.95,0,2.27916666666667,19.4258333333333,0.143333333333333,0.43,55,-0.40182693947462,65.6420117736919,64.6067097771239,69.2736744837279,73.6977324175977
NA,NA,NA,2023-02-25,231.1,17.85,0,2.2225,19.1429166666667,0.14,0.36,56,-0.343795912312505,74.7560150008321,77.197432098808,71.8387969048486,77.6179164418848
NA,NA,NA,2023-02-26,233.3,20.65,0,2.16791666666667,18.95375,0.145,0.76,57,-0.319395259342057,65.1955758835113,61.6911074782638,57.305726716837,63.9063236425794
NA,NA,NA,2023-02-27,232.6,23.6,0,2.25416666666667,20.09625,0.149583333333333,1.09,58,-0.98207303373469,64.717679902605,75.4150490855199,79.8146674065131,90.2049495613264
NA,NA,NA,2023-02-28,234.1,21.8,0,2.07041666666667,20.7491666666667,0.15,0.74,59,-0.617896623658572,66.2288694509022,80.2505234361326,77.6375983156823,91.8772582592197
NA,NA,NA,2023-03-01,221.2,14.8,9.792,2.03541666666667,21.3695833333333,0.150833333333333,0,60,-0.553117416125643,79.1648258365253,82.6474759044062,77.1605338298408,80.9283321359799
NA,NA,NA,2023-03-02,222.1,24.3,0.288,2.17833333333333,21.6479166666667,0.159583333333333,1.12,61,-0.829150279613161,60.2268919101937,68.513862745672,86.0045486285217,93.1092373084789
NA,NA,NA,2023-03-03,238.1,21.7,0,2.48791666666667,21.6845833333333,0.159166666666667,0.95,62,-0.37610744790081,63.4608898385426,75.7863081374541,73.6935048528247,82.2988882976294
NA,NA,NA,2023-03-04,250.2,19.95,0,2.13625,19.5741666666667,0.159583333333333,1.12,63,-0.87704949215147,71.5471587681147,81.610794463268,85.5716384383906,92.9466316334312
NA,NA,NA,2023-03-05,257,21.55,0,1.95625,19.2129166666667,0.155416666666667,1.21,64,-1.42034914344798,83.5602623222538,90.1643514498491,93.866657882243,96.1716814913779
NA,NA,NA,2023-03-06,250.3,24.35,0,1.975,20.26,0.159166666666667,1.19,65,-1.41802243766034,71.4758625033959,86.8960269399317,89.8539196206983,99.2862277172465
NA,NA,NA,2023-03-07,219.4,23,0,1.81625,21.4120833333333,0.16,1.02,66,-0.978873365944753,64.4576556000657,76.1380522913639,85.0091072928196,94.0383175260078
NA,NA,NA,2023-03-08,235.1,23.6,0,1.83083333333333,21.4383333333333,0.16,1.16,67,-1.07743970554753,68.1456655928213,92.6660747437276,94.7537933971457,100.916320610962
NA,NA,NA,2023-03-09,246.3,24.4,0,1.27208333333333,22.3595833333333,0.16,1.14,68,-1.91440862119121,79.0454560447668,96.2572927038245,100.990434776292,100.354483625522
NA,NA,NA,2023-03-10,190.1,22.75,0.768,0.966666666666667,22.9408333333333,0.159583333333333,0.93,69,-1.00070499205337,77.8297341430989,97.6846909589213,97.8827751915208,101.862381085023
NA,NA,NA,2023-03-11,242.7,23.25,0,1.09375,22.5583333333333,0.159583333333333,0.96,70,-1.50299937363154,80.9812844296795,87.6034279193947,88.0564907758337,94.604855758985
NA,NA,NA,2023-03-12,201.4,21.45,0.24,1.52,23.4965217391304,0.16,0.75,71,-1.76924545906929,79.9809236859668,80.4110513504881,85.7920932189429,93.4318027607607
NA,NA,NA,2023-03-13,231.7,15.3,0,0.84,19.5891666666667,0.1575,0.63,72,-0.583528077321901,79.8276493228124,79.658480655164,80.3104070565483,82.9744041457443
NA,NA,NA,2023-03-14,153.6,14.05,0.144,0.503333333333333,15.6954166666667,0.149166666666667,0.72,73,-0.28583741213585,73.7555018019821,68.8199257824364,63.9047960499739,66.8523262878385
NA,NA,NA,2023-03-15,256.9,14.05,0,0.725,16.2758333333333,0.15,0.73,74,-0.96628408684015,89.6212540812887,69.4889903806112,74.2297025435923,73.7706665822049
NA,NA,NA,2023-03-16,269.8,18.75,0,1.18458333333333,17.9845833333333,0.1525,0.67,75,-1.21531519184168,118.139646084368,76.6684611441672,73.8594006629907,76.8185325102437
NA,NA,NA,2023-03-17,152.2,17.9,9.936,1.40166666666667,18.5641666666667,0.14875,0.39,76,-0.174587042499913,74.1281159348313,78.5627469661713,70.7222579369455,72.7530393166765
NA,NA,NA,2023-03-18,71.6,11.75,0,0.550416666666667,12.8275,0.14,0.63,77,-0.524218461231395,76.4455727623506,70.467935506731,66.7403105793849,70.9833136304338
NA,NA,NA,2023-03-19,195.9,8.95,0,0.347826086956522,10.955652173913,0.14,0.56,78,-0.901626037967547,81.5564018684054,72.7632164958252,69.8442182050127,76.0549272809723
NA,NA,NA,2023-03-20,271.4,8.75,0,0.253478260869565,10.4147826086957,0.142608695652174,0.59,79,-1.51075602757329,127.472980080394,70.6177565960276,71.5760500025225,73.8505498906453
NA,NA,NA,2023-03-21,143,15.35,0,0.799166666666667,13.4591666666667,0.15,0.65,80,-0.49055889147751,70.7234706086642,71.3937894445126,68.4485687937793,73.6910638097711
NA,NA,NA,2023-03-22,272,20.05,0,1.11625,17.4895833333333,0.15,0.81,81,-1.32855586890593,116.00673522615,78.082925740916,82.845833927212,80.8923986994208
NA,NA,NA,2023-03-23,270.4,22.95,0,1.24208333333333,21.2320833333333,0.15,1,82,-2.80573679673404,114.484849700961,99.5437820388307,97.6089254276402,100.927435125523
NA,NA,NA,2023-03-24,276.5,24.35,0,1.52666666666667,22.285,0.15125,0.94,83,-3.06813343965191,112.881004329742,89.3457034279523,87.2530382013386,93.0348342870274
NA,NA,NA,2023-03-25,254.6,26.35,0,1.62583333333333,23.8770833333333,0.150416666666667,1.36,84,-3.7114292725483,101.655609870222,107.179933592346,107.108977613286,109.244377914327
NA,NA,NA,2023-03-26,245.8,26.3,0.144,1.65541666666667,25.2416666666667,0.151666666666667,1.27,85,-4.27211992231244,103.625049257293,116.915809477193,115.095610135712,113.78996221335
NA,NA,NA,2023-03-27,218.7,25.9,1.488,1.66666666666667,25.1691666666667,0.15125,1.09,86,-3.76231332268954,101.080018578115,121.108386127205,120.834343170688,119.416044536295
NA,NA,NA,2023-03-28,193.3,21.3,0.72,1.34583333333333,24.6691666666667,0.15,0.63,87,-2.79718187704453,92.4428178377094,94.902590630329,98.6568274028577,103.735167955882
NA,NA,NA,2023-03-29,95,16.15,0.144,0.84375,19.2854166666667,0.14125,0.56,88,-1.21879131724741,76.6554041853234,92.2018610691767,93.3445127353914,98.470525552611
-6.66507060465116,NA,130.201014743182,2023-03-30,286.7,19.8,0,1.08458333333333,19.0883333333333,0.134583333333333,0.95,89,-6.66507060465116,130.201014743182,109.915598102941,113.28697280154,109.960654216329
-4.20243328888889,45.512692,61.5291018372093,2023-03-31,257.2,24.65,0,1.52791666666667,21.74375,0.147916666666667,0.98,90,-4.20243328888889,61.5291018372093,45.512692,45.512692,45.512692
-5.65814179545455,66.7098171428571,107.558384285714,2023-04-01,156.8,24.35,0,1.41166666666667,24.0895833333333,0.1425,1.02,91,-5.65814179545455,107.558384285714,66.7098171428571,66.7098171428571,66.7098171428571
-5.96928081818182,80.4955916666667,118.092711190476,2023-04-02,240.7,23.05,0,1.11125,24.6354166666667,0.14,1.07,92,-5.96928081818182,118.092711190476,80.4955916666667,80.4955916666667,80.4955916666667
-4.9917723125,74.8980577777778,108.193714958333,2023-04-03,291.7,26.45,0,1.56125,25.3375,0.149583333333333,1.09,93,-4.9917723125,108.193714958333,74.8980577777778,74.8980577777778,74.8980577777778
NA,NA,NA,2023-04-04,285.3,26.85,0,1.83625,26.08625,0.1575,1.16,94,-4.91233629076259,121.348267306937,131.766056986274,122.679032910362,128.497015097955
NA,NA,NA,2023-04-05,279.6,26.55,0,2.24708333333333,25.9575,0.168333333333333,1.1,95,-4.53318292547424,121.361943227806,115.091239213673,118.322221448503,121.518731153174
NA,NA,NA,2023-04-06,267.5,25.15,0,1.9425,26.6233333333333,0.150833333333333,0.9,96,-4.62817689258341,112.244726201006,132.384502953084,131.50452330636,133.463373784593
NA,NA,NA,2023-04-07,214.3,23.9,7.248,1.62791666666667,25.33625,0.148333333333333,0.38,97,-3.24194529349,85.3451354984431,129.772418517526,130.589280482609,130.708631474184
NA,NA,NA,2023-04-08,171.9,22.15,0.192,1.26375,23.7654166666667,0.145416666666667,0.44,98,-2.76020560455929,86.6387946317755,93.5978380702103,95.1822076428995,99.38914799137
NA,NA,NA,2023-04-09,125.8,17.75,0,0.984166666666667,21.83,0.14,0.31,99,-1.30173981349963,78.0701896513047,106.701126762462,104.301550659909,110.470916297625
NA,NA,NA,2023-04-10,241.1,20.55,0,1.00458333333333,20.53375,0.140416666666667,0.69,100,-1.93100935657252,72.1851934903045,93.2141659083812,99.4823938364062,105.395714631547
NA,NA,NA,2023-04-11,189.2,20.3,0.24,1.15666666666667,20.7316666666667,0.138333333333333,0.71,101,-1.42604983477504,63.2215684099566,109.692487479468,117.081361076612,117.405900940923
NA,NA,NA,2023-04-12,192,18.8,0.288,1.22583333333333,19.9908333333333,0.141666666666667,0.63,102,-1.43454035214323,68.3923850753417,82.9403408642863,90.7631442690751,95.8072315836478
NA,NA,NA,2023-04-13,279.9,19.8,0,1.29833333333333,19.6245833333333,0.1425,0.54,103,-2.72943635465313,118.298088647095,89.4890073621194,89.3413802393647,93.7151859111819
NA,NA,NA,2023-04-14,312.2,21.8,0,1.54333333333333,20.71875,0.147916666666667,0.83,104,-3.40873720559514,117.738059535044,95.9012220160386,87.3644288979957,95.1955305296593
NA,NA,NA,2023-04-15,171.1,22.6,22.944,1.71333333333333,21.6479166666667,0.145416666666667,0.59,105,-1.47643153025935,65.8009004207117,100.251163515031,94.7675583007137,105.413311167851
NA,NA,NA,2023-04-16,277.2,19.15,0,1.56166666666667,21.41,0.1325,0.52,106,-2.81370576299754,114.105534648538,113.606436366992,112.830740881306,117.274998028869
NA,NA,NA,2023-04-17,332.7,18.25,0,0.965833333333333,20.8754166666667,0.132916666666667,1.18,107,-3.8898166458183,149.371120768148,124.103884047461,125.812836935573,122.509221185449
NA,NA,NA,2023-04-18,299.3,19.45,0,0.985833333333333,20.745,0.13,0.98,108,-3.57864546884104,132.472169146752,126.382641931628,126.866629114073,124.266648947234
NA,NA,NA,2023-04-19,282.2,22.55,0,1.24416666666667,21.5458333333333,0.134583333333333,1,109,-3.50422911652534,116.905252617759,132.013655886103,130.20311284044,126.470194727722
NA,NA,NA,2023-04-20,319,23.55,0,1.48958333333333,23.1116666666667,0.139166666666667,0.93,110,-4.74372000080136,125.504181651995,120.34924382216,117.641516594837,116.319677614463
NA,NA,NA,2023-04-21,136.1,22.75,2.112,1.68375,23.41125,0.145833333333333,0.65,111,-2.33667992127885,80.8603914271535,95.7499538120754,100.727550546549,98.6545215598563
NA,NA,NA,2023-04-22,325.4,21.2,0,1.37833333333333,23.1183333333333,0.14,1.09,112,-4.46893982295343,141.268911084627,109.801762998426,109.465283976969,112.020504786794
NA,NA,NA,2023-04-23,290,21.65,0,1.2875,22.66875,0.149583333333333,1.11,113,-3.47773296778321,125.620424590416,108.892231814173,107.35738151258,108.54811634025
NA,NA,NA,2023-04-24,228.9,20.65,0,1.19458333333333,21.3679166666667,0.15,0.82,114,-1.7508255483097,71.3821161174882,93.8917163697925,100.430199329076,104.48965233717
NA,NA,NA,2023-04-25,287.7,22.3,0,1.28666666666667,21.6891666666667,0.15,1,115,-3.66659693306765,119.233209217032,102.433227607273,100.913949986057,100.985733327196
NA,NA,NA,2023-04-26,234.5,24.25,0.24,1.47625,23.6333333333333,0.15,0.92,116,-3.93499046940381,94.3285337485164,101.46262017905,96.7264276494115,96.6877274218562
NA,NA,NA,2023-04-27,243.8,24.25,3.312,1.55375,24.5304166666667,0.154583333333333,0.94,117,-4.26101316853235,97.6676548259346,103.936321695612,99.1825965861499,101.752153199084
NA,NA,NA,2023-04-28,332.2,24.6,0,1.38708333333333,25.0920833333333,0.1575,1.34,118,-5.70585073550442,142.141358877795,121.563187559741,116.535729646242,122.217286530242
NA,NA,NA,2023-04-29,243.1,21.65,5.088,1.35541666666667,24.4333333333333,0.152916666666667,0.76,119,-3.26559577728559,95.8923595542534,108.453212781103,108.287311257054,105.848641718051
NA,NA,NA,2023-04-30,334.9,21.95,0,0.81125,22.5429166666667,0.155416666666667,1.25,120,-4.04601047707879,150.64599501134,111.430404002926,105.837768607963,111.067616235931
NA,NA,NA,2023-05-01,367.8,22.85,0,0.510416666666667,23.2545833333333,0.16,1.14,121,-5.59027188689743,150.894842402497,109.060848014186,104.210215851526,103.115607949828
-8.35488443589744,NA,177.22842,2023-05-02,367.8,23.65,0,0.414583333333333,24.3125,0.150416666666667,1.22,122,-8.35488443589744,177.22842,109.625904671634,111.44977063579,110.242242083103
-8.99205263157895,NA,177.184771162791,2023-05-03,274.1,23.7,0,0.4925,25.4208333333333,0.15,1.36,123,-8.99205263157895,177.184771162791,126.054591727919,129.43778661885,130.240235827956
-5.53944780952381,78.5996034482759,158.052730235,2023-05-04,367.8,25,0,0.775833333333333,26.0970833333333,0.155833333333333,1.46,124,-5.53944780952381,158.052730235,78.5996034482759,78.5996034482759,78.5996034482759
-3.31631925348837,64.9120975609756,78.9165285583333,2023-05-05,275.1,26.05,0.72,1.14875,27.1116666666667,0.164166666666667,1.03,125,-3.31631925348837,78.9165285583333,64.9120975609756,64.9120975609756,64.9120975609756
NA,56.4091733333333,NA,2023-05-06,163.7,23.3,19.008,1.31458333333333,25.7433333333333,0.165833333333333,0.24,126,-2.85951390300959,85.3478194714029,56.4091733333333,56.4091733333333,56.4091733333333
-7.0192197173913,69.7354872340426,112.918990571429,2023-05-07,351.9,25.55,0,1.4125,24.8283333333333,0.168333333333333,0.87,127,-7.0192197173913,112.918990571429,69.7354872340426,69.7354872340426,69.7354872340426
-5.94801386363636,67.7124818181818,97.4942802619048,2023-05-08,191.3,26.45,0.24,1.48458333333333,25.9191666666667,0.17,0.81,128,-5.94801386363636,97.4942802619048,67.7124818181818,67.7124818181818,67.7124818181818
-6.65345207317073,70.5958125714286,108.659809395349,2023-05-09,249.5,26.05,5.52,1.55791666666667,26.55,0.17,0.78,129,-6.65345207317073,108.659809395349,70.5958125714286,70.5958125714286,70.5958125714286
-6.21430097777778,92.3487837209302,114.819434042553,2023-05-10,276.9,26.05,0.144,1.66875,26.7058333333333,0.16875,0.92,130,-6.21430097777778,114.819434042553,92.3487837209302,92.3487837209302,92.3487837209302
-7.2308997826087,99.913314893617,112.0582875,2023-05-11,359.9,27.2,0,1.89833333333333,27.5920833333333,0.17,1.02,131,-7.2308997826087,112.0582875,99.913314893617,99.913314893617,99.913314893617
-6.51170077083333,153.634645833333,113.749224893617,2023-05-12,357.3,27.65,0,1.9675,27.8383333333333,0.17,1.07,132,-6.51170077083333,113.749224893617,153.634645833333,153.634645833333,153.634645833333
-8.03738615909091,201.681466666667,141.227672913043,2023-05-13,368.2,27,2.496,1.88916666666667,27.72,0.170416666666667,0.86,133,-8.03738615909091,141.227672913043,201.681466666667,201.681466666667,201.681466666667
-7.66277372093023,218.562040909091,131.562263162791,2023-05-14,367.4,27.5,0,1.69375,27.8195833333333,0.17375,1.23,134,-7.66277372093023,131.562263162791,218.562040909091,218.562040909091,218.562040909091
-6.41608336842105,217.59891025641,144.195196863636,2023-05-15,311,28,1.584,1.20458333333333,27.7891666666667,0.17875,1.16,135,-6.41608336842105,144.195196863636,217.59891025641,217.59891025641,217.59891025641
-6.79608626666667,266.397161904762,163.269542409091,2023-05-16,334.5,27.85,0.144,0.91625,27.9379166666667,0.18,1.06,136,-6.79608626666667,163.269542409091,266.397161904762,266.397161904762,266.397161904762
-5.26621248837209,186.193029268293,127.2237355,2023-05-17,308.1,26.75,0.624,0.916666666666667,27.6679166666667,0.177916666666667,0.85,137,-5.26621248837209,127.2237355,186.193029268293,186.193029268293,186.193029268293
-5.5773018,197.022038636364,129.531927681818,2023-05-18,305.4,26.85,1.296,1.02875,27.8695833333333,0.179583333333333,0.97,138,-5.5773018,129.531927681818,197.022038636364,197.022038636364,197.022038636364
NA,NA,NA,2023-05-19,341.7,27.5,0,1.13625,28.245,0.179583333333333,1.07,139,-5.76866458756916,137.267942146001,194.607218117213,198.123913720193,194.411116758881
NA,NA,NA,2023-05-20,330.2,28.1,4.272,1.08875,28.1683333333333,0.18,1.2,140,-4.8835624197722,133.580305905774,200.202009977352,195.484536666101,195.049566160567
NA,NA,NA,2023-05-21,250.1,26.2,0.48,0.909583333333333,27.6983333333333,0.18,0.68,141,-3.70359925524465,97.0854165561499,185.264873758684,186.227708348923,185.692542832521
NA,NA,NA,2023-05-22,277.3,27.15,0,0.859583333333333,27.5158333333333,0.174583333333333,1.01,142,-4.88956344752543,125.38667316634,177.349032194935,184.659942589942,181.202882604737
NA,NA,NA,2023-05-23,235.5,26.6,0,0.952083333333333,27.8925,0.172916666666667,1.06,143,-4.35786219504979,111.212608285732,186.968807233977,187.843024307816,189.678037513598
NA,NA,NA,2023-05-24,293,25.5,0,0.893333333333333,27.4458333333333,0.1725,0.59,144,-4.67188236736876,124.520736762247,174.721535783245,173.77953305221,181.914877800574
NA,NA,NA,2023-05-25,241.7,25.2,0,0.964583333333333,26.4391666666667,0.170416666666667,0.81,145,-4.29888131789951,99.6416950501943,175.044379205884,171.315032006748,176.602211884185
NA,NA,NA,2023-05-26,379.7,25.45,0,1.18541666666667,26.8454166666667,0.173333333333333,1.1,146,-6.30411447615111,146.309145114502,174.769681085206,165.851721725381,177.272712485497
NA,NA,NA,2023-05-27,225.3,24.1,0,1.32958333333333,27.11875,0.17375,0.56,147,-3.42751675055795,89.9646297391505,181.868665472257,194.710443316266,194.008007858617
NA,NA,NA,2023-05-28,361.6,25.65,0,1.43041666666667,26.7433333333333,0.173333333333333,1.02,148,-6.32052407271486,131.720680721606,183.86957122879,174.617481719264,180.534469282482
NA,NA,NA,2023-05-29,310.8,26.4,0,1.36,26.1433333333333,0.17,1.2,149,-5.64437992310677,136.615579993323,195.549669431906,181.61863435556,184.151260987019
NA,NA,NA,2023-05-30,246.3,26.25,1.008,1.38583333333333,26.1116666666667,0.17,0.73,150,-4.15322128883987,94.5876401246756,186.518856375732,186.079271500459,188.220014070796
NA,NA,NA,2023-05-31,348.4,26.3,0,1.3725,26.3754166666667,0.17,1.08,151,-6.49221473723386,138.885387684308,190.213905276053,176.187473951351,183.185101080798
NA,NA,NA,2023-06-01,362,26.7,0.192,1.35666666666667,26.41625,0.17,0.92,152,-6.3087250809121,131.335323886016,181.373080451957,174.081224931754,177.734688838168
NA,NA,NA,2023-06-02,357.8,27.1,0,1.41166666666667,26.8991666666667,0.17,1.3,153,-6.21375543883413,137.507598684798,196.076220630709,184.585132833169,184.826866787665
NA,NA,NA,2023-06-03,321.6,27.75,0,1.4875,27.4775,0.172916666666667,1.36,154,-5.73398692117794,136.608358539556,200.167650767311,198.419036020547,189.01971883587
NA,NA,NA,2023-06-04,367.7,27.35,1.152,1.47083333333333,27.1966666666667,0.177916666666667,1.45,155,-5.44484084458059,133.411657983837,202.616950824442,194.391599810526,191.715288591566
NA,NA,NA,2023-06-05,347.7,26.35,0,1.49791666666667,27.2666666666667,0.17875,0.95,156,-5.74001542149481,126.167363544387,201.80051474007,194.525717677558,193.956472336924
NA,NA,NA,2023-06-06,272.2,26.05,6.288,1.55833333333333,27.0758333333333,0.18,0.72,157,-3.69016026713285,100.520913076999,182.494298135283,187.545706651803,183.96112339224
NA,NA,NA,2023-06-07,345.3,26.8,0.144,1.51416666666667,27.04,0.18,1.12,158,-5.6700521916517,130.42211048934,201.540504689644,190.276141454828,191.80011948012
NA,NA,NA,2023-06-08,327.5,28.1,6.048,1.45333333333333,26.88375,0.18,1.17,159,-4.91292860272771,122.646120915275,205.609759877044,194.662330550812,191.041178081651
NA,NA,NA,2023-06-09,361.5,28.95,0,1.36416666666667,26.7795833333333,0.18,1.39,160,-5.2607405775551,137.521452469854,188.988097720691,187.529979322869,179.201408547283
NA,NA,NA,2023-06-10,351.9,29.15,0.24,1.32333333333333,27.2216666666667,0.18,1.2,161,-5.27985627186463,133.538594505037,193.281504317919,193.984193404262,187.52884678247
NA,NA,NA,2023-06-11,354.1,29.45,0,1.32208333333333,27.5004166666667,0.181666666666667,1.31,162,-4.85511016362985,137.588422713388,195.074918596628,193.684849027583,186.27366188268
NA,NA,NA,2023-06-12,384.8,29.75,0,1.23291666666667,27.75125,0.184166666666667,1.38,163,-5.13147320027436,146.0212797188,187.929946124479,189.883745326117,180.280778984477
NA,NA,NA,2023-06-13,375.3,30.85,0.288,1.2875,28.45,0.187916666666667,1.47,164,-4.77409996277418,145.82923222457,202.631559453099,201.839138039657,192.787857283513
NA,NA,NA,2023-06-14,373.9,30.95,0,1.51625,30.1216666666667,0.18875,1.21,165,-4.46028476259993,142.344025416945,196.913669010534,190.809070698267,187.266606218951
NA,NA,NA,2023-06-15,348.3,30.9,0,1.61125,30.1516666666667,0.194166666666667,1.19,166,-4.03525913551919,138.081303608516,193.786648296102,186.420824320364,187.249892839608
NA,NA,NA,2023-06-16,371.4,30.55,0,1.555,29.5270833333333,0.199166666666667,1.21,167,-4.41672490393484,134.980376483767,193.581410461737,189.422545128164,188.901040382318
NA,NA,NA,2023-06-17,384.7,31.1,0,1.44541666666667,29.415,0.2,1.43,168,-3.96227042470076,139.8601954219,198.287693978058,190.475492300203,190.012766160028
NA,NA,NA,2023-06-18,294.5,31.6,0,1.39,29.60375,0.2,1.49,169,-3.56011693973298,131.375072012106,191.903135826386,185.618775553248,187.895011347163
NA,NA,NA,2023-06-19,384.6,29,1.248,1.49666666666667,29.995,0.2,1.11,170,-4.23474525104605,122.34757891962,173.79578126819,169.2282022985,168.418642303272
NA,NA,NA,2023-06-20,257.5,28.6,1.872,1.48875,28.56625,0.2,0.72,171,-3.299849687887,92.8001795124812,164.273691207486,165.029022656428,167.64560721338
NA,NA,NA,2023-06-21,276.2,29.4,0,1.39583333333333,27.3358333333333,0.20875,0.93,172,-3.60292751798432,106.414960493521,176.078798169649,169.102320996659,166.629219007074
NA,NA,NA,2023-06-22,272.1,29.3,5.568,1.31291666666667,27.3495833333333,0.20375,1.13,173,-3.09422602097662,106.575494602895,162.194731290926,164.826776630812,157.911391317538
NA,NA,NA,2023-06-23,283.9,28.5,0,1.18833333333333,27.12875,0.2,1.1,174,-3.85011339811106,116.782349895719,162.948292390363,167.332499737456,165.637650253151
NA,NA,NA,2023-06-24,327.4,29.5,7.584,1.06583333333333,27.53,0.199583333333333,1.12,175,-3.51677623689038,122.019897145617,162.456251536725,155.58374916429,155.716213405088
NA,NA,NA,2023-06-25,359.4,31,0,1.03458333333333,28.1495833333333,0.2,1.43,176,-2.75576320954974,138.859412444485,186.301945262411,179.58477760658,179.80884445535
NA,NA,NA,2023-06-26,351.5,30.05,0.576,0.93,28.1025,0.20375,1.04,177,-3.33093217118277,134.638201449591,164.004087729468,155.054688841442,154.911054632372
NA,NA,NA,2023-06-27,385.3,31.9,0,0.763333333333333,28.515,0.200416666666667,1.65,178,-2.4572752570096,129.328788324416,186.065794613189,182.083614881024,183.972037632672
NA,NA,NA,2023-06-28,368,32.35,0,0.634166666666667,29.125,0.19875,1.71,179,-2.39597979729569,128.988916541934,200.052006468041,192.574104905661,189.914901755745
NA,NA,NA,2023-06-29,347.2,31.7,3.456,0.570833333333333,29.7708333333333,0.199166666666667,1.56,180,-1.95351881104015,123.476964579895,190.976027998127,182.894211149687,186.715791062009
NA,NA,5.23766413513513,2023-06-30,387.4,31.05,0,0.722083333333333,30.22,0.199166666666667,1.53,181,-1.1168398547699,5.23766413513513,182.386092063212,176.756426578293,182.82784946592
1.8187261972973,NA,NA,2023-07-01,399.2,30.85,0,0.914166666666667,31.10875,0.200833333333333,1.57,182,1.8187261972973,129.36521770432,187.519108053338,172.834106472179,179.245625093356
NA,NA,0.873716444444445,2023-07-02,390.8,30.55,0,1.02,31.3375,0.200833333333333,1.42,183,-0.292822652995511,0.873716444444445,179.228093046684,170.624658495971,169.762780152911
2.58334094166667,NA,NA,2023-07-03,356.1,29.85,1.488,1.0925,30.9679166666667,0.20125,1.3,184,2.58334094166667,112.42072697293,160.109228535554,149.879794593024,146.898010232742
NA,NA,NA,2023-07-04,321.1,29.75,1.824,1.15666666666667,30.19,0.199583333333333,1.08,185,-2.02224192245966,101.883061725614,148.338979470023,152.828451865495,149.545436888292
NA,NA,NA,2023-07-05,292.2,29.85,1.248,1.1275,29.3816666666667,0.206666666666667,1.27,186,-1.93941426218448,102.480487794158,148.221376790719,144.998494276761,146.113043232491
NA,NA,-4.49019565789474,2023-07-06,313.3,29.7,0.336,1.04416666666667,28.8295833333333,0.218333333333333,1.36,187,-1.98389110154388,-4.49019565789474,154.436306150733,150.58699096481,161.914220940169
NA,NA,NA,2023-07-07,296.1,29.8,0,0.935416666666667,28.435,0.21875,1.12,188,-2.52664641684215,112.847141004549,147.501109839033,142.732923390098,141.88360129786
NA,NA,NA,2023-07-08,285.4,29.25,4.752,0.937083333333333,28.3733333333333,0.21875,1.25,189,-1.99839411888712,93.6795428026783,144.927338653546,141.267520812177,144.828260547094
NA,NA,NA,2023-07-09,280.2,29.4,3.744,0.986666666666667,28.3670833333333,0.21625,1.15,190,-2.31905126640845,100.328555046147,141.768098623742,141.428017030315,141.624937330603
NA,NA,NA,2023-07-10,283.9,30.15,3.936,0.9125,28.26375,0.219583333333333,1.33,191,-1.49120357300258,102.321282453694,151.397785143623,148.401449252562,149.224921310539
NA,NA,NA,2023-07-11,255.1,29.85,0.576,0.9125,28.53625,0.215416666666667,1.25,192,-1.99933029682599,100.491516706035,155.328615909968,150.753111376015,152.137722734016
NA,NA,NA,2023-07-12,292,29.85,2.016,0.9475,28.30125,0.22,1.13,193,-2.22114883047624,108.488938910427,141.74710455045,138.228512959571,139.664799894867
NA,NA,NA,2023-07-13,297.9,30.7,0,1.0275,28.5254166666667,0.22,1.32,194,-1.76492599412311,120.508389656222,164.224820421076,161.201481287729,165.148352536549
NA,NA,NA,2023-07-14,339.4,31.1,0,1.00208333333333,28.66,0.22,1.42,195,-1.82994573234288,129.882898307249,173.652341625533,164.577873939273,174.526290010386
NA,NA,NA,2023-07-15,375.5,31.4,0,0.91125,28.8420833333333,0.229583333333333,1.69,196,-1.4972655397519,133.428609848545,180.487949932172,176.443033954787,182.71450827131
NA,NA,NA,2023-07-16,353,29.95,4.128,0.83875,28.9620833333333,0.23,1.18,197,-2.29843677493898,114.142909103798,137.004231671393,139.545089978372,138.271988394031
NA,NA,NA,2023-07-17,346,29.9,0,0.7975,28.4125,0.23,1.33,198,-2.07452294298615,125.495096871789,147.17546824872,147.099636052235,148.868975319502
NA,NA,NA,2023-07-18,358.3,30.5,0.672,0.819166666666667,28.4808333333333,0.232083333333333,1.29,199,-1.86059981360708,127.174597365,146.34589133417,148.362819920232,154.117801045445
NA,NA,NA,2023-07-19,382.3,30.9,0,0.864583333333333,28.905,0.233333333333333,1.44,200,-1.89524272362914,135.304420363991,163.547697673279,155.733462387346,162.251116550287
NA,NA,NA,2023-07-20,391.5,31.5,0,0.90375,29.2983333333333,0.23875,1.65,201,-1.65940780200949,137.842413477251,160.453638983789,159.554879328841,160.895784599179
NA,NA,NA,2023-07-21,353.1,32.25,0,0.899583333333333,29.4391666666667,0.234583333333333,1.46,202,-1.67199946382298,137.400444118257,152.94866736254,151.86902840457,155.557591476039
NA,NA,NA,2023-07-22,334.2,29.45,7.824,0.856666666666667,29.2975,0.234166666666667,1.16,203,-2.20382169415045,114.285436772453,118.786077924708,119.355578074006,117.891924921886
NA,NA,NA,2023-07-23,204.8,27.65,4.896,0.850416666666667,28.6358333333333,0.23,0.94,204,-1.65083087702881,89.7710217731158,147.095552510457,148.056113217502,144.732541541167
NA,NA,NA,2023-07-24,321.2,29.45,0,0.867083333333333,28.48125,0.23,1.21,205,-2.49044573268559,123.261005185719,146.091071071426,144.492428877738,142.607800703433
NA,NA,NA,2023-07-25,383.9,29.95,0,0.835,28.1866666666667,0.23,1.39,206,-2.08358314843017,129.608629461358,154.74732367187,150.021859586867,150.38702217268
NA,NA,NA,2023-07-26,366.7,29.05,1.968,0.774166666666667,28.0841666666667,0.23,1.32,207,-2.05247298951376,118.193505176384,147.776150974169,146.56053009956,148.051709361701
NA,NA,NA,2023-07-27,350.2,28.25,1.968,0.79875,28.2429166666667,0.23,1.22,208,-2.60445682483419,128.959184087004,146.254650404202,144.405607684703,146.890694948173
NA,NA,NA,2023-07-28,362.9,29.35,0,0.835416666666667,28.2775,0.22625,1.46,209,-2.12842653501878,129.840372672117,166.726791605928,163.391420048779,162.754389531768
NA,NA,NA,2023-07-29,346.7,29.55,0,0.854583333333333,28.4270833333333,0.222916666666667,1.52,210,-2.15920068091964,132.879555767694,167.03016194165,164.630467341683,167.18713183461
NA,NA,NA,2023-07-30,331.4,29.7,0,0.791666666666667,28.70125,0.23,1.78,211,-1.84556418032925,128.820895810941,168.571815682318,165.331276216287,168.250557341232
NA,NA,NA,2023-07-31,332.4,31.2,0,0.766666666666667,29.2879166666667,0.23,1.78,212,-1.66865654735734,134.472121132119,176.417122706293,174.033657325049,183.711571985242
NA,NA,NA,2023-08-01,358.8,31.05,0,0.8375,29.9341666666667,0.23,1.57,213,-1.2617467871164,136.597280886131,173.502124141263,171.071708105756,179.215801018147
NA,NA,NA,2023-08-02,299.1,29.35,0,0.857916666666667,29.8916666666667,0.23,1.08,214,-2.39023477339913,113.744378146585,128.082328832221,130.943674612969,130.185416175849
NA,NA,NA,2023-08-03,358.8,30.65,0,0.824166666666667,29.61875,0.237916666666667,1.42,215,-1.7426163853922,133.226814881442,146.81404342422,145.534346442451,150.031101085419
NA,NA,NA,2023-08-04,353.5,30.85,0,0.83875,29.8554166666667,0.24,1.72,216,-1.32971455021692,135.985408948289,158.838861045542,160.50824837273,165.01993445266
NA,NA,NA,2023-08-05,347.8,31.1,0,0.794583333333333,29.8329166666667,0.240833333333333,1.76,217,-1.487634489061,136.59440270289,158.229981661268,157.571731094922,163.298584975318
NA,NA,NA,2023-08-06,354.4,31.3,0,0.737083333333333,29.75125,0.247916666666667,1.77,218,-1.41781221410648,134.779401203861,155.292833959645,158.329973996754,163.640741593467
NA,NA,NA,2023-08-07,359,31.5,0,0.771666666666667,29.65375,0.25,1.86,219,-1.51876223121469,134.651096916192,154.95317463368,156.522502356187,162.448804723915
NA,NA,NA,2023-08-08,332.6,31.7,0,0.7375,29.4745833333333,0.25,1.65,220,-1.53310985230496,133.396760748327,155.077442633262,156.305756260125,161.804327915973
NA,NA,NA,2023-08-09,354.7,31,0,0.82875,30.1241666666667,0.24625,1.47,221,-1.14676563974808,134.289327319217,149.010584490636,146.476864063221,149.616592058575
NA,NA,NA,2023-08-10,365.3,31.7,0,0.893913043478261,30.6583333333333,0.24875,1.7,222,-0.537857095728188,134.240350667315,157.738068786685,149.461093803007,160.360936338382
NA,NA,NA,2023-08-11,357.4,31.55,0,0.843333333333333,30.0183333333333,0.25,1.78,223,-1.22805686473652,134.682002544221,156.824519554754,156.689912205095,162.967506497233
NA,NA,NA,2023-08-12,353,31.85,0,0.772916666666667,29.4891666666667,0.242083333333333,1.87,224,-1.47724857473503,135.500146475693,155.324469922725,156.454096082838,162.148207626706
NA,NA,NA,2023-08-13,351.2,31.55,0,0.705833333333333,29.9475,0.2325,1.6,225,-1.27822950983371,136.910611760714,171.218752260526,168.923511639269,179.870573559208
NA,NA,NA,2023-08-14,348.6,32.1,0,0.655416666666667,30.0841666666667,0.231666666666667,1.83,226,-1.2999308315591,137.385910605822,185.837044182555,186.160004597523,190.511066809443
NA,NA,NA,2023-08-15,334.7,31.05,6.432,0.57125,29.9216666666667,0.23,1.61,227,-1.37429748784689,125.349667463452,180.514335499724,177.899923833426,180.023655281948
NA,NA,NA,2023-08-16,243.6,28.4,0,0.465416666666667,28.9354166666667,0.23,1.19,228,-1.75397731972195,100.867357369231,148.074786421722,152.927320342936,144.160773545183
NA,NA,NA,2023-08-17,358.6,30,0,0.545833333333333,28.6933333333333,0.231666666666667,1.6,229,-1.72442221088092,132.040439383816,179.164411474239,180.656745830619,176.887334797292
NA,NA,NA,2023-08-18,364.2,30.8,0,0.630833333333333,28.8775,0.239166666666667,1.99,230,-1.60424673860796,134.22688812863,170.826814211763,168.374955784141,170.883037042448
NA,NA,NA,2023-08-19,358.7,31.8,0,0.662083333333333,29.0858333333333,0.24,1.86,231,-1.5836321041253,134.197351982976,167.183251769542,168.584350422839,171.756142707088
NA,NA,NA,2023-08-20,345.7,32.1,0,0.72125,29.5620833333333,0.24,1.72,232,-1.58328438608721,135.766510810185,162.175489741473,164.224465213924,167.934331549758
NA,NA,NA,2023-08-21,291.1,30,3.696,0.984583333333333,30.3570833333333,0.240833333333333,1.04,233,-1.57722077706698,111.441714231579,114.612084452958,118.742525332546,115.941994872526
NA,NA,NA,2023-08-22,346.9,30.8,0,1.37166666666667,31.1691666666667,0.22625,1.77,234,-1.07076775678625,135.936563982571,218.063412663514,206.491639536562,212.380741410652
NA,NA,NA,2023-08-23,303,32.85,0,1.18708333333333,30.3158333333333,0.24,2.25,235,-0.88498980519214,131.287948595609,162.471525600393,157.467021004297,161.134354459125
NA,NA,NA,2023-08-24,338.8,31.4,0,1.06333333333333,30.18,0.25,1.64,236,-0.963305247384102,132.789141645206,160.36583086523,155.67519882274,161.202244348356
NA,NA,NA,2023-08-25,354.8,31.05,0,1.14125,30.8941666666667,0.2425,1.76,237,-0.25767821836651,133.046344372628,161.029865034385,150.849769223149,159.977478986259
NA,NA,NA,2023-08-26,349.3,32.6,0,1.0725,30.9766666666667,0.245,2.43,238,-0.318017720718369,133.406697569819,162.715408412963,153.873453346145,161.452398611283
NA,NA,NA,2023-08-27,346,32.6,5.952,0.883333333333333,29.5629166666667,0.2475,2.31,239,-1.40695987795395,126.987164373603,155.814797189122,159.231551933057,157.008007525388
NA,NA,NA,2023-08-28,296.5,29.8,6.768,0.85,29.03875,0.24625,1.18,240,-1.69695054702959,112.826908379018,115.221001906558,120.903615094787,118.1930694316
NA,NA,NA,2023-08-29,252.9,29.05,3.984,1.00291666666667,29.4979166666667,0.2475,1.26,241,-1.21063164802351,100.170265466636,119.369258427152,121.980646244655,121.198766493763
NA,NA,NA,2023-08-30,276.3,29,0,1.06125,29.6691666666667,0.245,1.61,242,-1.30766506387238,118.011275180106,144.035244100702,143.553057526763,140.077565252516
NA,NA,NA,2023-08-31,269.8,29.05,0,1.23791666666667,30.1270833333333,0.239166666666667,1.52,243,-1.01245348075264,116.970452922271,149.801381242766,147.622839855342,141.838792960636
NA,NA,NA,2023-09-01,226.7,29.25,3.696,1.40333333333333,30.4520833333333,0.2325,1.55,244,-0.882264020473185,105.232109205994,166.064093568983,159.771359749166,166.331875895787
NA,NA,NA,2023-09-02,206.4,28.95,3.84,1.32416666666667,29.2120833333333,0.237916666666667,1.1,245,-0.868438021033245,95.1591950108496,132.533191480414,131.988230278095,128.672959150641
NA,NA,NA,2023-09-03,236.1,28.9,0.672,1.36666666666667,28.2254166666667,0.24,1.19,246,-1.02609074540523,100.561019438683,127.576906242708,133.26944496904,129.750121064578
NA,NA,NA,2023-09-04,183.5,27.85,10.704,1.42791666666667,28.4929166666667,0.237083333333333,0.98,247,-0.80119255576708,90.0969182238343,141.734428620557,134.249891958518,128.839136880466
NA,NA,NA,2023-09-05,182.5,29.9,0,1.57,29.38,0.227083333333333,1.08,248,-1.57207054076117,103.850846209175,183.513395994678,186.986404027228,186.839678218843
NA,NA,NA,2023-09-06,272.5,30.1,0,1.43833333333333,27.6325,0.235833333333333,1.1,249,-2.03047210430224,114.674233105576,137.5610374436,136.514183898715,135.548833288566
NA,NA,NA,2023-09-07,295.3,30.15,10.08,1.38125,27.93125,0.2375,1.31,250,-1.39314039696498,113.923300402992,139.585881447194,139.818172437256,135.236504915909
NA,NA,NA,2023-09-08,270.6,29.6,0,1.28833333333333,27.0458333333333,0.226666666666667,0.81,251,-2.06053413146051,107.10054633647,184.709541329438,178.961233234649,169.08387752396
NA,NA,NA,2023-09-09,305.4,29.25,0,1.08916666666667,26.9225,0.220416666666667,1.23,252,-2.08819620553926,122.092105255223,175.082231729093,176.778585895134,171.959257217518
NA,NA,NA,2023-09-10,301.5,29.05,0,1.02625,27.1116666666667,0.222083333333333,1.3,253,-1.85779094504181,124.213264985557,172.842173932554,172.096439807159,169.214360129057
NA,NA,NA,2023-09-11,284.4,29.3,0,1.06833333333333,27.20875,0.227083333333333,1.29,254,-1.42671134710363,119.552521892763,166.058308452546,163.766929337355,164.546504545139
NA,NA,NA,2023-09-12,242.6,29.4,3.12,1.19125,28.0358333333333,0.23125,1.21,255,-1.04189048660101,104.364515180026,148.655228835713,156.626840222679,152.51704644418
-1.23908115,152.663161891892,124.068362307692,2023-09-13,253.2,30.1,0,1.12625,27.3983333333333,0.2225,1.38,256,-1.23908115,124.068362307692,152.663161891892,152.663161891892,152.663161891892
-3.38739310526316,159.622682352941,108.474424243243,2023-09-14,224.5,28.95,0,1.04083333333333,26.7683333333333,0.214583333333333,1.08,257,-3.38739310526316,108.474424243243,159.622682352941,159.622682352941,159.622682352941
-1.71154928571429,166.332202564103,97.257461745,2023-09-15,226.1,28.5,0,0.975,27.08875,0.219166666666667,1.1,258,-1.71154928571429,97.257461745,166.332202564103,166.332202564103,166.332202564103
-1.5565942195122,137.19078974359,NA,2023-09-16,209.5,30.4,0,0.937083333333333,27.1633333333333,0.22,1.39,259,-1.5565942195122,115.56281334526,137.19078974359,137.19078974359,137.19078974359
-2.01209909090909,152.098480952381,127.690170697674,2023-09-17,281.5,28.55,0,0.689166666666667,26.9483333333333,0.22,1.46,260,-2.01209909090909,127.690170697674,152.098480952381,152.098480952381,152.098480952381
-0.300800243902439,318.39763295,133.880104666667,2023-09-18,299.8,27.65,0,0.63625,26.3483333333333,0.2275,1.63,261,-0.300800243902439,133.880104666667,318.39763295,318.39763295,318.39763295
-0.800118837209302,101.5805,121.56724255814,2023-09-19,297.7,27.8,0,0.9025,27.2833333333333,0.239583333333333,1.16,262,-0.800118837209302,121.56724255814,101.5805,101.5805,101.5805
-2.73537511627907,105.897244117647,113.137120608696,2023-09-20,265.4,27.55,0,1.03541666666667,27.8758333333333,0.24375,0.99,263,-2.73537511627907,113.137120608696,105.897244117647,105.897244117647,105.897244117647
-0.944306511627907,136.589331034483,109.578987380952,2023-09-21,286.6,28.65,0,1.09708333333333,28.1683333333333,0.24375,1.23,264,-0.944306511627907,109.578987380952,136.589331034483,136.589331034483,136.589331034483
0.3949675,90.0859583333333,95.2582719565217,2023-09-22,271.6,29.1,0,1.19625,28.7045833333333,0.24,1.29,265,0.3949675,95.2582719565217,90.0859583333333,90.0859583333333,90.0859583333333
-1.10168255555556,68.53379375,100.498488175,2023-09-23,243,29.2,0,1.29,29.1066666666667,0.23875,1.27,266,-1.10168255555556,100.498488175,68.53379375,68.53379375,68.53379375
-0.628036368421053,31.4397775,107.226189777778,2023-09-24,280.3,29.35,0.768,1.35375,29.2079166666667,0.2425,0.99,267,-0.628036368421053,107.226189777778,31.4397775,31.4397775,31.4397775
2.17175044444444,NA,96.1892525,2023-09-25,208.9,28.85,7.872,1.30791666666667,28.835,0.244583333333333,1.16,268,2.17175044444444,96.1892525,125.60720981145,109.382634078505,105.299584469176
NA,NA,112.232443707317,2023-09-26,218.4,28.7,0,1.24375,28.0354166666667,0.2425,1.23,269,-0.612287450237198,112.232443707317,132.977587535706,121.172192410654,120.808221890472
-0.0851302558139534,55.5530294117647,114.042829919048,2023-09-27,253,27.45,0,1.17833333333333,27.61875,0.243333333333333,1.19,270,-0.0851302558139534,114.042829919048,55.5530294117647,55.5530294117647,55.5530294117647
-0.729299375,53.5321659090909,97.0713514130435,2023-09-28,209.6,26.7,0,1.30875,28.4104166666667,0.261666666666667,1,271,-0.729299375,97.0713514130435,53.5321659090909,53.5321659090909,53.5321659090909
-0.722174444444444,65.03092,93.6806836444444,2023-09-29,248.7,27.4,0,1.47291666666667,28.2695833333333,0.299583333333333,0.98,272,-0.722174444444444,93.6806836444444,65.03092,65.03092,65.03092
-3.75481527906977,62.94458025,120.201887793023,2023-09-30,259.3,27.65,0,1.56208333333333,27.9525,0.373333333333333,0.99,273,-3.75481527906977,120.201887793023,62.94458025,62.94458025,62.94458025
-3.79376854761905,69.8227512820513,122.822370425,2023-10-01,247.8,27.85,0,1.60375,27.6066666666667,0.345416666666667,1.06,274,-3.79376854761905,122.822370425,69.8227512820513,69.8227512820513,69.8227512820513
-2.93651177777778,75.5109966666667,95.9785958,2023-10-02,267.6,26.3,0,1.64458333333333,27.0933333333333,0.35125,1.1,275,-2.93651177777778,95.9785958,75.5109966666667,75.5109966666667,75.5109966666667
-2.79887377777778,76.787256097561,88.4178305906977,2023-10-03,208.5,27.75,0,1.77375,27.045,0.523333333333333,1.03,276,-2.79887377777778,88.4178305906977,76.787256097561,76.787256097561,76.787256097561
-2.96728590909091,89.2984,86.5540088636364,2023-10-04,268.4,27,0,1.9,26.87875,0.745,1.3,277,-2.96728590909091,86.5540088636364,89.2984,89.2984,89.2984
-1.6130702173913,89.2587051282051,64.8670978085106,2023-10-05,232.8,26.75,0,1.88583333333333,26.5608333333333,0.728333333333333,1.35,278,-1.6130702173913,64.8670978085106,89.2587051282051,89.2587051282051,89.2587051282051
-1.94457133333333,117.148299210526,73.9082064444444,2023-10-06,166.6,24.9,0,1.685,25.5729166666667,0.544166666666667,0.96,279,-1.94457133333333,73.9082064444444,117.148299210526,117.148299210526,117.148299210526
-1.0947669787234,191.367111111111,119.96156,2023-10-07,256.6,21,0,1.24166666666667,23.9283333333333,0.378333333333333,1.07,280,-1.0947669787234,119.96156,191.367111111111,191.367111111111,191.367111111111
-1.11138833333333,124.767795,92.67582,2023-10-08,272.5,20.3,0,1.005,21.635,0.335416666666667,1.23,281,-1.11138833333333,92.67582,124.767795,124.767795,124.767795
0.1146115,109.783121052632,72.6255835,2023-10-09,269.7,22.6,0,1.20708333333333,21.4291666666667,0.424166666666667,1.43,282,0.1146115,72.6255835,109.783121052632,109.783121052632,109.783121052632
-1.379875,58.5308794117647,35.1639294146341,2023-10-10,222.5,22,0,1.23833333333333,21.5920833333333,0.424166666666667,0.7,283,-1.379875,35.1639294146341,58.5308794117647,58.5308794117647,58.5308794117647
NA,NA,64.4593436956522,2023-10-11,50,19.25,9.696,1.115,20.6633333333333,0.378333333333333,0.3,284,1.22972108471931,64.4593436956522,95.216053933914,82.8697642624331,82.8977877992322
1.49160131914894,68.4669717948718,51.7525522916667,2023-10-12,225.9,19.8,0,1.0925,19.0945833333333,0.315416666666667,0.43,285,1.49160131914894,51.7525522916667,68.4669717948718,68.4669717948718,68.4669717948718
-2.56215554545455,105.873109666667,71.5887055714286,2023-10-13,237.5,24.2,0,1.47,20.9616666666667,1.33291666666667,0.92,286,-2.56215554545455,71.5887055714286,105.873109666667,105.873109666667,105.873109666667
-1.16858168292683,79.428604,103.280622162162,2023-10-14,223.5,21.35,0,1.46708333333333,21.8729166666667,1.94333333333333,0.93,287,-1.16858168292683,103.280622162162,79.428604,79.428604,79.428604
-0.636927541666667,76.8328769230769,72.9034675,2023-10-15,188,17.7,0,0.775,19.3875,0.590416666666667,0.91,288,-0.636927541666667,72.9034675,76.8328769230769,76.8328769230769,76.8328769230769
-1.87186669767442,58.6266790697674,82.473863195122,2023-10-16,201.2,17.45,0,0.272083333333333,17.8283333333333,0.34625,0.94,289,-1.87186669767442,82.473863195122,58.6266790697674,58.6266790697674,58.6266790697674
-0.617382659090909,64.5530082051282,66.164496923913,2023-10-17,256.6,18.35,0,0.399166666666667,17.6620833333333,0.339166666666667,1.14,290,-0.617382659090909,66.164496923913,64.5530082051282,64.5530082051282,64.5530082051282
-2.4331881025641,NA,55.8308511707317,2023-10-18,245.7,20.45,0,0.59875,17.8654166666667,0.3525,0.87,291,-2.4331881025641,55.8308511707317,79.0558050384012,84.671992002348,86.5123968372369
-2.28207097297297,NA,54.8873068974359,2023-10-19,185,24.1,0,0.82875,19.6533333333333,1.35958333333333,1.13,292,-2.28207097297297,54.8873068974359,105.712766304785,110.937710177612,112.875218546046
NA,NA,NA,2023-10-20,243.3,25.15,0,0.984583333333333,21.5025,3.07666666666667,1.32,293,-0.944728715979839,65.2725849836509,103.190315646128,108.034135164303,112.40014465441
NA,NA,NA,2023-10-21,246,24.35,0,1.00541666666667,22.3079166666667,3.66291666666667,1.47,294,-1.22245714860306,70.7172534474485,107.219899829391,109.736178480159,114.849165198495
NA,NA,NA,2023-10-22,212.2,26.4,0,1.03333333333333,22.7641666666667,3.90083333333333,1.47,295,-0.32811813949163,62.5103718910151,99.6290222901543,102.326050328642,109.436019308426
NA,NA,NA,2023-10-23,232.9,25.9,0,1.13791666666667,23.5479166666667,4.46916666666667,1.37,296,-0.257841080758554,65.7748621141565,96.6700946674395,96.1457058749221,105.137004409255
NA,56.8736333333333,NA,2023-10-24,222.7,27.15,0.768,1.36375,24.2229166666667,5.05041666666667,1.01,297,0.08299812356565,64.4800259938696,56.8736333333333,56.8736333333333,56.8736333333333
0.766716577777778,45.4727397555556,56.0352139130435,2023-10-25,172.3,25.95,0,1.6925,24.74125,5.40083333333333,0.94,298,0.766716577777778,56.0352139130435,45.4727397555556,45.4727397555556,45.4727397555556
0.185457523809524,67.9612224390244,49.0759547209302,2023-10-26,176.1,25.8,0,1.92,24.9533333333333,5.70875,0.94,299,0.185457523809524,49.0759547209302,67.9612224390244,67.9612224390244,67.9612224390244
0.348556651162791,48.7424923684211,42.3629857954545,2023-10-27,225.1,26.15,0,1.85375,24.3704166666667,5.14666666666667,1.01,300,0.348556651162791,42.3629857954545,48.7424923684211,48.7424923684211,48.7424923684211
0.0160057733333334,46.6169182857143,53.1567313953488,2023-10-28,223.8,26.95,0,1.69833333333333,23.92375,4.095,1.07,301,0.0160057733333334,53.1567313953488,46.6169182857143,46.6169182857143,46.6169182857143
-0.575088976190476,62.0035485714286,52.0639735853659,2023-10-29,226,26,0,1.68583333333333,23.9570833333333,3.98958333333333,1.05,302,-0.575088976190476,52.0639735853659,62.0035485714286,62.0035485714286,62.0035485714286
-2.65071779487179,103.05414137931,75.3836273170732,2023-10-30,172.9,18.85,0,1.50208333333333,23.5091666666667,3.65125,0.45,303,-2.65071779487179,75.3836273170732,103.05414137931,103.05414137931,103.05414137931
0.767756511627907,70.2323837209302,79.8702166666667,2023-10-31,43.7,11.65,0,0.631666666666667,18.3141666666667,2.65958333333333,0.63,304,0.767756511627907,79.8702166666667,70.2323837209302,70.2323837209302,70.2323837209302
-0.0217853913043478,41.3850473684211,79.2688116666667,2023-11-01,221.3,10.2,0,0.104,13.8891666666667,2.43041666666667,0.76,305,-0.0217853913043478,79.2688116666667,41.3850473684211,41.3850473684211,41.3850473684211
-0.470639404761905,49.952486744186,40.5168879111111,2023-11-02,159.8,13.2,0,0.321,14.1658333333333,2.33625,0.71,306,-0.470639404761905,40.5168879111111,49.952486744186,49.952486744186,49.952486744186
NA,37.3884628571429,51.6049921538462,2023-11-03,198.1,16.5,0,0.6,15.4995833333333,2.25583333333333,0.75,307,-0.504281137483729,51.6049921538462,37.3884628571429,37.3884628571429,37.3884628571429
-1.28455423684211,195.718194230769,48.5454198333333,2023-11-04,205,19.55,0,0.795,16.7066666666667,2.78125,0.97,308,-1.28455423684211,48.5454198333333,195.718194230769,195.718194230769,195.718194230769
-1.19641523076923,27.4525010344828,52.3974499756098,2023-11-05,203.3,20.65,0,0.92,17.90125,3.58958333333333,1.01,309,-1.19641523076923,52.3974499756098,27.4525010344828,27.4525010344828,27.4525010344828
-0.911767333333333,9.7923664,NA,2023-11-06,198.8,21.15,0,1.08833333333333,18.78,5.39791666666667,0.95,310,-0.911767333333333,47.9554634816178,9.7923664,9.7923664,9.7923664
-0.663310540540541,NA,41.7961621025641,2023-11-07,185.4,22.95,0,1.14583333333333,19.6416666666667,6.20291666666667,0.99,311,-0.663310540540541,41.7961621025641,73.3236111917101,78.4061230498852,81.3938988904974
-0.125964842105263,22.8287169230769,32.6208808292683,2023-11-08,184.1,22.75,0,1.27166666666667,20.5895833333333,6.495,0.77,312,-0.125964842105263,32.6208808292683,22.8287169230769,22.8287169230769,22.8287169230769
-0.377061743589744,63.551965625,27.75872675,2023-11-09,118.4,22.8,1.584,1.43666666666667,21.7604166666667,6.64916666666667,0.84,313,-0.377061743589744,27.75872675,63.551965625,63.551965625,63.551965625
1.79236155,NA,34.6577076923077,2023-11-10,77.7,20.05,1.488,1.31541666666667,21.9158333333333,6.28833333333333,0.41,314,1.79236155,34.6577076923077,81.4885216494904,73.2314465816686,75.162682115527
3.54880005139535,NA,26.1828979545455,2023-11-11,94.7,17.45,0.144,1.14958333333333,21.5254166666667,5.19333333333333,0.16,315,3.54880005139535,26.1828979545455,86.6799747473496,75.4566630264685,81.1883057373085
1.17775284090909,NA,20.68005,2023-11-12,58.4,17.85,0.24,1.00791666666667,20.5970833333333,4.33041666666667,0.3,316,1.17775284090909,20.68005,84.5624173556319,76.8147971988954,81.1291446890035
NA,NA,30.5507777777778,2023-11-13,39.4,15.5,7.248,0.922083333333333,19.7233333333333,3.8325,0.18,317,1.12358766724059,30.5507777777778,76.8129856686513,65.8397486482863,70.6733237945042
NA,NA,NA,2023-11-14,43.5,15.45,1.584,0.905416666666667,18.4454166666667,3.27958333333333,0.14,318,1.15726600554335,48.6147913838653,58.999484065884,51.3047417384199,56.5212967411593
NA,NA,NA,2023-11-15,37.8,15.9,0.816,0.86,17.73625,2.98416666666667,0.31,319,0.892782975384569,44.536720951251,58.0636803409715,48.6085025975743,51.982135496079
NA,NA,NA,2023-11-16,109.7,17.7,0,0.839166666666667,17.95125,2.66375,0.33,320,0.662529762532633,41.1172030276297,60.7385425335661,47.9719398153218,49.7900503424026
NA,NA,NA,2023-11-17,102.6,20.4,0,1.11,18.8316666666667,4.62833333333333,0.71,321,0.873887731228454,31.7126745947569,45.181711992068,41.9118757175703,45.5228784009533
NA,NA,NA,2023-11-18,180.5,18.6,0,1.03208333333333,19.56,4.7525,0.46,322,-0.0496155664292985,42.0742468110947,74.2158612017549,64.057837272886,71.8596615166024
NA,NA,NA,2023-11-19,185.4,18.5,0,0.884166666666667,19.0229166666667,3.07166666666667,0.81,323,-0.260124869303678,44.4482878515509,70.1148092401542,56.8543264934084,60.7719673536962
NA,NA,NA,2023-11-20,148.1,22.5,4.752,1.07166666666667,19.3604166666667,4.47875,0.79,324,1.11579892193594,37.714152638938,64.5605766511069,52.6936463235628,56.8479100297924
NA,NA,NA,2023-11-21,132.3,16.15,0,1.10125,20.3191666666667,5.88125,0.12,325,1.02362883213196,46.9714561342946,76.0167213823334,70.2307162521919,73.0787592611785
NA,NA,NA,2023-11-22,146.6,13.15,0,0.369166666666667,17.3854166666667,2.86333333333333,0.55,326,0.177741574063826,51.4762809106862,44.4216722849354,42.0295626817461,46.3395067512747
NA,NA,NA,2023-11-23,44.1,11.4,0.288,0.442916666666667,16.1470833333333,2.46041666666667,0.29,327,0.453653237481911,50.1549550299407,43.4865276228447,40.8395192379535,46.6189269846761
NA,NA,NA,2023-11-24,68,13.2,0.144,0.655833333333333,16.2179166666667,3.94625,0.31,328,0.675941662646912,50.0162744537354,43.8817509668804,39.0550352830362,44.4910045888147
NA,NA,NA,2023-11-25,104.5,14.55,7.632,0.67375,15.9179166666667,3.63166666666667,0.48,329,0.97156638840138,45.6640593344018,44.4646442065041,39.9851052223787,42.8815462666302
NA,NA,NA,2023-11-26,59.4,13.55,0.48,0.925833333333333,16.9729166666667,5.15583333333333,0.36,330,0.848996872453391,47.1961181518661,47.0292356145302,44.2386311673482,46.7881311270296
0.547071729166667,27.7776084090909,59.6469986956522,2023-11-27,152.7,10.3,0,0.59625,15.0129166666667,2.90083333333333,0.49,331,0.547071729166667,59.6469986956522,27.7776084090909,27.7776084090909,27.7776084090909
-1.45228154545455,39.2554294594595,46.2702938095238,2023-11-28,179.3,10.15,0,0.47125,13.5841666666667,2.24666666666667,0.65,332,-1.45228154545455,46.2702938095238,39.2554294594595,39.2554294594595,39.2554294594595
-0.229115717948718,57.5467010810811,NA,2023-11-29,167.2,12.45,0,0.545833333333333,13.0995833333333,2.13666666666667,0.6,333,-0.229115717948718,47.3069264363956,57.5467010810811,57.5467010810811,57.5467010810811
1.68616695121951,45.9710970588235,23.2178826086957,2023-11-30,53.3,16.85,4.704,0.825416666666667,13.6220833333333,5.0425,0.59,334,1.68616695121951,23.2178826086957,45.9710970588235,45.9710970588235,45.9710970588235
0.477365214285714,45.042804516129,28.7859433333333,2023-12-01,104.3,21.15,41.76,1.27125,15.135,8.48208333333333,0.84,335,0.477365214285714,28.7859433333333,45.042804516129,45.042804516129,45.042804516129
NA,NA,NA,2023-12-02,108.4,20.7,5.712,1.59375,17.0220833333333,7.3625,0.58,336,1.36189953411924,40.3172280660955,47.9221059933533,43.3242166034952,44.1481653011758
1.63493164285714,40.6579766666667,37.3661538636364,2023-12-03,125.5,19.95,0,1.42583333333333,19.7129166666667,4.35208333333333,0.78,337,1.63493164285714,37.3661538636364,40.6579766666667,40.6579766666667,40.6579766666667
1.51937794166667,37.7335006896552,52.8422958333333,2023-12-04,157.8,16.7,0,1.10666666666667,18.4866666666667,3.36166666666667,0.72,338,1.51937794166667,52.8422958333333,37.7335006896552,37.7335006896552,37.7335006896552
NA,19.3581807692308,NA,2023-12-05,157.8,15.15,0,0.699583333333333,16.5175,2.65291666666667,0.75,339,0.501907729551641,42.268541139372,19.3581807692308,19.3581807692308,19.3581807692308
-0.0536785500000001,41.4933394242424,43.6503795641026,2023-12-06,166.8,10.6,0,0.23375,14.86875,2.39083333333333,0.55,340,-0.0536785500000001,43.6503795641026,41.4933394242424,41.4933394242424,41.4933394242424
-0.571336325,35.5112446875,NA,2023-12-07,138,13,0,0.289583333333333,14.1679166666667,2.36041666666667,0.6,341,-0.571336325,41.618599278,35.5112446875,35.5112446875,35.5112446875
0.781934145,25.32052,14.3902215789474,2023-12-08,113.1,19.2,0.576,0.5825,14.7266666666667,1.96916666666667,0.65,342,0.781934145,14.3902215789474,25.32052,25.32052,25.32052
1.90255378142857,14.8635508,27.4404412820513,2023-12-09,143.6,21,6.288,0.806666666666667,16.2941666666667,4.6575,0.71,343,1.90255378142857,27.4404412820513,14.8635508,14.8635508,14.8635508
2.172976,27.17512,87.6108470454545,2023-12-10,133.7,11.3,0,0.546666666666667,16.30375,3.62125,0.38,344,2.172976,87.6108470454545,27.17512,27.17512,27.17512
0.131959692682927,78.2527735294118,39.6343366046512,2023-12-11,175.4,11.5,0,0.14,12.8975,2.24291666666667,0.69,345,0.131959692682927,39.6343366046512,78.2527735294118,78.2527735294118,78.2527735294118
1.28674797297297,136.997041176471,NA,2023-12-12,161.7,13.25,0,0.310833333333333,12.6416666666667,1.92833333333333,0.68,346,1.28674797297297,40.2339901727115,136.997041176471,136.997041176471,136.997041176471
0.0755177446808511,77.3216391891892,35.6905566666667,2023-12-13,140.3,12.8,0,0.31875,12.86375,2.06791666666667,0.65,347,0.0755177446808511,35.6905566666667,77.3216391891892,77.3216391891892,77.3216391891892
NA,NA,NA,2023-12-14,135.4,14.3,0,0.372083333333333,13.2633333333333,1.94583333333333,0.52,348,0.256287232955576,41.4475505810566,72.2211396342774,75.9520216291337,75.1691631252197
NA,NA,NA,2023-12-15,134.3,15.35,0,0.669583333333333,13.3858333333333,3.64125,0.52,349,0.43268563017282,43.8147413507559,53.3110018149024,52.288502491782,53.4063063608388
NA,NA,NA,2023-12-16,92,15.3,12.768,1.02875,14.19625,6.80958333333333,0.33,350,1.11084073937068,40.8281413505902,58.7399641976235,56.021728215231,59.3220386296478
NA,NA,NA,2023-12-17,144.1,13.05,0,0.772916666666667,14.7858333333333,3.41166666666667,0.46,351,0.376491583135204,48.3332555906528,55.9173972582691,52.5766244143365,57.5858055454481
NA,NA,NA,2023-12-18,168.7,15,0,0.5725,14.0345833333333,2.98958333333333,0.87,352,0.0374682833238579,41.1806198607735,64.0179708487367,60.2001098316755,58.8040098068052
NA,NA,NA,2023-12-19,171.3,10.2,0,0.37625,13.0416666666667,2.76708333333333,0.58,353,-0.0768639715140685,46.2138091671704,66.0198194600007,67.0834160431889,63.687436127172
NA,NA,NA,2023-12-20,130.2,12.05,0,0.497916666666667,12.3129166666667,2.36833333333333,0.66,354,0.110105353899921,42.0488109034329,57.9242730794637,58.9097054334487,58.1797970752869
NA,NA,NA,2023-12-21,149.4,14.05,0,0.555833333333333,13.1954166666667,2.14875,0.58,355,0.199752778974788,44.3238697178095,66.4024589593931,67.513401058562,66.5518366379235
NA,NA,NA,2023-12-22,142.8,17.25,0,0.712083333333333,14.8166666666667,3.46416666666667,0.75,356,0.590129799415716,34.778523591456,49.0080073637167,46.5431717701987,49.5913154318253
NA,NA,NA,2023-12-23,156.3,17.9,1.392,0.809583333333333,15.89375,4.92541666666667,0.83,357,0.996722041944164,37.3866615432958,53.2315839615315,49.7644787363735,52.5575325982306
NA,NA,NA,2023-12-24,71,17.5,29.856,1.22291666666667,16.35375,6.28416666666667,0.43,358,1.13561844899858,37.8640695768495,58.7841960414234,55.3459483245437,58.4285864743689
NA,NA,NA,2023-12-25,149.6,13.85,0,1.65833333333333,16.4054166666667,6.44916666666667,0.27,359,0.761258229980231,55.6015639478437,59.4224943441684,53.0974216637363,57.0550514750519
NA,NA,NA,2023-12-26,155.4,12.15,0,1.17166666666667,14.7608333333333,4.16833333333333,0.36,360,0.697493645252214,50.0263658948376,57.5219629947035,53.5622575048922,58.3641012879446
NA,NA,NA,2023-12-27,141,13.15,0,1.1175,14.5095833333333,3.28875,0.51,361,0.508319529331631,44.4149005284812,54.0547049602211,51.8299868019445,53.6289369453544
NA,NA,NA,2023-12-28,170.4,9.65,0,0.71875,13.1004166666667,3.13583333333333,0.48,362,-0.0245139983999287,46.3398930562389,63.806590622242,64.0004835388803,61.0939203031937
NA,NA,NA,2023-12-29,163.4,8.5,0,0.186666666666667,10.5116666666667,2.51541666666667,0.54,363,-0.0159620964933529,41.2009433943497,67.0719556411218,68.2663018460426,64.8192944059192
NA,NA,NA,2023-12-30,172.4,10.05,0,0.12,11.0354166666667,2.41083333333333,0.68,364,-0.0710445173829459,39.002196511424,69.0662635256197,71.5179154550675,66.4430003825024
NA,NA,NA,2023-12-31,145.2,12.5,0,0.133809523809524,11.8320833333333,2.34125,0.75,365,0.21221685190899,36.9783925860048,61.9241081929432,63.573792351529,64.0267459793407
